County,Year-Month,Precipitation,Avg Rel Hum (%),Avg Wind Speed (mph),Wind Run (miles),windeventcount,Avg Soil Temp (F),AQI_PM25,AQI_PM10,FIRE_Acres_Burned,fungicide_lbs_prd_used,rodent_lbs_prd_used,rate_per_100k,log1p_rate_per_100k,log1p_diff_rate_per_100k
Fresno,2001-01-01,1.65,80.66881720430108,4.135089605734767,3055.316666666667,0.5,47.96848694316436,114.5,58.0,,18077.0509,36543.63,0.3689941588224658,0.31407627954955825,
Fresno,2001-02-01,1.405,77.18694885361552,5.010119047619047,3367.65,1.1666666666666667,50.15892857142857,86.0,20.0,,42439.2841,45532.6519,0.0,0.0,-0.31407627954955825
Fresno,2001-03-01,1.12,71.83225806451613,4.940860215053763,3676.616666666667,0.8333333333333334,57.800322580645165,68.0,40.0,,138455.3561,67811.0935,0.0,0.0,0.0
Fresno,2001-04-01,0.6699999999999999,60.1520202020202,5.575386473429951,3880.95,0.3333333333333333,60.41100966183575,52.5,31.5,,92001.9361,29471.3377,0.1229980529408219,0.11600194195321975,0.11600194195321975
Fresno,2001-05-01,0.4433333333333333,38.95555555555555,6.362903225806452,4735.7,1.5,70.42297491039426,56.5,47.0,,111242.7386,90223.1172,0.1229980529408219,0.11600194195321975,0.0
Fresno,2001-06-01,0.0,37.73946360153257,6.357777777777778,4574.583333333333,1.5,74.40833333333333,47.0,33.0,,43903.9317,1063.2554,0.0,0.0,-0.11600194195321975
Fresno,2001-07-01,0.0816666666666666,50.07882547559967,5.259139784946236,3912.566666666667,0.0,77.76344086021506,53.0,35.0,,25008.5078,436.73,0.4919922117632878,0.40011228177014846,0.40011228177014846
Fresno,2001-08-01,0.0,50.0,5.070967741935484,3770.433333333333,0.0,77.48924731182795,53.0,36.0,,8556.8098,1202.553,0.7379883176449317,0.552728305097325,0.1526160233271765
Fresno,2001-09-01,0.0033333333333333,49.913390196436175,5.206206896551724,3083.2666666666664,0.1666666666666666,74.16772030651342,60.0,46.5,,4125.004,3098.2578,0.6149902647041098,0.4793289286094603,-0.07339937648786465
Fresno,2001-10-01,0.1933333333333333,56.774193548387096,4.08225806451613,3037.9500000000003,0.0,67.59435854653319,70.5,56.0,,2284.2348,3975.05,2.090966899993973,1.1284839545821197,0.6491550259726594
Fresno,2001-11-01,1.4933333333333334,81.29444444444444,3.7688888888888887,2711.9666666666667,0.3333333333333333,60.19722222222222,127.0,61.5,,2020.622,5466.0025,1.9679688470531511,1.0878778289741553,-0.040606125607964394
Fresno,2001-12-01,1.6566666666666665,88.87455197132617,4.725806451612903,3514.1666666666665,0.8333333333333334,52.13992969396195,89.0,23.0,,4217.1127,882.0,0.2459961058816439,0.21993529506474674,-0.8679425339094086
Fresno,2002-01-01,0.61,87.53225806451614,3.873815213062525,2799.183333333333,0.1666666666666666,50.46258064516129,118.0,45.0,,25805.4429,2563.5,0.843615398150313,0.6117285340479919,0.39179323898324514
Fresno,2002-02-01,0.11,74.72548558897243,4.188369360902255,2425.0333333333333,0.5,52.335297980528246,86.0,57.5,,29663.1981,1759.3987,0.2410329709000894,0.2159440738792885,-0.3957844601687034
Fresno,2002-03-01,0.8666666666666667,63.392473118279575,5.461827956989247,4064.433333333333,1.6666666666666667,55.24412186379928,60.0,25.0,,84084.0178,6951.9348,0.7230989127002683,0.544124363153003,0.32818028927371456
Fresno,2002-04-01,0.2266666666666666,57.92222222222222,6.097777777777778,4390.533333333334,0.8333333333333334,63.28888888888889,38.0,30.0,,62797.8476,2769.5649,0.6025824272502236,0.4716163451514743,-0.07250801800152873
Fresno,2002-05-01,0.2583333333333333,45.41254480286739,6.401075268817205,4762.983333333334,0.6666666666666666,67.07385304659498,44.0,23.0,,44938.9478,9736.4326,0.6025824272502236,0.4716163451514743,0.0
Fresno,2002-06-01,0.0,43.333333333333336,6.462222222222223,4652.666666666667,1.5,74.23402777777778,44.0,31.0,,27228.4364,3228.7026,1.5667143108505814,0.9426266026883019,0.47101025753682757
Fresno,2002-07-01,0.0,46.17204301075268,5.261827956989247,3913.2833333333338,0.0,78.53505376344086,55.0,41.0,,18597.2077,2633.8064,0.7230989127002683,0.544124363153003,-0.39850223953529884
Fresno,2002-08-01,0.0,49.973118279569896,4.721505376344086,3512.35,0.0,75.97753882915173,69.0,50.0,,13401.4768,5050.7062,1.4461978254005363,0.8945349111003014,0.3504105479472983
Fresno,2002-09-01,0.0,46.55555555555555,4.587777777777777,3301.9166666666665,0.0,72.18440170940171,58.0,56.5,,2175.9451,2437.655,0.7230989127002683,0.544124363153003,-0.3504105479472983
Fresno,2002-10-01,0.0,55.62903225806452,3.8618279569892473,2872.2666666666664,0.3333333333333333,64.22096774193548,73.0,59.0,,793.9139,17207.7119,0.4820659418001788,0.3934370210258368,-0.15068734212716628
Fresno,2002-11-01,1.0,74.41379310344827,3.545555555555556,2553.7166666666667,0.5,56.93111111111111,143.5,64.0,,1129.833,5074.255,0.3615494563501341,0.308623357371051,-0.08481366365478576
Fresno,2002-12-01,1.7466666666666668,86.03225806451614,4.353763440860215,3239.633333333333,1.1666666666666667,51.88494623655914,84.0,35.0,,5724.4683,2407.4,0.4820659418001788,0.3934370210258368,0.08481366365478576
Fresno,2003-01-01,0.3916666666666666,95.30645161290325,3.1763440860215053,2362.2666666666664,0.0,52.78225806451613,105.0,39.0,,23748.998,7713.8356,0.4721474327573527,0.38672217341439613,-0.006714847611440644
Fresno,2003-02-01,1.38,78.75595238095238,4.11904761904762,2767.083333333333,0.1666666666666666,52.9625,88.0,21.5,,50855.6277,16511.588,0.1180368581893381,0.11157434215847238,-0.27514783125592374
Fresno,2003-03-01,0.695,67.04041527623285,5.266666666666667,3920.1166666666654,2.1666666666666665,57.47150537634408,58.0,29.0,,103737.8833,5855.1778,0.4721474327573527,0.38672217341439613,0.27514783125592374
Fresno,2003-04-01,1.25,63.86111111111111,5.835555555555556,4199.849999999999,0.3333333333333333,60.587222222222216,35.0,15.0,,60453.839,716.04,0.590184290946691,0.46384991577130963,0.0771277423569135
Fresno,2003-05-01,0.665,52.89784946236559,6.024731182795699,4483.8,0.6666666666666666,67.04086021505377,50.0,36.0,,40854.7392,4932.3377,0.8262580073253674,0.602269068645572,0.13841915287426232
Fresno,2003-06-01,0.0,46.144444444444446,5.86888888888889,4225.683333333333,0.0,74.3472030651341,50.0,34.5,,12266.7407,6819.0124,0.8262580073253674,0.602269068645572,0.0
Fresno,2003-07-01,0.0,42.39641577060931,5.09247311827957,3788.4166666666665,0.0,78.67956989247311,56.0,40.0,,18057.0409,7743.562,0.7082211491360292,0.5354525654016503,-0.06681650324392163
Fresno,2003-08-01,0.0,50.97849462365591,5.351075268817205,3981.9,0.0,78.36559139784946,50.0,43.0,,42610.0346,6459.6693,2.242700305597426,1.176406410349784,0.6409538449481337
Fresno,2003-09-01,0.0,48.6,4.728888888888888,3402.5333333333333,0.0,75.15333333333332,56.0,63.0,,7130.2569,1435.2464,1.4164422982720584,0.882296333794059,-0.29411007655572496
Fresno,2003-10-01,0.0916666666666666,49.6399917287014,4.013341298287535,2935.816666666667,0.3333333333333333,68.08335483870967,66.0,60.0,,2884.3817,47923.8394,3.0689583129227933,1.4033870239247506,0.5210906901306915
Fresno,2003-11-01,0.325,69.87777777777778,3.65,2625.583333333333,0.0,58.45166666666668,103.5,52.0,,472.3594,16004.8165,2.360737163786764,1.212160343895928,-0.19122668002882248
Fresno,2003-12-01,1.6983333333333333,81.89784946236558,4.38010752688172,3259.7166666666667,0.1666666666666666,51.96978494623656,81.5,26.5,,4253.066,456.186,3.659142603869484,1.5388314406232626,0.3266710967273345
Fresno,2004-01-01,0.6983333333333333,86.64516129032258,3.882795698924731,2890.4833333333336,0.3333333333333333,49.91612903225806,93.0,31.0,,18872.9205,3727.8808,2.322785949467792,1.200803572452048,-0.33802786817121455
Fresno,2004-02-01,2.063333333333333,76.42528735632185,4.654597701149425,3238.633333333333,0.5,51.51609195402299,65.0,15.0,,38235.1754,1150.042,1.1613929747338958,0.7707529095503309,-0.4300506629017171
Fresno,2004-03-01,0.615,65.96774193548387,4.769354838709678,3549.8000000000006,0.3333333333333333,59.13010752688171,66.0,37.0,,101107.7636,723.7337,1.974368057047623,1.0900315986346187,0.3192786890842878
Fresno,2004-04-01,0.0216666666666666,46.89022988505747,6.08235632183908,4351.650000000001,1.8333333333333333,63.01833333333333,50.0,35.0,,49069.5915,7181.3616,0.6968357848403375,0.5287652136501124,-0.5612663849845063
Fresno,2004-05-01,0.0283333333333333,43.99551971326165,6.370743727598566,4534.766666666666,1.0,67.7369623655914,39.0,31.0,,28766.3259,5296.4577,1.5098108671540644,0.9202073985731598,0.3914421849230474
Fresno,2004-06-01,0.0,44.83253968253968,6.032301587301586,4292.45,0.1666666666666666,72.62472222222222,50.0,31.0,,15708.5175,11211.9247,1.045253677260506,0.7155218293616524,-0.20468556921150738
Fresno,2004-07-01,0.0,47.90860215053764,5.158602150537635,3837.966666666666,0.0,76.38333333333333,53.0,36.0,,8737.4687,78148.1141,0.8129750823137272,0.5949691877807077,-0.1205526415809447
Fresno,2004-08-01,0.0,49.2258064516129,5.05,3756.2,0.0,75.38870967741936,53.0,52.0,,12183.3919,65930.9736,1.1613929747338958,0.7707529095503309,0.1757837217696232
Fresno,2004-09-01,0.0,43.35,4.6994444444444445,3381.1,0.1666666666666666,70.82666666666667,56.0,42.0,,6143.7587,13105.8516,1.7420894621008438,1.0087202071946282,0.23796729764429725
Fresno,2004-10-01,1.8966666666666665,65.02688172043011,4.0569892473118285,3017.816666666667,0.3333333333333333,64.84516129032258,60.0,42.0,,6661.1398,2362.6832,0.8129750823137272,0.5949691877807077,-0.41375101941392045
Fresno,2004-11-01,0.6066666666666667,79.93888888888888,3.715555555555555,2675.7000000000003,1.3333333333333333,56.34777777777777,101.0,44.0,,2160.7601,8828.9935,0.8129750823137272,0.5949691877807077,0.0
Fresno,2004-12-01,2.3366666666666664,87.6147918389854,4.200734767025089,3110.116666666667,0.8333333333333334,50.55256272401434,87.5,16.0,,2734.2653,2300.0,1.045253677260506,0.7155218293616524,0.1205526415809447
Fresno,2005-01-01,2.2516666666666665,90.40089605734768,4.071505376344086,3027.7166666666667,0.8333333333333334,50.67777777777778,77.0,17.5,,41515.4405,1251.6729,1.2607883365617156,0.8157135739476084,0.10019174458595592
Fresno,2005-02-01,2.32,83.30952380952381,3.955952380952381,2658.833333333333,0.0,54.10357142857143,77.0,23.5,,94302.9094,5290.5801,0.687702729033663,0.5233682722724818,-0.2923453016751265
Fresno,2005-03-01,1.7716666666666665,75.31182795698925,4.381182795698924,3259.4,0.3333333333333333,58.3268817204301,62.0,20.0,,195478.6568,8165.9088,1.0315540935504943,0.7088010634849365,0.1854327912124547
Fresno,2005-04-01,0.9533333333333333,60.07777777777778,5.444444444444444,3920.633333333333,1.0,59.54444444444445,36.5,15.0,,71021.611,8325.766,1.0315540935504943,0.7088010634849365,0.0
Fresno,2005-05-01,0.9316666666666666,55.32795698924732,5.908602150537635,4395.466666666666,0.6666666666666666,66.6758064516129,39.0,18.0,,86823.211,24312.6935,1.0315540935504943,0.7088010634849365,0.0
Fresno,2005-06-01,0.0,46.57222222222222,6.354444444444444,4574.633333333333,1.0,70.985,44.0,34.0,,46442.8885,158964.9033,1.4900225795729367,0.9122917785370823,0.20349071505214578
Fresno,2005-07-01,0.0,44.333333333333336,5.160752688172043,3836.85,0.0,77.9494623655914,56.0,50.0,,19770.5676,135335.0386,1.375405458067326,0.8651681421019851,-0.047123636435097205
Fresno,2005-08-01,0.0,45.98387096774193,4.825806451612903,3592.0,0.0,75.91612903225807,56.0,44.0,,19839.3097,50068.6333,1.833873944089768,1.0416446604238205,0.17647651832183542
Fresno,2005-09-01,0.0733333333333333,50.80555555555555,4.4494444444444445,3203.7666666666664,0.0,70.54666666666667,54.0,46.5,,26950.4151,17661.73,3.3238965236627047,1.4641569687928162,0.42251230836899567
Fresno,2005-10-01,0.065,56.27956989247312,4.286559139784946,3189.25,0.5,65.14193548387097,58.0,46.0,,8159.015,10190.0062,5.043153346246863,1.7989259529050297,0.33476898411221345
Fresno,2005-11-01,0.8799999999999999,64.32777777777777,3.720555555555555,2680.8,0.6666666666666666,58.33444444444444,89.5,46.5,,3979.2679,57824.011,10.888626543032998,2.4755821904083586,0.6766562375033289
Fresno,2005-12-01,1.4533333333333331,83.63720016542597,4.058821186778176,2944.75,0.3333333333333333,53.348466746316205,110.5,29.0,,11029.0131,102.9558,8.94013547743762,2.2965806500964887,-0.17900154031186988
Fresno,2006-01-01,2.8083333333333336,84.63122262046993,3.858124253285544,2802.75,0.0,51.45388291517324,88.0,33.0,,92552.3182,4529.7162,5.883271370417554,1.9290940288220306,-0.3674866212744581
Fresno,2006-02-01,0.5383333333333334,70.44642857142857,3.888095238095238,2612.0,0.5,52.25714285714286,84.5,33.5,,84277.9346,14159.1496,6.109551038510537,1.9614390967455413,0.03234506792351066
Fresno,2006-03-01,3.28,75.43010752688173,4.909139784946237,3651.3333333333335,0.0,53.63172043010753,53.0,14.0,,301213.3703,22576.5666,3.9598941916272,1.6013844081760729,-0.36005468856946843
Fresno,2006-04-01,2.0516666666666663,72.09761904761905,5.152777777777778,3708.0333333333338,0.3333333333333333,59.77666666666667,38.5,12.0,,246403.1501,11366.1924,8.938046889672822,2.296370511389246,0.6949861032131732
Fresno,2006-05-01,0.8416666666666668,49.985304659498205,5.52258064516129,4109.849999999999,1.1666666666666667,69.08709677419354,56.0,44.0,,94480.7836,53376.4302,4.073034025673691,1.6239390657715396,-0.6724314456177065
Fresno,2006-06-01,0.0,44.38333333333333,5.751666666666668,4143.633333333333,0.1666666666666666,74.44500000000001,50.0,47.0,,519668.251,144175.856,7.240949378975451,2.1091155531796177,0.48517648740807817
Fresno,2006-07-01,0.0016666666666666,42.70193733778272,4.916129032258064,3660.466666666666,0.0,78.14408602150537,58.0,44.0,,359312.966,158415.7412,5.656991702324571,1.8956676861591102,-0.21344786702050755
Fresno,2006-08-01,0.0,48.903225806451616,4.540860215053763,3378.9500000000003,0.0,75.20591397849462,56.0,37.0,0.0,112982.8908,156775.7542,10.182585064184227,2.4143576631981674,0.5186899770390572
Fresno,2006-09-01,0.0016666666666666,46.97222222222222,4.318333333333334,3109.0,0.0,71.27,62.0,58.0,0.0,80525.2145,18115.5357,6.675250208742995,2.038000893429563,-0.3763567697686043
Fresno,2006-10-01,0.37,57.64516129032258,3.672043010752688,2732.816666666667,0.1666666666666666,63.88494623655914,62.0,35.0,163.87,21487.1846,15512.5572,5.430712034231588,1.8610852683911283,-0.17691562503843472
Fresno,2006-11-01,0.3783333333333333,72.92777777777778,3.8738888888888887,2785.4,0.1666666666666666,58.40111111111111,88.0,44.5,42.8,6044.5023,9845.2947,6.109551038510537,1.9614390967455413,0.10035382835441298
Fresno,2006-12-01,0.7683333333333334,72.54928315412187,4.1264874551971324,3047.0333333333333,1.1666666666666667,49.83312940304041,100.5,50.5,50.55,11001.3873,71.9232,4.978152698045623,1.7881116068686795,-0.17332748987686175
Fresno,2007-01-01,0.4133333333333333,64.95957785742732,3.8134408602150542,2836.55,1.1666666666666667,44.721543778801845,141.0,49.0,52.8,41852.1624,5059.9727,7.47823777001182,2.137502618068177,0.34939101119949756
Fresno,2007-02-01,1.1783333333333337,73.70833333333333,4.470238095238096,3001.616666666667,0.3333333333333333,51.1702380952381,75.0,21.5,34.2,70876.6081,8013.2314,4.911081520604777,1.776828813086124,-0.36067380498205304
Fresno,2007-03-01,0.4066666666666667,58.48387096774194,4.6645161290322585,3470.4,0.6666666666666666,57.27204301075269,67.0,17.0,714.55,216184.1863,25114.7926,7.255006791802511,2.1108199001219057,0.3339910870357816
Fresno,2007-04-01,0.525,51.73333333333333,5.924444444444444,4264.283333333334,2.0,61.59666666666666,65.5,29.5,288.15000000000003,59611.468,30353.5007,3.6833111404535823,1.5440053684072321,-0.5668145317146736
Fresno,2007-05-01,0.0633333333333333,40.55913978494624,6.381182795698924,4748.25,1.3333333333333333,68.11666666666666,67.0,33.0,2063.87,89660.7472,98490.3824,3.013618205825659,1.3896931302115179,-0.15431223819571427
Fresno,2007-06-01,0.0,39.62777777777778,6.141111111111112,4422.7,1.0,72.58277777777778,66.0,26.0,2815.0,226652.028,170614.268,2.7903872276163506,1.332468184750273,-0.05722494546124479
Fresno,2007-07-01,0.0,46.564516129032256,5.333870967741935,3967.2833333333338,0.1666666666666666,76.68817204301075,65.0,24.0,445.85,146909.9698,145445.5231,2.4555407603023887,1.2399789602552853,-0.09248922449498775
Fresno,2007-08-01,0.0283333333333333,45.618100358422936,4.770430107526882,3550.133333333333,0.0,76.86451612903225,69.0,37.0,700.4399999999999,69305.0622,74453.435,3.236849184034967,1.4438198760226986,0.20384091576741326
Fresno,2007-09-01,0.075,52.82222222222222,4.866666666666666,3503.7666666666664,0.0,72.59444444444445,67.5,42.5,115.87,16065.5968,27142.5448,2.3439252711977345,1.2071453478428902,-0.23667452817980839
Fresno,2007-10-01,0.4916666666666666,57.970071684587815,4.262903225806451,3171.1666666666665,0.5,63.79216845878136,70.0,34.5,147.31,8982.2624,5460.7302,1.7858478256744643,1.024552252787029,-0.1825930950558612
Fresno,2007-11-01,0.1316666666666666,65.2,3.64,2622.5,0.0,58.048333333333325,122.5,58.5,157.60000000000002,21854.4987,991.173,3.013618205825659,1.3896931302115179,0.36514087742448886
Fresno,2007-12-01,1.1616666666666668,74.75806451612902,4.209139784946236,3130.7833333333333,0.5,48.76505376344087,98.0,19.0,7.3,20857.3808,2143.1332,2.678771738511697,1.3025789297595567,-0.08711420045196117
Fresno,2008-01-01,2.89,80.48924731182795,4.866129032258065,3622.5333333333338,1.6666666666666667,48.523655913978494,64.0,27.0,5.85,121920.6498,2622.3757,0.9894132779261896,0.6878397600509846,-0.6147391697085721
Fresno,2008-02-01,1.0450000000000002,73.47126436781609,4.7362068965517246,3296.65,1.5,50.35977011494253,78.0,39.0,15.64,86988.4343,9112.3342,0.8794784692677242,0.6309943283926197,-0.056845431658364864
Fresno,2008-03-01,0.0683333333333333,56.80107526881721,5.785483870967742,4303.183333333333,2.333333333333333,55.560752688172045,56.0,21.0,784.9599999999999,125636.5355,17661.2347,2.96823983377857,1.3783226295765698,0.7473283011839501
Fresno,2008-04-01,0.0916666666666666,46.18333333333334,6.232777777777778,4487.516666666666,2.6666666666666665,60.13222222222223,60.5,31.0,50.46,89395.234,24886.8289,1.8688917471939144,1.0539258043925952,-0.3243968251839746
Fresno,2008-05-01,0.1583333333333333,45.36021505376345,6.255913978494623,4654.066666666667,2.6666666666666665,67.53387096774193,67.0,35.5,666.24,81742.9332,146104.1918,1.5390873212185174,0.931804694103785,-0.12212111028881023
Fresno,2008-06-01,0.0,36.394444444444446,6.172777777777778,4445.016666666666,2.5,72.5788888888889,69.0,34.5,5159.47,437454.0212,106468.9145,1.5390873212185174,0.931804694103785,0.0
Fresno,2008-07-01,0.005,45.64516129032258,5.243010752688172,3900.1333333333337,0.0,77.81612903225806,83.0,31.0,2256.21,56196.8859,224707.2089,3.6278486857293615,1.5320921134056886,0.6002874193019037
Fresno,2008-08-01,0.0,43.172043010752695,4.733870967741936,3520.883333333333,0.0,78.10537634408603,63.0,43.0,3689.51,18776.4981,81130.4964,2.7483702164616384,1.3213211365689168,-0.21077097683677182
Fresno,2008-09-01,0.0,46.1,4.07,2928.116666666667,0.0,72.83944444444445,76.0,53.5,89.99,18624.0566,24935.7495,3.298044259753966,1.4581600959229897,0.13683895935407286
Fresno,2008-10-01,0.065,47.66666666666666,4.2924731182795695,3192.616666666667,1.5,64.2231182795699,70.0,53.0,157.39,46175.9473,8246.8708,6.15634928487407,1.9679999745271375,0.5098398786041478
Fresno,2008-11-01,0.9016666666666668,71.11999999999999,3.380555555555556,2431.0,0.1666666666666666,58.57833333333334,95.5,38.5,10.77,27955.5604,2620.448,3.407979068412431,1.4834163232940647,-0.4845836512330728
Fresno,2008-12-01,0.8850000000000001,85.63978494623656,3.682258064516129,2739.85,0.3333333333333333,50.590860215053766,94.0,18.5,0.12,6869.018,2023.4201,6.486153710849466,2.0130551423798337,0.529638819085769
Fresno,2009-01-01,1.1866666666666668,80.18566308243727,3.150537634408602,2341.116666666667,0.0,48.93709677419355,102.0,33.0,3.26,151204.0544,1923.6854,6.619799930112276,2.0307501134630854,0.017694971083251687
Fresno,2009-02-01,1.445,77.125,4.420238095238095,2969.9500000000003,0.8333333333333334,51.66766666666667,51.5,13.0,946.6,88447.7413,10504.747,5.7516294474746,1.9097838753781038,-0.12096623808498164
Fresno,2009-03-01,0.3116666666666667,60.79032258064516,5.387634408602151,4006.8000000000006,1.3333333333333333,55.84838709677419,42.0,22.0,57.97,139205.3476,38233.2595,3.90676717186954,1.5906153078201632,-0.31916856755794054
Fresno,2009-04-01,0.8716666666666667,48.105555555555554,5.922777777777778,4265.383333333333,2.5,61.498333333333335,46.5,19.0,58.05,105405.7563,24582.5724,5.643108137144891,1.8935799469105243,0.3029646390903611
Fresno,2009-05-01,0.1166666666666666,44.83870967741935,6.169892473118279,4589.766666666666,1.1666666666666667,70.34677419354838,58.0,26.5,689.04,91642.7531,107886.4651,4.2323311028586685,1.6548568963380634,-0.2387230505724609
Fresno,2009-06-01,0.1149999999999999,46.388888888888886,5.598888888888889,4031.216666666666,0.0,74.12833333333333,49.0,28.5,637.1899999999999,81668.0312,110830.8082,5.3175442061557625,1.8433305576685934,0.18847366133053
Fresno,2009-07-01,0.0,37.83870967741935,5.449462365591399,4056.6,0.0,78.88978494623656,57.0,26.0,577.47,25222.5838,106654.1839,3.364160620220993,1.4734258730270098,-0.36990468464158366
Fresno,2009-08-01,0.0,40.92508960573477,5.06989247311828,3773.1,0.0,77.64139784946236,62.0,50.0,3538.07,22757.0654,58520.7173,4.666416344177506,1.7345568798554711,0.26113100682846135
Fresno,2009-09-01,0.025,41.73524904214559,4.788333333333333,3447.733333333333,0.0,75.12503831417624,60.0,49.5,250.95,22921.8844,10569.4118,3.364160620220993,1.4734258730270098,-0.26113100682846135
Fresno,2009-10-01,0.905,55.77189293218214,5.0557429130009774,3533.9,2.0,64.85408113391985,61.0,29.5,68.63,48130.3252,8059.4982,4.340852413188378,1.6753852681708183,0.20195939514380856
Fresno,2009-11-01,0.2116666666666666,65.77777777777777,3.7488888888888887,2699.7166666666667,0.6666666666666666,55.443888888888885,82.5,40.0,8.26,24670.9251,3408.345,2.3874688272536075,1.22008298387672,-0.45530228429409836
Fresno,2009-12-01,1.385,83.05465949820788,3.647311827956989,2711.866666666667,0.8333333333333334,48.92150537634408,100.0,25.0,2.21,20983.1619,1073.3329,3.4726819305507024,1.4979882131700057,0.27790522929328576
Fresno,2010-01-01,1.72,88.51774193548387,3.956451612903226,2944.116666666667,0.8333333333333334,49.81182795698925,73.0,25.0,0.0,126467.4481,2102.1743,3.6472781650329007,1.536281707367288,0.03829349419728234
Fresno,2010-02-01,2.271666666666667,86.01190476190476,3.595833333333333,2415.833333333333,0.1666666666666666,53.19166666666666,62.5,28.0,0.14,132295.4368,14307.4792,1.5018204208959005,0.9170186352465647,-0.6192630721207234
Fresno,2010-03-01,0.5157142857142857,64.46938775510203,4.694930875576037,3098.171428571429,0.4285714285714285,55.684068466096114,55.0,21.5,48.02,279693.35,26056.5735,1.9309119697233,1.0753136270652663,0.15829499181870166
Fresno,2010-04-01,1.977142857142857,64.12380952380953,5.07904761904762,3659.857142857142,0.7142857142857143,59.195238095238096,54.0,26.0,6.02,134717.9345,27413.7192,2.2527306313438507,1.179494837835676,0.10418121077040965
Fresno,2010-05-01,0.2071428571428571,46.68663594470046,5.693548387096774,4235.3,2.142857142857143,65.33133640552995,51.0,22.0,176.82,102820.0589,110642.4427,2.1454577441370004,1.1459594261869588,-0.033535411648717206
Fresno,2010-06-01,0.1885714285714285,39.62380952380953,6.452857142857143,4646.814285714286,1.4285714285714286,73.05857142857143,51.0,27.5,3798.01,55329.1682,111353.7418,5.363644360342501,1.850601225875449,0.7046417996884902
Fresno,2010-07-01,0.0714285714285714,41.55268817204301,5.227649769585254,3888.914285714286,0.0,78.8889400921659,61.0,36.0,1130.36,32430.7171,158206.1989,7.187283442858952,2.102582150884419,0.2519809250089702
Fresno,2010-08-01,0.3685714285714285,44.68881523688452,4.623041474654378,3439.2714285714287,0.0,76.72442396313363,58.0,42.0,1244.25,28663.0807,35220.7786,10.298197171857602,2.4246431706765796,0.3220610197921605
Fresno,2010-09-01,0.7071428571428572,45.49868637110017,4.443333333333333,3198.514285714285,0.0,71.94238095238096,59.0,52.5,483.52,34622.1259,24273.7494,12.12183625437405,2.5742777321353345,0.14963456145875487
Fresno,2010-10-01,1.0985714285714283,59.39170506912443,3.967281105990783,2952.1142857142854,0.2857142857142857,66.86082949308755,64.0,22.0,153.73,24250.3753,8458.742,13.730929562476804,2.6899493352367387,0.11567160310140423
Fresno,2010-11-01,1.5342857142857145,71.78095238095237,3.5204761904761903,2533.7714285714287,0.0,56.2347619047619,82.5,24.5,171.66,13486.3413,9974.7518,9.76183273582335,2.376005868837486,-0.31394346639925264
Fresno,2010-12-01,3.5171428571428573,85.4425806451613,4.030525345622119,2903.428571428572,0.7142857142857143,53.135889400921656,80.0,24.0,0.05,23800.6408,1488.0951,7.723647878893201,2.166037485178767,-0.20996838365871895
Fresno,2011-01-01,1.2485714285714289,90.1025253945165,3.144668679485142,2311.557142857143,0.1428571428571428,50.00703956777373,84.0,21.0,3.0,143715.0731,7600.0607,6.594299547120525,2.027397906267449,-0.13863957891131795
Fresno,2011-02-01,1.2671428571428571,70.61734693877551,4.490306122448979,3018.057142857143,0.7142857142857143,50.53061224489796,63.0,26.0,6.42,79238.4407,30074.7404,5.317983505742359,1.8434000916994295,-0.18399781456801967
Fresno,2011-03-01,2.371428571428571,72.984178187404,4.972350230414746,3698.371428571428,0.7142857142857143,55.15250384024578,53.0,11.0,1246.25,245329.168,61285.2954,6.700659217235372,2.0413059378230565,0.19790584612362694
Fresno,2011-04-01,0.2314285714285714,57.114285714285714,5.660952380952381,4075.857142857142,1.1428571428571428,61.373333333333335,53.0,13.0,12.86,144830.1578,54264.7953,5.424343175857206,1.860094396116931,-0.18121154170612552
Fresno,2011-05-01,0.2728571428571428,47.68202764976958,6.040552995391705,4494.642857142857,0.7142857142857143,66.9621044546851,57.0,16.5,1445.42,130262.2477,116616.4965,2.765351422986026,1.325841196334522,-0.5342531997824089
Fresno,2011-06-01,0.9385714285714286,48.371428571428574,5.5409523809523815,3988.342857142857,0.0,72.3447619047619,60.0,24.5,1668.64,168115.9354,196388.3191,4.7861851551681225,1.7554732065894865,0.42963201025496445
Fresno,2011-07-01,0.1385714285714286,44.343359865940506,5.282949308755761,3928.671428571429,0.0,77.49259494676623,64.0,29.0,2266.52,73836.6364,244792.8436,5.105264165512664,1.8091513769807779,0.05367817039129141
Fresno,2011-08-01,0.0142857142857142,44.34530430637216,4.509677419354839,3356.214285714286,0.0,76.29473118279569,62.0,33.0,541.39,32476.1706,167279.8512,5.956141526431442,1.9396249422355267,0.13047356525474885
Fresno,2011-09-01,0.0357142857142857,46.55238095238095,4.409999999999999,3175.6428571428573,0.0,73.47761904761906,64.5,55.0,6614.320000000001,29054.3664,31567.7873,9.253291299991703,2.3275987564802776,0.38797381424475086
Fresno,2011-10-01,0.5171428571428571,60.888325652841786,3.9276497695852535,2921.8,0.0,66.78294930875576,76.0,42.0,231.55,24992.2142,7150.8151,9.359650970106552,2.3379185461196563,0.01031978963937874
Fresno,2011-11-01,0.8685714285714285,75.73661740558292,3.935714285714286,2833.2000000000003,0.4285714285714285,56.49428571428571,76.5,28.0,66.22,12267.3424,738.3625,7.764255918383843,2.1706816224004233,-0.16723692371923304
Fresno,2011-12-01,0.0357142857142857,65.44239631336406,3.5940092165898614,2673.128571428572,0.8571428571428571,47.68479262672811,140.0,56.5,72.97,25310.4008,1086.5663,9.146931629876857,2.3171713573100057,0.1464897349095824
Fresno,2012-01-01,0.6871428571428572,66.9115207373272,3.8847926267281103,2893.457142857143,0.0,48.05391705069125,120.0,26.0,68.81,158963.2623,5146.2909,9.297401693183632,2.3318916006142727,0.014720243304267022
Fresno,2012-02-01,0.6371428571428571,62.57142857142857,4.769950738916257,3320.585714285714,1.0,51.35960591133005,67.0,24.0,16.32,134037.396,17107.6732,7.606965021695698,2.152571761722249,-0.17931983889202385
Fresno,2012-03-01,1.7485714285714289,60.01889400921659,5.246082949308756,3902.1857142857134,1.0,55.15161290322581,52.0,18.0,21.08,205632.1532,31521.4232,5.705223766271773,1.902886889222527,-0.24968487249972182
Fresno,2012-04-01,1.8514285714285712,58.207898715041566,5.6000000000000005,4031.357142857142,1.1428571428571428,61.540000000000006,51.5,11.0,20.44,183866.2839,52666.0702,4.648700846591816,1.731425580062088,-0.1714613091604391
Fresno,2012-05-01,0.2042857142857142,39.73640552995391,6.200460829493088,4609.871428571429,2.142857142857143,69.86682027649769,56.0,28.0,840.7,124125.0504,172372.6647,4.860005430527807,1.7681505302997218,0.03672495023763389
Fresno,2012-06-01,0.1285714285714286,38.779894179894185,6.656224489795918,4738.757142857144,2.857142857142857,73.00694763729247,50.5,31.0,161.7,78380.2162,297225.2195,2.641307299199896,1.2923427653022361,-0.47580776499748567
Fresno,2012-07-01,0.0,42.07533560408736,5.170506912442397,3848.8857142857146,0.0,76.59825202606069,57.0,30.0,2819.56,54120.3301,273009.5298,2.641307299199896,1.2923427653022361,0.0
Fresno,2012-08-01,0.0085714285714285,39.39797235023042,4.814746543778802,3583.1142857142854,0.0,77.5089093701997,57.0,42.0,248.36,41587.8109,119445.8986,3.486525634943862,1.50107860153523,0.20873583623299385
Fresno,2012-09-01,0.0,40.82051282051282,4.144285714285714,2984.285714285714,0.0,73.7942857142857,63.0,55.5,222.22,31480.083,32808.6672,2.5356550072318997,1.2628985741874594,-0.23818002734777055
Fresno,2012-10-01,0.4528571428571428,56.735286372613565,4.07557603686636,3032.3857142857146,0.0,67.24562211981566,66.0,49.0,39.82,16670.1572,7407.916,2.324350423295908,1.201274293607526,-0.06162428057993341
Fresno,2012-11-01,0.6242857142857143,70.48095238095239,3.752380952380952,2701.785714285714,0.0,58.24666666666667,80.0,30.5,77.71000000000001,8481.8557,3710.0828,2.8526118831358867,1.348751329486963,0.14747703587943706
Fresno,2012-12-01,1.342857142857143,83.54712189658956,4.333953258722844,3178.042857142857,0.2857142857142857,52.70804805793285,67.0,18.5,1.3,30219.9047,3822.3747,2.430002715263904,1.2325610527996647,-0.11619027668729842
Fresno,2013-01-01,0.6028571428571429,76.68663594470046,3.3788018433179725,2513.914285714286,0.0,46.35069124423963,107.0,42.0,16.5,163065.5769,3649.6765,2.516699348804043,1.2575228647095615,0.02496181190989688
Fresno,2013-02-01,0.4314285714285714,70.72448979591836,4.020918367346939,2700.242857142857,0.0,49.570408163265306,77.0,31.0,5.3,79885.1563,12073.9475,2.936149240271384,1.3702028952068015,0.11268003049723996
Fresno,2013-03-01,0.6942857142857143,62.12903225806451,4.648847926267281,3459.1142857142854,0.7142857142857143,57.44147465437788,60.0,25.0,13.83,236557.9871,59606.0782,2.516699348804043,1.2575228647095615,-0.11268003049723996
Fresno,2013-04-01,0.0957142857142857,50.053639846743295,6.322692939244663,4528.757142857144,3.0,63.59513957307061,54.0,27.0,247.21,143853.788,176596.2603,3.9847739689397352,1.606388060147042,0.3488651954374804
Fresno,2013-05-01,0.1428571428571428,44.58161070879965,6.3036866359447,4692.928571428572,1.1428571428571428,69.3331797235023,56.0,27.0,1634.5,137424.9555,234969.3813,4.718811279007582,1.743760965439162,0.13737290529211998
Fresno,2013-06-01,0.0214285714285714,42.24452214452214,5.848571428571428,4210.814285714286,0.2857142857142857,74.48761904761905,55.0,29.0,987.8,78959.8898,307819.3988,3.1458741860050545,1.4221136676788189,-0.32164729776034306
Fresno,2013-07-01,0.0385714285714285,39.18739002932551,4.95852534562212,3688.371428571428,0.0,78.4815668202765,63.0,34.0,328.86,45638.3365,221088.6888,2.936149240271384,1.3702028952068015,-0.051910772472017364
Fresno,2013-08-01,0.0371428571428571,44.295817086139664,4.976958525345622,3703.185714285715,0.0,76.96514592933947,56.0,35.0,376.38,47079.0859,113724.0446,1.7826620387361976,1.0234080374175978,-0.3467948577892037
Fresno,2013-09-01,0.0228571428571428,46.96666666666666,5.049047619047619,3634.2428571428577,0.1428571428571428,72.84095238095237,55.0,48.5,31.2,29283.078,58348.8815,1.6777995658693623,0.9849953997589997,-0.03841263765859804
Fresno,2013-10-01,0.1114285714285714,47.15579581708614,4.017866004962779,2893.042857142857,0.4285714285714285,63.41976249556895,64.0,52.0,256.19,9969.3831,22687.945,1.8875245116030328,1.060399564678733,0.07540416491973323
Fresno,2013-11-01,0.4657142857142857,60.98259441707717,3.46952380952381,2498.1428571428573,0.4285714285714285,56.46428571428572,85.0,56.0,117.29,13710.7117,21226.118,2.6215618216708787,1.2869053752436659,0.2265058105649329
Fresno,2013-12-01,0.15,59.8294930875576,3.210138248847926,2388.414285714286,0.0,46.92258064516129,131.0,56.0,28.1,22982.6086,13620.1921,2.3069744030703734,1.1960336937430212,-0.09087168150064473
Fresno,2014-01-01,0.1399999999999999,56.61751152073733,3.1592677931387607,2237.7571428571428,0.0,48.270686123911936,139.0,66.0,32.48,160833.831,7064.5434,1.1418807606586785,0.7616843031832086,-0.4343493905598126
Fresno,2014-02-01,1.2757142857142856,64.66122448979591,4.79234693877551,2768.942857142857,0.5714285714285714,53.64214285714286,61.5,23.5,43.55,135909.1758,62134.7097,1.3494954444148015,0.854200600599416,0.09251629741620748
Fresno,2014-03-01,0.8057142857142857,56.63133640552996,4.970506912442396,3697.8,0.4285714285714285,58.7073732718894,52.0,21.0,309.65000000000003,179657.0149,81072.6198,1.24568810253674,0.8090119787020265,-0.04518862189738959
Fresno,2014-04-01,0.4385714285714286,50.13809523809523,5.346666666666667,3848.957142857143,0.5714285714285714,63.68190476190476,54.0,23.0,221.08,121203.1101,136050.2088,0.8304587350244933,0.6045666103164046,-0.20444536838562188
Fresno,2014-05-01,0.06,36.39170506912443,5.997695852534562,4462.885714285714,1.5714285714285714,69.12811059907834,50.0,28.0,50.98,97374.3482,168758.3934,1.3494954444148015,0.854200600599416,0.24963399028301148
Fresno,2014-06-01,0.0042857142857142,33.852380952380955,5.61952380952381,4045.571428571429,0.2857142857142857,74.69047619047619,52.5,29.5,482.78,88515.2048,404217.3011,1.557110128170925,0.9388777646701845,0.08467716407076842
Fresno,2014-07-01,0.0271428571428571,40.12718894009216,5.136405529953917,3819.785714285714,0.0,78.67834101382489,56.0,35.0,2383.79,69754.9647,197009.3854,2.0761468375612333,1.123677787032405,0.1848000223622206
Fresno,2014-08-01,0.0171428571428571,41.96313364055299,4.836866359447005,3595.2000000000003,0.0,78.18986175115208,58.0,43.0,854.08,80364.694,100384.4346,1.557110128170925,0.9388777646701845,-0.1848000223622206
Fresno,2014-09-01,0.0257142857142857,47.03537414965986,4.562857142857142,3284.171428571429,0.0,74.92142857142858,61.5,51.0,44.74,19162.1043,23342.7206,1.7647248119270482,1.016941104497633,0.07806333982744862
Fresno,2014-10-01,0.5785714285714285,47.235023041474655,4.331797235023042,3222.057142857143,0.1428571428571428,67.30691244239632,60.0,50.0,39.59,7926.7378,23392.9901,1.8685321538051096,1.0538004542718857,0.03685934977425265
Fresno,2014-11-01,0.3428571428571428,74.37142857142858,3.316666666666667,2390.742857142857,0.0,58.287619047619046,79.5,34.0,0.08,14425.4227,27847.0579,1.3494954444148015,0.854200600599416,-0.19959985367246968
Fresno,2014-12-01,2.4457142857142857,84.31292441336936,4.269569892473118,3160.5714285714284,1.4285714285714286,55.04479262672811,66.0,19.0,0.03,45082.3108,4464.7575,0.9342660769025548,0.6597279661112458,-0.1944726344881702
Fresno,2015-01-01,0.1642857142857142,82.89231950844854,2.98705069124424,2209.8571428571427,0.0,49.9826113671275,99.0,35.0,1.81,194310.0184,10657.3425,1.5417727920271844,0.9328617871938854,0.2731338210826395
Fresno,2015-02-01,0.6242857142857143,72.22505668934241,4.060714285714286,2730.585714285714,0.4285714285714285,55.05867346938776,76.5,29.0,7003.07,140086.8661,34473.235,0.8222788224144985,0.6000878180926752,-0.33277396910121015
Fresno,2015-03-01,0.0714285714285714,53.2989247311828,4.565437788018433,3396.1571428571438,0.1428571428571428,59.82534562211981,53.0,23.0,113.35,120108.005,146658.7115,2.1584819088380582,1.1500915035700887,0.5500036854774135
Fresno,2015-04-01,0.53,42.84811165845649,5.5,3938.057142857143,0.7142857142857143,63.13149425287356,52.0,24.0,164.04999999999998,140373.7349,132117.5946,2.775191025648932,1.3284509842416177,0.17835948067152896
Fresno,2015-05-01,0.3328571428571428,46.3652841781874,5.290230414746544,3914.9,0.0,68.32708141321045,52.0,22.0,940.32,156262.4681,141004.2734,1.33620308642356,0.8485269988684379,-0.4799239853731798
Fresno,2015-06-01,0.0385714285714285,35.22380952380952,5.104285714285714,3674.928571428571,0.0,75.7251724137931,57.0,31.0,1191.91,245740.3488,429281.5842,1.644557644828997,0.9725038092931299,0.123976810424692
Fresno,2015-07-01,0.1957142857142857,40.4147465437788,5.300460829493088,3943.0,0.0,78.70203533026113,57.0,29.0,3825.95,151063.3257,214341.7742,2.569621320045308,1.2724595173489883,0.29995570805585847
Fresno,2015-08-01,0.0071428571428571,40.046082949308754,4.96036866359447,3691.585714285714,0.0,77.7785891527827,63.0,44.0,86.22,59559.3166,101195.1332,2.4668364672434957,1.2432424972153142,-0.02921702013367411
Fresno,2015-09-01,0.0271428571428571,36.06666666666667,4.454761904761904,3208.042857142857,0.0,73.09171428571429,62.0,52.0,1260.06,28969.725,31445.6162,3.083545584054369,1.4069656267401418,0.1637231295248276
Fresno,2015-10-01,0.3485714285714286,53.03208856401293,4.029032258064516,2995.4714285714285,0.1428571428571428,68.96664303438497,63.0,38.0,745.86,10487.9536,32345.6883,5.653166904099677,1.8950929674884662,0.4881273407483244
Fresno,2015-11-01,1.35,70.56666666666666,3.839523809523809,2763.557142857143,0.5714285714285714,56.24095238095238,75.0,26.5,6.7700000000000005,12875.9891,6931.0255,2.67240617284712,1.300847080161477,-0.5942458873269891
Fresno,2015-12-01,1.4614285714285715,76.87557603686636,3.9087557603686633,2909.928571428572,0.0,49.68479262672811,83.0,26.0,4.51,32769.0109,42718.3819,2.1584819088380582,1.1500915035700887,-0.15075557659138838
Fresno,2016-01-01,3.134285714285714,82.53917050691244,3.8944700460829496,2896.6,0.1428571428571428,51.16486635944701,64.0,19.0,2.1,160482.3391,16128.6886,2.956121975708832,1.375264246376347,0.2251727428062582
Fresno,2016-02-01,0.1442857142857143,70.39408866995073,3.7147783251231528,2582.3428571428567,0.4285714285714285,53.77194710915219,76.0,31.0,8.24,168366.428,72962.7547,1.8348343297503096,1.0419834979943345,-0.3332807483820124
Fresno,2016-03-01,1.69,64.80645161290323,4.785253456221199,3559.871428571428,0.2857142857142857,58.78275181040158,52.0,16.0,4.19,219877.3712,112225.3158,1.9367695702919936,1.0773101916281447,0.035326693633810136
Fresno,2016-04-01,0.8985714285714285,51.12528735632184,5.438571428571429,3913.942857142857,1.4285714285714286,63.89650793650794,51.5,23.0,131.66,155001.3279,114999.461,3.1599924567922,1.4255132610004222,0.3482030693722775
Fresno,2016-05-01,0.9485714285714284,46.82027649769585,5.21889400921659,3883.514285714286,0.0,70.10467919177597,44.0,29.0,4149.56,156596.3898,211586.7844,1.7328990892086256,1.0053629831792317,-0.4201502778211905
Fresno,2016-06-01,0.0142857142857142,32.04761904761905,5.494285714285715,3956.471428571429,0.0,75.55380952380952,52.0,36.5,2081.8,131670.8452,453164.208,3.771603900042303,1.5626824957700893,0.5573195125908577
Fresno,2016-07-01,0.0014285714285714,31.968509984639017,5.063594470046083,3765.6142857142863,0.0,78.08294930875577,55.0,45.0,133052.81,62439.0921,238244.3298,4.281280102750722,1.6641685120362333,0.10148601626614395
Fresno,2016-08-01,0.0,35.93087557603686,4.530875576036867,3371.4857142857145,0.0,78.44147465437788,61.0,61.0,368.95,36921.2528,86595.7216,6.82966111629282,2.057919228899153,0.39375071686291974
Fresno,2016-09-01,0.0028571428571428,36.16190476190476,4.240476190476191,3054.785714285714,0.0,72.96619047619048,58.0,58.5,119.58,16750.6469,24896.0037,8.256754483876394,2.2253534995205846,0.16743427062143157
Fresno,2016-10-01,0.562857142857143,52.07947454844007,4.432718894009217,3157.2571428571428,0.4285714285714285,66.40069977811913,53.0,45.0,63.52,11888.0531,4309.2843,13.65932223258564,2.6850764629603976,0.459722963439813
Fresno,2016-11-01,1.012857142857143,70.53333333333333,3.5319047619047623,2543.8142857142857,0.2857142857142857,60.484085213032586,79.0,39.0,2.4,7513.9527,18132.6123,8.97030116766818,2.299610790906498,-0.3854656720538996
Fresno,2016-12-01,1.3485714285714283,77.48387096774194,3.6995391705069127,2751.414285714286,0.0,53.33975422427035,88.0,30.0,11.52,33206.4116,26629.4986,5.198697267625877,1.8243391518482814,-0.47527163905821657
Fresno,2017-01-01,3.8228571428571434,81.99964551577455,4.426373626373627,3205.1142857142854,0.5714285714285714,50.54791149710505,55.0,11.0,0.01,119527.4415,5438.9381,4.645179011061585,1.7308019085357786,-0.0935372433125028
Fresno,2017-02-01,2.327142857142857,76.9432670504099,5.049489795918367,3392.928571428572,0.8571428571428571,54.3720238095238,45.5,12.5,2.72,174449.8683,47404.7867,2.2216073531164104,1.1698804129948948,-0.5609214955408839
Fresno,2017-03-01,0.8671428571428572,64.08755760368663,4.793548387096775,3564.542857142857,1.5714285714285714,58.77933947772658,55.0,26.0,1.25,213245.0609,62142.8166,2.827500267602704,1.342211918465494,0.17233150547059917
Fresno,2017-04-01,0.6614285714285714,51.73333333333333,6.016666666666667,4333.114285714286,2.142857142857143,62.60209523809524,41.5,24.0,21.25,144485.6051,153123.0682,3.332411029674615,1.4661242068340696,0.12391228836857571
Fresno,2017-05-01,0.1371428571428571,42.8294930875576,5.638248847926268,4196.185714285714,0.7142857142857143,69.80335293182902,51.0,35.0,2406.91,140752.1933,195211.7638,5.049107620719114,1.7999107604558664,0.33378655362179677
Fresno,2017-06-01,0.0114285714285714,38.35221674876847,5.626666666666667,4049.3857142857146,0.0,75.4895238095238,51.5,37.5,2392.16,107747.2488,402577.5828,5.150089773133496,1.8164666789693666,0.016555918513500245
Fresno,2017-07-01,0.0371428571428571,32.620276497695855,4.9792626728110605,3707.4857142857145,0.1428571428571428,77.93502304147465,57.0,42.0,53804.36,76434.7936,263493.3839,5.856964840034172,1.9252649006872395,0.1087982217178729
Fresno,2017-08-01,0.0328571428571428,39.566820276497694,4.69815668202765,3494.942857142857,0.0,78.10967741935484,65.0,53.0,616.57,58921.6692,121958.6265,9.391340174537552,2.3409727837552614,0.41570788306802187
Fresno,2017-09-01,0.1557142857142857,42.742528735632185,4.644761904761905,3344.6428571428573,0.0,74.03999999999999,58.0,46.0,1724.2,33224.8376,46543.9249,11.51196537523958,2.526685416474924,0.18571263271966254
Fresno,2017-10-01,0.15,43.2678955453149,4.144700460829493,3088.014285714285,0.0,64.77096774193548,70.0,60.0,125.06,22556.2058,13910.3735,13.32964411869846,2.6623304068281675,0.1356449903532435
Fresno,2017-11-01,0.2371428571428571,66.63999530846822,3.8142857142857145,2745.3,0.0,60.73238095238095,70.0,38.5,20.51,8448.7107,9362.9883,9.896250936609464,2.3884187793006912,-0.2739116275274762
Fresno,2017-12-01,0.0585714285714285,56.74193548387097,3.319815668202765,2470.442857142857,0.4285714285714285,51.112903225806456,150.0,61.0,23.7,17098.1768,26927.5094,11.00705461316767,2.4854943614822838,0.09707558218159251
Fresno,2018-01-01,1.1914285714285715,80.59923195084487,3.584731182795699,2652.557142857143,0.0,52.50343573988736,83.0,31.0,4.27,189453.4151,85788.6189,10.124186681983256,2.409121718142379,-0.07637264333990457
Fresno,2018-02-01,0.2014285714285714,52.16326530612245,4.446428571428571,2986.428571428572,0.0,51.882653061224495,59.5,33.5,61.42,146449.1851,52993.4636,4.510776244447986,1.7067054924524399,-0.7024162256899393
Fresno,2018-03-01,2.577142857142857,65.11382488479263,4.29815668202765,3200.7285714285717,0.5714285714285714,55.30092165898618,39.0,13.0,3.77,229205.2139,65958.4367,3.508381523459545,1.5059382251295723,-0.20076726732286754
Fresno,2018-04-01,0.3942857142857143,50.16666666666667,5.171904761904762,3723.9857142857145,0.5714285714285714,63.03523809523809,44.0,19.0,1122.02,164844.7526,170273.0031,4.310297300250298,1.669647822434238,0.1637095973046656
Fresno,2018-05-01,0.0499999999999999,44.7778801843318,5.485023041474654,3927.428571428571,0.1428571428571428,69.45858294930875,45.0,30.0,2479.16,203512.407,159835.116,4.009578883953766,1.6113518564648968,-0.05829596596934117
Fresno,2018-06-01,0.0785714285714285,38.46854588578726,5.35431855500821,3832.599999999999,0.4285714285714285,74.3231527093596,53.0,39.5,7903.34,207566.2473,384927.1758,4.210057828151454,1.650590955156931,0.039239098692034347
Fresno,2018-07-01,0.0028571428571428,37.72495568947182,5.050691244239631,3758.028571428571,0.0,79.23778801843318,59.0,50.0,833.25,130610.852,282663.928,4.10981835605261,1.6311638568230704,-0.019427098333860693
Fresno,2018-08-01,0.0028571428571428,41.33640552995392,4.698617511520737,3498.1142857142854,0.0,77.05668202764977,80.0,57.0,1628.03,55537.9236,91619.9438,5.513170965436427,1.8738264290948274,0.24266257227175703
Fresno,2018-09-01,0.0871428571428571,41.114285714285714,4.052380952380952,2916.7714285714287,0.0,72.90190476190476,56.5,56.5,882.42,24038.2866,49672.3807,4.711255188645675,1.742438822390563,-0.13138760670426453
Fresno,2018-10-01,0.1785714285714285,50.68663594470046,3.7820276497695855,2815.428571428572,0.1428571428571428,66.72396313364055,57.0,51.0,306.09000000000003,24341.7037,1956.0344,7.618199879512154,2.153876232184394,0.4114374097938309
Fresno,2018-11-01,1.53,59.63333333333333,3.2247619047619045,2321.1285714285714,0.0,57.72952380952381,85.0,60.5,17.81,7189.656,2902.023,6.014368325930648,1.9479606633033932,-0.2059155688810006
Fresno,2018-12-01,0.8114285714285714,82.53917050691244,3.3783410138248846,2511.628571428572,0.1428571428571428,52.69585253456221,83.0,28.0,0.3,22390.2748,66653.9658,6.114607798029493,1.9621501067659015,0.014189443462508278
Fresno,2019-01-01,1.4357142857142855,77.79389798188463,3.900460829493088,2901.8571428571427,0.1428571428571428,51.04700460829493,64.0,22.0,3.61,196579.2843,13456.8593,5.373535338458094,1.8521543138176217,-0.10999579294827977
Fresno,2019-02-01,2.2071428571428573,74.73757763975155,5.13265306122449,3449.842857142857,1.4285714285714286,50.67346938775511,51.5,14.0,0.2,149009.4309,36763.2842,4.975495683757495,1.7876670540013002,-0.06448725981632153
Fresno,2019-03-01,1.3214285714285714,64.88248847926268,4.680645161290323,3480.8142857142857,0.5714285714285714,56.46728110599078,38.0,11.0,0.21,257372.954,89326.7272,3.283827151279946,1.4548468042645044,-0.3328202497367958
Fresno,2019-04-01,0.2842857142857143,51.7957671957672,5.211428571428572,3750.242857142857,1.4285714285714286,64.43047619047618,44.0,20.5,86.34,172109.4032,100092.8337,3.1843172376047963,1.4313435454955739,-0.023503258768930557
Fresno,2019-05-01,1.5471428571428572,58.15975422427035,5.117511520737327,3808.914285714286,0.1428571428571428,67.87880184331797,42.0,23.0,156.57999999999998,352096.6507,204882.3123,3.980396547005995,1.605509515779278,0.17416597028370417
Fresno,2019-06-01,0.0,40.63645320197044,5.504285714285714,3963.5142857142855,0.4285714285714285,76.00698412698412,48.5,33.0,4160.429999999999,521797.0428,298330.978,5.274025424782944,1.836418162164315,0.23090864638503694
Fresno,2019-07-01,0.0,38.33179723502304,4.944239631336406,3679.457142857143,0.0,79.11350584898972,52.0,41.0,1365.76,210181.5932,264278.8026,4.6769659427320445,1.7364169250041408,-0.10000123716017417
Fresno,2019-08-01,0.0114285714285714,42.190015360983104,4.875099846390169,3607.171428571429,0.0,79.20967741935483,52.0,50.0,980.5,80301.211,133917.939,4.577456029056894,1.7187327636640517,-0.0176841613400891
Fresno,2019-09-01,0.0657142857142857,44.60952380952381,4.679047619047618,3371.057142857143,0.0,75.423007518797,46.0,42.5,695.4399999999999,29160.9179,58890.9118,5.871084906833843,1.9273220132471982,0.2085892495831465
Fresno,2019-10-01,0.01,41.576036866359445,4.025806451612903,2994.942857142857,0.2857142857142857,65.41566820276498,61.0,57.0,196.61,37065.0573,18034.2663,6.667164216235042,2.036946822925059,0.10962480967786092
Fresno,2019-11-01,0.5757142857142857,55.240476190476194,3.2771428571428567,2217.1,0.2857142857142857,57.870000000000005,84.0,59.0,58.49,10189.8678,9633.4549,7.164713784610791,2.0998216718718083,0.06287484894674922
Fresno,2019-12-01,1.592857142857143,85.03763440860216,3.924193548387097,2502.4,0.0,53.29623655913978,60.0,21.0,5.07,43028.563,36776.2983,7.164713784610791,2.0998216718718083,0.0
Fresno,2020-01-01,0.3042857142857142,85.92769812823576,3.578799283154122,2268.0,0.0,50.60810035842294,70.0,24.0,0.0,181237.7328,9968.5781,4.560537667562581,1.7156948063861022,-0.3841268654857062
Fresno,2020-02-01,0.0285714285714285,55.37324393358876,4.227330779054917,2318.8571428571427,0.2857142857142857,52.79326309067688,67.0,40.0,0.0,135333.1086,30514.795,4.362253421146816,1.6793843011264038,-0.03631050525969837
Fresno,2020-03-01,1.9157142857142857,67.90422760969746,4.463073532358245,3212.9714285714285,0.4285714285714285,57.84345822480465,34.0,10.0,0.1,237322.6645,34212.193,5.849385269265049,1.924158906533974,0.24477460540757012
Fresno,2020-04-01,0.9957142857142858,58.91428571428571,5.260952380952381,3788.8,0.4285714285714285,62.98714285714285,41.5,16.5,0.0,175865.7431,164818.7026,3.1725479426522303,1.4285268666381665,-0.4956320398958074
Fresno,2020-05-01,0.1942857142857143,42.285714285714285,5.578801843317973,4150.128571428571,0.5714285714285714,71.6652841781874,36.0,25.0,8.01,366470.5874,246382.739,2.181126710573408,1.1572354455396596,-0.2712914210985069
Fresno,2020-06-01,0.1185714285714285,38.75714285714286,5.486190476190477,3947.928571428571,0.4285714285714285,77.7147619047619,51.5,42.5,0.0,303169.4387,298151.7989,3.073405819444348,1.404479460197942,0.24724401465828238
Fresno,2020-07-01,0.0314285714285714,36.747119815668206,4.810042242703533,3494.428571428572,0.0,80.86364823348696,55.0,52.0,792.4,195968.6367,306433.7556,2.67683732661282,1.3020529605498432,-0.1024264996480988
Fresno,2020-08-01,0.0942857142857142,41.017211897165815,4.601020408163265,3394.2285714285717,0.0,79.88221966205838,69.0,62.0,0.3,60685.9801,171927.1896,3.668258558691641,1.5407861024986826,0.23873314194883943
Fresno,2020-09-01,0.1285714285714286,46.07006802721089,4.022857142857143,2897.2285714285717,0.0,75.93544217687075,162.0,92.0,0.0,22863.8667,47438.3297,3.370832189067994,1.474953423258579,-0.06583267924010361
Fresno,2020-10-01,0.1285714285714285,46.50230414746544,3.512903225806451,2615.1142857142854,0.0,68.41612903225806,132.0,81.0,0.0,15661.6316,9115.5572,4.06482705152317,1.622319991317699,0.14736656805912007
Fresno,2020-11-01,0.4728571428571428,60.82380952380952,3.618571428571428,2605.8571428571427,0.0,56.13,88.0,44.0,0.0,6969.139,18231.0584,4.163969174731052,1.6417055037045838,0.019385512386884685
Fresno,2020-12-01,0.59,70.58890168970814,3.629032258064516,2698.542857142857,0.0,49.85990783410138,91.0,31.0,0.0,24063.5236,46393.6311,3.370832189067994,1.474953423258579,-0.16675208044600476
Fresno,2021-01-01,3.148571428571429,73.23469066932564,4.025345622119816,2993.6142857142854,0.1428571428571428,49.61152073732718,77.0,31.0,0.0,164406.4295,4890.9999,3.3739329936907456,1.4756626029078679,0.0007091796492888491
Fresno,2021-02-01,0.1114285714285714,61.45744897959184,4.690221088435374,3069.585714285714,0.5714285714285714,52.08690476190476,61.0,24.0,15.3,103797.7226,44796.9102,2.778533053627673,1.329335853257677,-0.146326749650191
Fresno,2021-03-01,0.9057142857142856,56.0184331797235,4.669585253456221,3474.5999999999995,0.4285714285714285,54.8479262672811,54.0,21.0,1.1,185511.6047,47403.8635,3.870099610409972,1.5831143907682717,0.25377853751059476
Fresno,2021-04-01,0.11,43.68095238095238,4.904761904761905,3531.828571428571,0.0,63.23571428571428,55.0,31.0,195.17,142349.6881,157481.0498,3.572399640378436,1.5200381525189792,-0.06307623824929243
Fresno,2021-05-01,0.0157142857142857,35.46082949308756,5.978341013824886,4444.342857142858,1.4285714285714286,70.28294930875576,52.0,37.0,1632.97,198574.064,173380.6631,2.877766376971518,1.355259311831842,-0.16477884068713733
Fresno,2021-06-01,0.0014285714285714,36.3,5.510952380952381,3968.8,0.2857142857142857,77.72211822660098,55.0,38.5,1290.75,204918.6462,383312.3336,3.2746996703469,1.4527138473704648,0.09745453553862293
Fresno,2021-07-01,0.01,33.55222734254993,4.902304147465437,3644.928571428571,0.0,81.99170407595741,56.0,49.0,647.23,115199.5046,226863.474,2.3815997602522905,1.2183488993727267,-0.2343649479977381
Fresno,2021-08-01,0.0028571428571428,37.534562211981566,4.517050691244239,3358.7571428571428,0.0,79.21906810035843,75.0,61.0,47.04,35965.462,112593.0639,3.2746996703469,1.4527138473704648,0.2343649479977381
Fresno,2021-09-01,0.0228571428571428,39.50180623973728,4.392380952380953,3161.671428571429,0.2857142857142857,75.69204081632653,70.0,63.5,167.35,16886.2549,19167.5312,3.870099610409972,1.5831143907682717,0.13040054339780682
Fresno,2021-10-01,1.0542857142857145,52.1520737327189,4.503225806451613,3353.657142857143,1.8571428571428568,66.23917050691244,63.0,51.0,154.56,16430.5118,10084.5916,3.870099610409972,1.5831143907682717,0.0
Fresno,2021-11-01,0.2142857142857142,77.75238095238095,3.4109523809523807,2458.657142857143,0.0,60.0647619047619,87.5,32.5,3.39,7990.8422,18539.6482,4.167799580441509,1.642446984853982,0.059332594085710344
Fresno,2021-12-01,2.358571428571428,87.41013824884793,4.097235023041475,3045.1142857142854,0.5714285714285714,52.84147465437787,71.0,19.0,0.0,33011.0289,19653.6396,3.2746996703469,1.4527138473704648,-0.18973313748351717
Fresno,2022-01-01,0.0571428571428571,79.00789993416721,2.958986175115207,2202.8714285714286,0.0,50.66451612903226,96.0,49.0,689.0,167410.9823,29069.2893,2.5722938232299897,1.273207916974525,-0.17950593039593987
Fresno,2022-02-01,0.1614285714285714,51.840266875981165,3.975000000000001,2672.742857142857,0.4285714285714285,51.67959183673469,83.0,39.5,4220.0,62316.4589,30262.8869,2.671228201046528,1.3005262657661192,0.027318348791594227
Fresno,2022-03-01,0.9442857142857144,52.70046082949308,4.709677419354839,3503.714285714286,0.5714285714285714,58.26129032258064,55.0,32.0,16.0,172513.7373,61075.305,3.8584407348449847,1.5807175499817276,0.28019128421560846
Fresno,2022-04-01,0.2514285714285714,46.04203612479474,5.690476190476191,4098.6,1.0,64.32380952380952,38.5,23.0,230336.0,147471.9339,31088.483,4.155243868294599,1.6400144234876286,0.05929687350590096
Fresno,2022-05-01,0.0,35.91244239631336,6.476497695852534,4818.814285714286,1.8571428571428568,70.38662058371736,49.0,32.0,1034.0,196890.0269,88632.7529,3.660571979211909,1.5391381829254844,-0.10087624056214417
Fresno,2022-06-01,0.0285714285714285,32.67619047619048,5.99952380952381,4317.128571428571,0.7142857142857143,77.8995238095238,51.5,33.0,904.0,98198.5537,101398.0388,3.8584407348449847,1.5807175499817276,0.04157936705624321
Fresno,2022-07-01,0.0,35.367392340696014,5.169585253456221,3843.914285714286,0.0,82.34362519201228,54.0,40.0,617.0,110186.9126,40384.3199,3.660571979211909,1.5391381829254844,-0.04157936705624321
Fresno,2022-08-01,0.0357142857142857,37.056756184119926,4.7963133640553,3571.714285714286,0.0,81.26451612903226,55.0,51.0,237.0,34102.5898,10270.5903,4.550981379560751,1.713974737272701,0.17483655434721657
Fresno,2022-09-01,0.2014285714285714,42.08271561498162,4.5495238095238095,3259.414285714286,0.0,79.16789485024779,57.0,54.0,951.0,13578.1964,7576.6445,3.2648344679457564,1.4504033684543998,-0.26357136881830123
Fresno,2022-10-01,0.0028571428571428,46.4008997147246,3.891705069124424,2898.585714285714,0.1428571428571428,71.24703752468729,61.0,70.0,151.0,15372.8633,10214.654,4.155243868294599,1.6400144234876286,0.18961105503322884
Fresno,2022-11-01,0.4642857142857143,64.94285714285715,3.4909523809523813,2512.6428571428573,0.0,56.23608843537415,84.0,50.0,5.0,4892.4757,5029.7497,4.155243868294599,1.6400144234876286,0.0
Fresno,2022-12-01,2.954285714285714,89.80337941628264,3.8723502304147455,2881.9857142857145,1.1428571428571428,51.49902412577934,68.0,24.0,0.0,22574.2266,3073.5351,3.660571979211909,1.5391381829254844,-0.10087624056214417
Fresno,2023-01-01,2.9528571428571437,82.0184331797235,4.877419354838709,3627.7428571428577,1.0,50.89003456221199,53.0,17.0,12.0,117189.4483,21016.9805,2.9599255677383898,1.3762252290640826,-0.1629129538614018
Fresno,2023-02-01,2.307142857142857,70.13265306122449,4.62704081632653,3111.714285714286,0.8571428571428571,49.148979591836735,58.5,23.0,3.0,53063.1484,42183.8809,2.7625971965558307,1.325109462712978,-0.0511157663511046
Fresno,2023-03-01,2.8428571428571425,74.9268817204301,5.234562211981567,3895.228571428572,1.0,53.280279675830286,28.0,8.0,2.0,164312.2026,35938.9686,2.8612613821471102,1.3509939130344897,0.025884450321511654
Fresno,2023-04-01,0.0042857142857142,53.89047619047619,5.015238095238096,3610.171428571429,0.4285714285714285,60.90761904761905,45.0,23.0,39.0,93922.4825,34674.6537,2.466604639781992,1.2431756249485677,-0.10781828808592198
Fresno,2023-05-01,0.3614285714285715,52.17511520737328,4.985253456221199,3707.028571428571,0.0,69.4852534562212,49.0,27.0,146.0,172097.5194,36345.1146,2.8612613821471102,1.3509939130344897,0.10781828808592198
Fresno,2023-06-01,0.0142857142857142,46.63809523809523,5.118571428571428,3685.671428571429,0.0,75.31666666666668,53.0,35.5,700.0,150273.5797,64060.9856,2.269276268599432,1.1845686358259315,-0.16642527720855815
Fresno,2023-07-01,0.1614285714285714,35.47124824684432,4.540092165898618,3378.3,0.0,81.27605781315458,55.0,43.0,1372.0,93058.2991,40254.0084,3.255918124512229,1.4483105141926966,0.2637418783667651
Fresno,2023-08-01,0.4142857142857142,44.42502780867631,4.369124423963134,3250.057142857143,0.0,80.74301075268816,55.0,47.0,14515.0,87691.2388,7939.7394,4.933209279563983,1.7805652604727014,0.33225474628000473
Fresno,2023-09-01,0.1614285714285714,51.54285714285714,4.181904761904762,3012.6857142857143,0.0,77.45182266009853,53.5,54.0,127.0,47532.254,7112.9212,5.327866021929102,1.8449630579796974,0.06439779750699604
Fresno,2023-10-01,0.1171428571428571,53.30875576036867,3.838709677419355,2856.328571428571,0.2857142857142857,70.49288786482335,62.0,56.0,162.0,20642.4119,1146.0242,7.103821362572135,2.0923357235854794,0.24737266560578197
Fresno,2023-11-01,0.27,58.85714285714285,3.5138095238095235,2530.585714285714,0.2857142857142857,59.8555900621118,72.5,51.0,28.0,4830.2725,10860.1387,9.27443344558029,2.329658619745808,0.23732289616032842
Fresno,2023-12-01,1.5714285714285714,75.95852534562212,3.2437788018433182,2413.4,0.0,54.41935483870968,83.0,41.0,15.0,20619.044,9015.5192,9.965082744719249,2.394715928099404,0.06505730835359635
Fresno,2024-01-01,1.422857142857143,84.75576036866359,3.605069124423963,2683.785714285714,0.0,53.04654377880184,62.0,19.0,70.0,156395.89770576294,23972.44063988997,9.035424694107151,2.3061213026389944,-0.08859462546040975
Fresno,2024-02-01,3.152857142857143,81.24630541871922,4.056650246305418,2822.842857142857,0.4285714285714285,54.37783251231527,54.0,17.0,10.0,119011.48247098151,35342.93448098989,6.315081775451237,1.9899382135553618,-0.3161830890836326
Fresno,2024-03-01,1.2914285714285714,69.0552995391705,4.456682027649769,3318.1,0.4285714285714285,58.26543778801844,33.0,19.0,2.0,191980.57123941806,47975.65759740307,5.246375628836413,1.8320013961554553,-0.1579368173999065
Fresno,2024-04-01,0.9185714285714288,61.42380952380953,4.802380952380952,3458.4714285714285,0.2857142857142857,62.82285714285714,52.0,24.0,317.0,135406.73905732756,32103.718875364943,6.023616462738103,1.9492782510176705,0.11727685486221517
Fresno,2024-05-01,0.2857142857142857,43.976958525345616,5.19815668202765,3868.585714285714,0.2857142857142857,70.29354838709678,51.0,32.0,2726.0,189499.8375019587,62050.89902154058,5.82930625426268,1.921223095109385,-0.028055155908285556
Fresno,2024-06-01,0.0114285714285714,37.114285714285714,5.200476190476191,3744.328571428571,0.2857142857142857,78.84904761904762,57.5,42.5,2372.0,182227.4899190336,82348.13091477541,6.995167505115217,2.0788372973003666,0.15761420219098166
Fresno,2024-07-01,0.0014285714285714,37.59447004608296,4.653917050691244,3463.6857142857143,0.0,85.11706455077787,61.0,44.0,3324.0,98555.3083901567,40207.095348778596,8.06387365173004,2.2042965840577233,0.12545928675735674
Fresno,2024-08-01,0.0042857142857142,39.52995391705069,4.684792626728111,3485.942857142857,0.0,81.06021505376344,58.0,51.0,570.0,37496.85743708683,9413.331562649862,9.618355319533425,2.3625841374868113,0.15828755342908796
Fresno,2024-09-01,0.04,43.8,4.16952380952381,3001.428571428572,0.0,79.09754578754578,60.0,64.0,224.0,14121.919450797446,8162.426260131528,9.132579798344866,2.3157559549736346,-0.046828182513176664
Fresno,2024-10-01,0.04,46.01382488479263,4.111520737327189,3060.657142857143,0.5714285714285714,72.74654377880184,65.0,69.0,1136.0,11983.34937375698,6821.2782163344855,10.784216570385958,2.4667610573337746,0.15100510236013998
Fresno,2024-11-01,1.3814285714285717,65.43333333333334,4.0180952380952375,2892.6,0.4285714285714285,59.45333333333333,64.0,32.0,470.0,1937.8763927896507,9518.097893361883,10.687061466148249,2.458482372297868,-0.008278685035906452
Fresno,2024-12-01,0.8114285714285714,86.17972350230414,3.464976958525346,2576.3857142857146,0.0,54.05253456221198,83.0,31.0,9.0,23604.783597934904,7975.679378803219,11.65861250852536,2.538337814226908,0.07985544192903982
Kern,2001-01-01,1.9266666666666667,77.13978494623656,3.458064516129032,2572.0333333333333,0.0,48.8258064516129,94.0,55.0,,4999.4906,2400.0,4.877515245930231,1.7711340953768697,-0.7672037188500382
Kern,2001-02-01,2.563333333333333,76.19047619047619,3.7083333333333335,2490.2666666666664,0.0,50.705952380952375,61.5,18.0,,19053.3901,1309.0714,3.5472838152219857,1.514530091021617,-0.25660400435525266
Kern,2001-03-01,0.9133333333333334,68.09677419354838,4.020430107526882,2991.7333333333336,0.6666666666666666,59.69354838709677,58.0,26.0,,50235.901,19337.8758,1.7736419076109928,1.0201612247391219,-0.4943688662824952
Kern,2001-04-01,0.5833333333333334,57.84444444444444,4.315555555555556,3108.3,0.0,64.66222222222223,54.0,24.5,,124639.9641,13734.1495,1.7736419076109928,1.0201612247391219,0.0
Kern,2001-05-01,0.0,37.5073732718894,4.1860215053763445,3113.0333333333333,0.0,76.26238289457422,60.0,45.0,,67651.383,4065.4283,4.7297117536293145,1.7456652246845865,0.7255039999454647
Kern,2001-06-01,0.0,36.28888888888888,4.256666666666667,3062.633333333333,0.0,77.22555555555556,54.0,39.5,,110881.3617,22373.7743,5.912139692036643,1.9332792413722795,0.18761401668769295
Kern,2001-07-01,0.0,44.83870967741935,3.9516129032258074,2942.4,0.0,83.00860215053764,55.0,31.0,,14049.9885,60193.7264,6.355550168939392,1.995455153287057,0.06217591191477756
Kern,2001-08-01,0.0,43.76344086021506,3.729032258064516,2773.5333333333333,0.0,83.45268817204301,57.0,48.0,,2107.9995,18770.5478,20.840292414429168,3.0837565397261377,1.0883013864390807
Kern,2001-09-01,0.0033333333333333,43.77164750957854,3.538888888888889,2489.6,0.0,79.14333333333333,62.5,53.0,,186.03,6839.1136,22.31832733743833,3.1492396323848784,0.06548309265874064
Kern,2001-10-01,0.1033333333333333,54.08602150537634,3.1150537634408604,2316.733333333333,0.0,70.31720430107526,71.0,58.0,,166.8083,47.0,33.107982275405206,3.529531441218744,0.3802918088338658
Kern,2001-11-01,1.1166666666666667,81.25555555555556,3.046666666666667,2192.066666666667,0.0,61.29555555555555,114.0,35.0,,616.0,0.0,21.874916860535578,3.1300409766428743,-0.3994904645758699
Kern,2001-12-01,0.59,85.56428237494156,3.3707339878447877,2312.9,0.0,52.507386629266016,95.0,26.0,,103.25,0.0,13.006707322480615,2.63953630934905,-0.49050466729382425
Kern,2002-01-01,0.4866666666666666,84.49462365591397,3.2215053763440857,2395.0,0.0,50.4010752688172,120.0,31.0,,794.8495,10455.9826,11.382317641583784,2.516269458263697,-0.12326685108535296
Kern,2002-02-01,0.1233333333333333,68.33333333333333,3.498809523809524,2349.6,0.0,53.26190476190476,113.0,58.0,,5208.7197,3358.97,5.186878925278687,1.8224307471442942,-0.6938387111194029
Kern,2002-03-01,0.3566666666666667,55.64516129032258,4.470967741935484,3323.866666666667,0.3333333333333333,58.72043010752688,63.0,33.0,,22578.0665,31021.9,6.915838567038249,2.0688656342830374,0.24643488713874317
Kern,2002-04-01,1.0499999999999998,53.15555555555556,4.656666666666667,3354.8,0.0,67.1893567251462,61.0,34.5,,51165.907,6865.635,7.78031838791803,2.172512669850367,0.10364703556732957
Kern,2002-05-01,0.1399999999999999,42.55125448028674,4.367741935483871,3246.566666666667,0.0,72.46778673835125,62.0,41.0,,51796.8057,682.0,12.246797462463563,2.583755822271704,0.41124315242133713
Kern,2002-06-01,0.0,40.19846743295019,4.224444444444444,3042.966666666667,0.0,77.69833333333334,66.5,51.0,,34322.5368,839.0111,25.21399477566028,3.2662934199015483,0.6825375976298442
Kern,2002-07-01,0.0033333333333333,41.75268817204301,3.78494623655914,2818.0333333333333,0.0,80.31129032258065,70.0,47.5,,11812.0984,9208.4348,20.171195820528222,3.0526415701139724,-0.2136518497875759
Kern,2002-08-01,0.0,41.58064516129033,3.395698924731183,2525.066666666667,0.0,79.50483870967741,86.0,57.0,,5430.1932,19171.148,16.857356507155732,2.882415552576136,-0.1702260175378365
Kern,2002-09-01,0.0,40.34444444444444,3.464444444444444,2491.833333333333,0.0,76.875,74.0,53.0,,3467.6678,465.85,10.517837820704004,2.443896948476928,-0.43851860409920773
Kern,2002-10-01,0.0,53.935483870967744,3.064516129032258,2281.1666666666665,0.0,68.61075268817204,96.0,59.0,,6283.9851,604.11,12.390877432610196,2.59457368650389,0.15067673802696202
Kern,2002-11-01,1.3166666666666669,77.73492063492064,2.8344444444444448,2040.1,0.0,60.19666666666666,153.5,58.5,,9176.6206,11782.5,8.64479820879781,2.266418724293085,-0.3281549622108053
Kern,2002-12-01,1.33,78.54838709677419,3.417204301075269,2541.866666666667,0.0,54.25806451612903,84.0,29.5,,1265.2101,50538.0,5.907278776011838,1.932575750666572,-0.33384297362651294
Kern,2003-01-01,0.2133333333333333,89.90003982477101,2.8720430107526886,2138.633333333333,0.0,53.26881720430108,125.0,40.0,,3652.2064,115785.5,8.680166659199857,2.270079117999767,0.33750336733319486
Kern,2003-02-01,1.843333333333333,73.94047619047619,3.988095238095239,2679.233333333333,0.3333333333333333,53.96309523809524,77.0,22.0,,32187.4182,29350.5,4.620088705703149,1.7263474477139793,-0.5437316702857875
Kern,2003-03-01,0.5033333333333333,64.02150537634408,4.02258064516129,2993.1666666666665,0.0,59.08387096774194,68.0,24.0,,39483.2284,1.0,5.180099457909592,1.8213343648529792,0.09498691713899987
Kern,2003-04-01,1.4866666666666666,60.61111111111111,4.674444444444444,3363.5333333333333,0.0,64.03666666666668,57.5,19.0,,47640.651,277.6806,6.300120962322476,1.9878909181982225,0.16655655334524333
Kern,2003-05-01,0.3866666666666667,50.39784946236559,4.30752688172043,3204.9666666666667,0.0,70.44516129032259,68.0,38.0,,52951.4177,940.5097,7.8401505308901935,2.1793039048858143,0.19141298668759177
Kern,2003-06-01,0.0033333333333333,43.04444444444445,4.054444444444445,2919.5,0.0,79.34333333333332,66.0,51.0,,27852.9493,15735.5175,9.38018009945791,2.3398982282093717,0.1605943233235574
Kern,2003-07-01,0.0,41.57181259600615,2.9657066052227345,2146.9333333333334,0.0,82.45752688172043,72.0,45.0,,16340.2825,65401.94,17.220330630348105,2.902538038228532,0.5626398100191605
Kern,2003-08-01,0.0,48.47196620583717,3.021582181259601,2185.366666666667,0.0,82.14435483870967,72.0,49.0,,11315.1236,134582.0025,21.000403207741588,3.091060780814985,0.18852274258645263
Kern,2003-09-01,0.0,46.05555555555557,3.0122222222222224,2167.3,0.0,80.68777777777778,76.5,68.0,,7003.9935,141622.5188,19.880381703328705,3.0388100436581076,-0.052250737156877225
Kern,2003-10-01,0.21,49.67741935483871,3.1,2307.3,0.0,71.10215053763442,84.0,72.0,,18277.3341,54310.5473,24.64047309708346,3.244172083406558,0.20536203974845035
Kern,2003-11-01,0.33,74.62222222222222,2.864444444444445,2063.0333333333333,0.0,59.30777777777778,92.5,46.0,,3184.3763,47128.575,27.300524170064065,3.3428803263880544,0.0987082429814965
Kern,2003-12-01,1.7933333333333332,77.77419354838709,3.453763440860215,2570.7333333333336,0.0,53.90537634408602,87.0,37.0,,1228.8456,3503.2466,20.58039514358676,3.0717852703012185,-0.27109505608683593
Kern,2004-01-01,0.56,86.81720430107526,3.051612903225806,2265.9333333333334,0.0,51.35268817204301,111.0,32.0,,1020.4747,23669.8125,17.112682942729556,2.896612407953532,-0.17517286234768648
Kern,2004-02-01,2.0,70.59770114942529,3.6781609195402303,2559.0333333333333,0.0,52.99540229885057,64.0,21.0,,13059.7142,1325.4367,11.815900127122788,2.5506865974681414,-0.3459258104853906
Kern,2004-03-01,0.2966666666666667,65.3763440860215,3.610752688172043,2681.766666666667,0.0,62.4236559139785,72.5,40.0,,33966.65,1613.9955,14.396384062931212,2.7341326807411246,0.18344608327298317
Kern,2004-04-01,0.01,45.9,4.213333333333334,3030.4666666666667,0.0,68.23888888888888,57.0,37.0,,80952.46,11057.3349,12.902419679042124,2.6320629026158233,-0.10206977812530127
Kern,2004-05-01,0.0,42.333333333333336,4.441935483870967,3304.7000000000003,0.0,72.91397849462366,53.0,35.0,,68996.8273,11774.97,16.84105305474972,2.881502153142403,0.24943925052657967
Kern,2004-06-01,0.0,42.6,4.1177777777777775,2965.4,0.0,79.65222222222222,60.0,41.0,,18669.6368,40888.8997,18.74246227060856,2.9827717613131144,0.1012696081707114
Kern,2004-07-01,0.0,41.56989247311828,3.6053763440860216,2681.133333333333,0.0,83.04623655913979,61.0,42.0,,10369.1535,15795.8858,19.828981822527897,3.0363453737386825,0.05357361242556813
Kern,2004-08-01,0.0,44.107526881720425,3.375268817204301,2508.5333333333333,0.0,82.90418984056357,55.0,49.0,,3883.0506,13888.7723,18.87827721459848,2.9896275382478716,-0.04671783549081088
Kern,2004-09-01,0.0,40.37777777777778,3.3800000000000003,2432.366666666667,0.0,76.7088888888889,61.0,51.0,,6865.2655,8402.2647,19.14990710257831,3.003199678088184,0.01357213984031258
Kern,2004-10-01,0.7833333333333332,64.96774193548386,3.2161290322580647,2391.833333333333,0.0,68.53870967741936,72.0,45.5,,10663.5306,1126.717,17.248497886719473,2.904082769064031,-0.09911690902415327
Kern,2004-11-01,0.11,76.77777777777779,3.003333333333334,2161.5333333333333,0.0,58.68444444444444,90.0,26.0,,4226.0023,143.8,20.23642665449765,3.0557179456148007,0.15163517655076975
Kern,2004-12-01,0.7666666666666666,82.20430107526882,3.617204301075269,2692.266666666667,0.6666666666666666,51.81182795698925,90.0,39.5,,559.2127,100.0,11.951715071112703,2.56122821730018,-0.4944897283146208
Kern,2005-01-01,1.2333333333333332,88.66666666666667,3.3430107526881723,2485.6,0.0,52.70752688172043,73.0,18.0,,1426.8174,2063.6866,13.408244229854112,2.667800558719308,0.10657234141912797
Kern,2005-02-01,0.7166666666666668,81.07142857142857,3.4178571428571427,2297.0,0.0,54.88571428571429,89.0,33.0,,21064.8944,4447.21,8.01865586295197,2.199295305559245,-0.4685052531600631
Kern,2005-03-01,0.43,71.97795698924732,3.814726507713885,2598.633333333333,0.0,60.1447311827957,63.0,31.0,,154678.9619,27472.7796,10.384816609396813,2.4322805912960948,0.23298528573684996
Kern,2005-04-01,0.5633333333333334,57.9,4.3500000000000005,3131.3,0.0,64.2988888888889,61.5,19.0,,88296.4703,44502.0683,9.727549735384358,2.372815174123959,-0.059465417172135826
Kern,2005-05-01,0.7999999999999999,56.21505376344086,4.209677419354839,3131.633333333333,0.0,72.60215053763442,58.0,31.0,,94873.7006,57689.5729,8.675922736964425,2.269640607697755,-0.10317456642620382
Kern,2005-06-01,0.0,47.88965517241379,4.165555555555556,3000.133333333333,0.0,76.78333333333335,56.5,37.5,,53690.6613,90124.0408,11.567896982619237,2.531145704119856,0.26150509642210107
Kern,2005-07-01,0.0,45.80645161290323,3.409677419354839,2536.4,0.0,84.48709677419355,73.0,49.0,,22682.8959,79102.8821,9.464642985779374,2.348002240244781,-0.18314346387507507
Kern,2005-08-01,0.0,43.31182795698925,3.401075268817204,2528.633333333333,0.0,83.35053763440861,68.0,41.0,,8171.311,69935.0529,14.985684727484008,2.7716936172205355,0.42369137697575443
Kern,2005-09-01,0.0,49.644444444444446,3.133333333333333,2258.1666666666665,0.0,75.60444444444444,64.0,44.5,,11911.5856,11092.0219,25.50195471168331,3.2772184929768726,0.5055248757563371
Kern,2005-10-01,1.3133333333333332,61.87773795300677,3.1074472321784152,2205.433333333333,0.0,68.6495420151334,65.0,57.0,,19199.2037,8683.9037,28.131022207733142,3.3718036615926374,0.09458516861576483
Kern,2005-11-01,0.1566666666666666,67.37777777777778,2.808888888888889,2021.3666666666668,0.0,61.71,98.0,44.0,,11007.7388,2262.6096,33.783517324240265,3.5491436344694836,0.1773399728768461
Kern,2005-12-01,1.09,79.85363984674329,3.056989247311828,2271.4666666666667,0.0,55.45698924731183,93.0,30.0,,3389.7167,2397.5907,24.1874209636584,3.226344701782709,-0.3227989326867746
Kern,2006-01-01,1.7433333333333334,81.1505376344086,3.573118279569892,2657.866666666667,0.0,53.09354838709677,84.0,42.0,,23966.537,5956.9209,11.217178599152849,2.502843043219287,-0.7235016585634217
Kern,2006-02-01,0.14,64.96428571428571,3.5797619047619045,2405.2000000000003,0.0,54.81071428571429,79.0,32.0,,30454.2931,8899.1873,7.393140440350741,2.1274147579942633,-0.3754282852250239
Kern,2006-03-01,2.056666666666666,72.65591397849464,3.943010752688172,2933.9666666666667,0.0,56.21827956989247,53.0,15.0,,137837.5362,9958.5191,13.129197678553902,2.64824341366562,0.5208286556713566
Kern,2006-04-01,1.2266666666666666,68.64920634920635,4.336666666666667,3124.366666666667,0.0,63.45444444444445,46.5,16.0,,213146.2438,27164.1321,7.393140440350741,2.1274147579942633,-0.5208286556713566
Kern,2006-05-01,0.0933333333333333,50.620318872821656,4.134408602150537,3073.8,0.0,74.67849462365591,63.0,44.0,,86961.3414,72595.0132,7.393140440350741,2.1274147579942633,0.0
Kern,2006-06-01,0.0,47.27777777777777,3.784444444444445,2726.1333333333337,0.0,79.92444444444445,58.5,45.0,,52626.3078,211023.1552,8.66781982661811,2.2688028266123608,0.1413880686180975
Kern,2006-07-01,0.0,47.68196856906534,3.4333333333333336,2550.833333333333,0.0,85.60107526881721,68.0,46.0,,29422.9584,141972.328,9.177691581125057,2.3201982252045688,0.051395398592207986
Kern,2006-08-01,0.0,47.634408602150536,3.376344086021505,2509.3,0.0,80.352688172043,65.0,54.0,0.0,2925.1262,60688.6319,15.296152635208433,2.790929045302365,0.47073082009779643
Kern,2006-09-01,0.0266666666666666,45.55555555555555,3.2788888888888885,2363.5333333333333,0.0,77.17222222222223,76.0,66.0,0.0,8136.4222,13553.0806,16.315896144222325,2.8516249318845897,0.06069588658222447
Kern,2006-10-01,0.22,60.17204301075268,3.0580645161290323,2278.833333333333,0.0,68.48709677419355,67.0,42.0,84.95,11049.5398,8550.1894,14.40387706482127,2.73461923518992,-0.11700569669466976
Kern,2006-11-01,0.0633333333333333,74.27777777777779,2.821111111111111,2025.6,0.0,61.58555555555555,83.5,41.0,33.38,3278.0071,1277.2966,9.81503127425874,2.3809369511492218,-0.3536822840406981
Kern,2006-12-01,0.5566666666666666,68.74193548387098,3.2774193548387096,2443.4,0.0,52.54086021505376,96.0,31.0,137.24,2635.7261,1092.5218,9.560095397005268,2.357082312044628,-0.023854639104593733
Kern,2007-01-01,0.4266666666666667,66.0967741935484,3.118279569892473,2316.9,0.0,47.61397849462366,100.0,37.0,525.6,22554.1986,2100.5223,11.07955995473564,2.491514764255059,0.13443245221043076
Kern,2007-02-01,1.2866666666666666,70.20238095238095,3.714285714285714,2495.6,0.0,54.58452380952381,85.0,26.5,40.3,24699.8493,10160.9217,12.946901520140525,2.635257370344998,0.14374260608993916
Kern,2007-03-01,0.58,57.56989247311828,3.781720430107527,2809.366666666667,0.0,61.73333333333333,71.0,31.0,569.6,93093.5307,13579.2982,17.80198959019322,2.9339626935019787,0.29870532315698073
Kern,2007-04-01,0.68,53.47777777777778,4.268888888888889,3074.6,0.0,66.28555555555556,58.5,29.5,83.75,114896.3307,61975.8577,12.573433207059548,2.608114441631042,-0.3258482518709367
Kern,2007-05-01,0.3866666666666666,39.45161290322581,4.252688172043011,3163.7333333333336,0.0,73.95698924731184,63.0,43.0,985.35,67472.0156,244913.3,12.19996489397857,2.5802141700417107,-0.027900271589331282
Kern,2007-06-01,0.0,40.577777777777776,3.9066666666666654,2811.1666666666665,0.0,80.07063492063492,67.0,41.0,2492.3,30956.0189,257479.2833,15.4366902740137,2.7995160478281207,0.21930187778640997
Kern,2007-07-01,0.0,46.17204301075268,3.498924731182796,2602.133333333333,0.0,84.76390681003585,64.0,44.0,681.55,16569.1937,126018.3586,13.818327583996137,2.695864764916804,-0.10365128291131676
Kern,2007-08-01,0.0033333333333333,44.8494623655914,3.2516129032258068,2416.1666666666665,0.0,80.21827956989247,69.0,53.0,135.69,5286.2337,66386.882,23.404014286407868,3.1947476387019846,0.4988828737851807
Kern,2007-09-01,0.1333333333333333,52.16666666666666,3.6422222222222222,2621.633333333333,0.0,75.97555555555556,69.5,45.0,109.15,14353.7527,32799.1911,16.059137462481996,2.8366859817280536,-0.358061656973931
Kern,2007-10-01,0.0966666666666666,58.69892473118281,3.3430107526881723,2486.866666666667,0.0,65.9010752688172,69.0,42.0,363.45,13649.6181,8700.6585,15.68566914940102,2.814550216247887,-0.022135765480166825
Kern,2007-11-01,0.1566666666666666,69.85555555555555,2.813333333333333,2027.7666666666669,0.0,59.347777777777786,146.5,50.5,10.16,17858.9452,9252.8782,14.191795897077112,2.7207555385248643,-0.09379467772302252
Kern,2007-12-01,0.5599999999999999,73.5268817204301,3.196774193548387,2373.0666666666666,0.0,49.30107526881721,86.0,24.0,4.1,5181.6902,10727.5514,8.216302887781486,2.220973968841158,-0.49978156968370646
Kern,2008-01-01,1.2533333333333332,73.56989247311827,4.30752688172043,3204.6666666666665,1.3333333333333333,49.2021505376344,74.0,34.0,5.85,39550.6256,4721.3829,14.419663533037529,2.7356435477309415,0.5146695788897837
Kern,2008-02-01,1.32,70.97701149425286,3.820689655172414,2658.5,0.0,51.670114942528734,85.0,29.0,9.83,26403.028,9404.1551,15.275067301946532,2.7896343233823364,0.05399077565139487
Kern,2008-03-01,0.0933333333333333,55.74193548387097,4.164516129032258,3098.133333333333,0.0,58.5258064516129,68.0,31.0,769.86,69646.1346,51845.9859,7.576433381765479,2.149018137306004,-0.6406161860763322
Kern,2008-04-01,0.1733333333333333,49.03333333333333,4.222222222222222,3035.9666666666667,0.0,64.05222222222223,66.0,40.0,24.47,92278.8071,60948.0766,11.120248995817075,2.4948775246394685,0.34585938733346433
Kern,2008-05-01,0.0566666666666666,45.60177975528365,4.327956989247312,3217.4666666666667,0.0,70.79569892473118,69.0,44.0,270.23,62207.6213,121542.5918,7.698633920181051,2.1631659926626576,-0.3317115319768109
Kern,2008-06-01,0.0333333333333333,37.91111111111111,3.901111111111111,2808.333333333333,0.0,75.51777777777778,68.0,46.0,221.77,38518.1281,224681.6556,6.232227459194186,1.9785470743643865,-0.18461891829827115
Kern,2008-07-01,0.0333333333333333,44.73118279569892,3.509677419354839,2612.2000000000003,0.0,81.15483870967743,74.0,45.5,766.6899999999999,16476.6576,174253.9192,4.521419921376173,1.708635059343856,-0.2699120150205305
Kern,2008-08-01,0.0066666666666666,41.2258064516129,3.4516129032258065,2569.6666666666665,0.0,79.5731182795699,64.0,55.5,3027.23,7511.995,46103.5566,6.843230151272047,2.059650758600699,0.35101569925684317
Kern,2008-09-01,0.02,44.97777777777778,3.155555555555555,2272.6,0.0,75.50555555555556,71.5,71.0,216.5,10319.6325,25445.8554,10.142644688492496,2.410779611035172,0.3511288524344729
Kern,2008-10-01,0.0266666666666666,48.096774193548384,3.250537634408602,2412.1666666666665,0.0,66.51182795698925,78.0,76.0,493.71,10233.4796,16726.9663,6.47662853602533,2.0117819598989732,-0.3989976511361988
Kern,2008-11-01,1.0666666666666669,77.73333333333333,2.857777777777778,2054.5666666666666,0.0,59.54,131.5,63.5,112.85,11529.0012,1337.6562,6.110026920778613,1.9615060301340872,-0.05027592976488604
Kern,2008-12-01,0.9733333333333332,84.93548387096774,3.1451612903225805,2334.066666666667,0.0,51.10645161290322,97.0,44.0,2.0,3117.99,740.9402,5.621224767116324,1.8902803629750693,-0.0712256671590179
Kern,2009-01-01,0.58,81.40860215053765,2.840860215053764,2108.7000000000003,0.0,49.54623655913978,142.0,39.0,5.1,35124.5616,3824.1559,3.7343233707207366,1.5548388168959353,-0.335441546079134
Kern,2009-02-01,1.36,72.78571428571429,3.878571428571429,2604.2333333333336,0.0,51.66666666666666,64.0,19.0,948.1,20037.2186,9790.4361,3.8547854149375342,1.5799649019894666,0.025126085093531314
Kern,2009-03-01,0.27,59.72043010752688,4.068817204301076,3029.0,0.0,57.65483870967742,65.0,30.0,49.11,44632.8603,17371.7241,3.132013149636747,1.418764733642635,-0.1612001683468316
Kern,2009-04-01,0.3366666666666666,48.355555555555554,4.622222222222223,3328.933333333333,0.3333333333333333,63.29,59.0,37.0,39.2,88494.3989,31940.582,3.7343233707207366,1.5548388168959353,0.13607408325330028
Kern,2009-05-01,0.15,47.03930292918057,3.836559139784946,2855.7000000000003,0.0,72.5763440860215,61.0,39.0,572.8,69666.383,127915.9667,4.216171547587929,1.6517637128082092,0.09692489591227393
Kern,2009-06-01,0.0666666666666666,48.366666666666674,4.091111111111111,2942.566666666667,0.0,75.57222222222222,56.0,34.0,348.49,38806.4218,275086.1305,7.830032874091867,2.1781587376091496,0.5263950248009404
Kern,2009-07-01,0.0,41.72043010752688,3.227956989247312,2399.5666666666666,0.0,80.37081942899518,68.0,40.0,306.63,12167.7966,150305.4595,9.155115360476644,2.317977554935982,0.13981881732683243
Kern,2009-08-01,0.01,45.38709677419354,3.180645161290323,2368.1666666666665,0.0,77.73010752688172,68.0,46.0,2037.68,5755.3052,69516.2448,9.636963537343837,2.3643350613557685,0.04635750641978653
Kern,2009-09-01,0.0633333333333333,46.65555555555556,3.1633333333333336,2277.4,0.0,75.8611111111111,68.0,55.0,389.15,9544.2415,33375.4342,8.311881050959059,2.2312911171702825,-0.13304394418548604
Kern,2009-10-01,0.09,56.59263854425145,3.444086021505376,2566.5,0.3333333333333333,65.66881720430108,68.0,52.0,79.73,11101.8395,8611.125,6.986798564574281,2.0777899992058284,-0.1535011179644541
Kern,2009-11-01,0.2633333333333333,70.44444444444444,2.8177777777777777,2031.5666666666668,0.0,58.80222222222222,93.5,46.0,89.17,340.8887,7.0,6.384488343490292,1.9993816303726282,-0.07840836883320024
Kern,2009-12-01,1.4466666666666663,81.53799283154122,3.003835125448029,2212.9666666666667,0.0,52.42756272401434,105.0,26.0,2.26,3259.8352,9.0,4.938943812888716,1.781531308286616,-0.21785032208601218
Kern,2010-01-01,1.6900000000000002,87.47192353643966,3.196774193548387,2077.5,0.0,51.58148148148148,82.0,25.0,0.02,30092.2557,2663.3497,12.001506723814437,2.565065252577318,0.7835339442907019
Kern,2010-02-01,1.893333333333333,81.65873015873017,3.3341269841269843,2051.266666666667,0.0,53.54880952380952,63.0,20.0,0.24,48920.8724,10619.0295,5.703686363792999,1.9026575786416373,-0.6624076739356806
Kern,2010-03-01,0.63,66.71039426523298,3.8965591397849457,2869.9666666666667,0.0,55.52204301075269,56.0,23.0,0.8300000000000001,150424.0092,25800.0838,8.199049147952437,2.2191001252302245,0.31644254658858717
Kern,2010-04-01,1.1366666666666667,64.97777777777777,4.297777777777778,3094.566666666667,0.0,61.02444444444444,57.0,22.5,2.7,160371.9922,42222.0171,6.535473958512811,2.0196217310309765,-0.19947839419924795
Kern,2010-05-01,0.53,50.73118279569892,4.43010752688172,3299.333333333333,0.0,67.48924731182795,53.0,24.0,19.96,86689.1253,104158.806,6.060166761530061,1.9544686718395115,-0.06515305919146508
Kern,2010-06-01,0.0,46.76222222222222,3.9025925925925926,2717.6666666666665,0.0,75.55111111111111,54.5,33.0,1262.79,44953.3694,135461.225,7.961395549461061,2.19292596814662,0.23845729630710855
Kern,2010-07-01,0.03,46.29032258064516,3.404301075268817,2530.1,0.0,80.33118279569892,65.0,36.5,412.65,17460.0395,99433.4335,10.33793153437481,2.4281538772857854,0.23522790913916536
Kern,2010-08-01,0.0,45.784946236559136,3.4408602150537635,2556.7333333333336,0.0,79.17956989247313,60.0,42.0,2203.93,11575.8366,66057.4264,24.715974243102995,3.2471123646886055,0.8189584874028202
Kern,2010-09-01,0.0,51.67777777777778,3.035555555555556,2184.0,0.0,73.68555555555555,63.5,54.0,267.25,7898.1668,31438.9048,33.74681098577525,3.5480877976061413,0.3009754329175358
Kern,2010-10-01,0.3066666666666667,65.59510567296996,3.147311827956989,2338.633333333333,0.0,68.51935483870967,62.0,33.0,474.31,14089.3821,31320.1037,52.521445266593865,3.980082419689182,0.4319946220830406
Kern,2010-11-01,0.8933333333333334,75.48888888888888,3.036666666666666,2184.0333333333333,0.0,57.41777777777778,83.5,35.0,8.23,7172.5558,39557.3749,33.98446458426662,3.554904093929446,-0.4251783257597359
Kern,2010-12-01,5.633333333333333,85.03464755077658,2.9806451612903224,2218.1,0.3333333333333333,53.73225806451613,77.0,27.0,1.11,5079.4154,32007.5145,25.547761837822808,3.278945444240833,-0.2759586496886133
Kern,2011-01-01,0.5733333333333334,89.95698924731182,2.753763440860215,2050.833333333333,0.0,48.50645161290323,91.0,36.5,2.15,73863.0957,19141.8488,25.54049934618676,3.2786718435796174,-0.0002736006612154007
Kern,2011-02-01,0.83,69.1190476190476,3.5392857142857146,2376.9,0.0,50.134523809523806,58.0,32.0,8.21,21391.2438,14216.4982,12.358306135251658,2.592138373786881,-0.6865334697927366
Kern,2011-03-01,1.79,73.50716845878136,3.840931899641577,2830.3,0.0,54.30463230750217,56.0,24.0,1245.13,97616.7147,25040.3512,14.241476593956673,2.7240204349322643,0.13188206114538348
Kern,2011-04-01,0.1266666666666666,60.49825087456272,4.265797101449276,2848.1666666666665,0.0,64.23608695652173,56.5,24.0,25.04,128888.7861,71654.1379,15.889250745323556,2.8266773689904774,0.10265693405821308
Kern,2011-05-01,0.39,52.655913978494624,4.4215053763440855,3291.7333333333336,0.0,68.08924731182796,58.0,28.0,282.47,82416.7052,105881.3643,19.655591662733585,3.0279860654509867,0.2013086964605093
Kern,2011-06-01,0.1966666666666666,54.98461538461538,3.8277777777777775,2753.433333333333,0.0,73.24333333333333,61.5,34.0,2103.21,68285.5886,228987.8476,19.3024972017264,3.010743893345403,-0.017242172105583542
Kern,2011-07-01,0.1066666666666666,53.774193548387096,3.390322580645161,2519.7333333333336,0.0,78.54408602150538,59.0,38.0,1183.98,45498.3877,147992.6297,28.60065134158241,3.3877963658711026,0.3770524725256994
Kern,2011-08-01,0.0033333333333333,51.913978494623656,3.029032258064516,2253.9333333333334,0.0,78.82903225806452,62.0,44.0,170.3,12985.2351,99934.2222,35.78023871539527,3.604960709513875,0.21716434364277237
Kern,2011-09-01,0.0433333333333333,53.48888888888889,3.135555555555555,2255.133333333333,0.0,75.92777777777779,69.5,55.0,9219.92,12023.6196,92976.7106,39.07578701812905,3.6907723369335748,0.08581162741969983
Kern,2011-10-01,0.5299999999999999,66.64605734767025,2.8591397849462368,2127.5333333333333,0.0,68.00537634408603,75.0,54.0,199.71,17732.1394,28005.2138,38.369598096114665,3.672993896524436,-0.017778440409138785
Kern,2011-11-01,1.1733333333333331,79.89999999999999,3.1888888888888887,2298.933333333333,0.0,57.27333333333333,73.5,33.5,14.03,8403.106,7480.2752,29.77763287827304,3.42678822091389,-0.24620567561054596
Kern,2011-12-01,0.0533333333333333,70.66666666666667,2.7526881720430105,2046.2,0.0,47.60064516129032,147.0,58.5,4.98,4017.2459,4237.1065,23.30423442647455,3.1906505913991694,-0.23613762951472062
Kern,2012-01-01,0.1166666666666666,69.15975422427036,3.017818740399386,2172.7000000000003,0.0,48.455453149001535,107.0,57.0,34.480000000000004,45245.8254,3685.8735,22.65934248194553,3.1637580678828296,-0.02689252351633975
Kern,2012-02-01,0.3433333333333333,59.68045977011494,3.889511494252874,2550.2000000000003,0.3333333333333333,52.52809195402299,59.0,27.0,2.5500000000000003,32507.2905,12619.7471,27.68177406299531,3.3562618709660197,0.19250380308319004
Kern,2012-03-01,0.9366666666666666,59.892473118279575,4.132258064516129,3076.3000000000006,0.0,57.66666666666666,55.0,22.0,88.5,95226.2427,36977.8657,20.790530730857235,3.0814755052848413,-0.2747863656811784
Kern,2012-04-01,1.8333333333333333,61.38371647509579,4.035555555555555,2903.7666666666664,0.0,63.79,62.0,28.0,10.25,177419.5592,71748.971,16.7025050253516,2.873706156421825,-0.20776934886301612
Kern,2012-05-01,0.0,46.344086021505376,3.951612903225806,2938.833333333333,0.0,72.03440860215055,62.0,41.0,14.81,106607.305,150648.1392,13.548885195390108,2.6775143718085936,-0.1961917846132315
Kern,2012-06-01,0.0,48.11388888888889,3.953333333333333,2283.133333333333,0.3333333333333333,75.10972222222222,59.5,43.5,269.79,69841.8253,248922.1065,16.352102822022545,2.8537136991653007,0.17619932735670707
Kern,2012-07-01,0.0,43.87096774193549,3.7,2751.0,0.0,79.62258064516129,61.0,32.0,1858.79,36115.6057,151544.8893,16.468903556465563,2.86042236066897,0.006708661503669333
Kern,2012-08-01,0.0,42.064516129032256,3.333870967741936,2479.5,0.0,80.2741935483871,64.0,44.0,375.28,11069.1054,101532.9879,19.03851971421196,2.9976564069321063,0.1372340462631363
Kern,2012-09-01,0.0,44.38333333333333,3.168333333333333,2286.2,0.0,74.46833333333333,64.0,55.0,178.3,11945.5259,63786.3863,17.753711635338764,2.931391686710869,-0.0662647202212372
Kern,2012-10-01,0.0,58.66129032258064,3.2451612903225806,2416.95,0.0,67.0225806451613,67.0,38.5,22.8,18095.2756,51476.0048,16.819305759794617,2.880282462798611,-0.05110922391225792
Kern,2012-11-01,0.19,70.96296296296296,2.922222222222222,1995.95,0.0,58.665,80.0,38.0,22.41,7231.1772,25220.3005,17.28650869756669,2.9061635583188017,0.025881095520190467
Kern,2012-12-01,1.65,81.51666666666667,3.103225806451613,2306.05,0.0,52.86774193548387,68.0,23.0,0.3,10391.2462,21879.3012,11.44647197541578,2.52143720728369,-0.38472635103511177
Kern,2013-01-01,1.1,75.82258064516128,2.861290322580645,2137.8,0.0,46.237096774193546,91.0,54.0,15.75,43230.9114,19384.353,14.215068203434962,2.722286265983315,0.200849058699625
Kern,2013-02-01,0.415,65.21428571428572,3.4642857142857144,2329.9,0.0,50.158928571428575,70.5,44.0,2.19,16687.2241,24677.5406,11.903674999624398,2.5575121544877866,-0.16477411149552834
Kern,2013-03-01,0.505,59.41935483870968,3.801612903225807,2825.0,0.0,58.68225806451613,65.0,36.0,14.95,124808.8965,61165.7268,11.788105339433873,2.54851546852947,-0.008996685958316597
Kern,2013-04-01,0.08,49.25,4.32,3109.75,0.5,65.90166666666667,63.5,30.5,31.6,115834.2423,117261.072,14.908486164578129,2.7668526878904176,0.21833721936094763
Kern,2013-05-01,0.28,43.75806451612903,4.279032258064516,3180.05,0.0,72.47419354838709,67.0,34.0,606.71,89356.9469,205308.5005,21.380387135247705,3.1081850010026066,0.34133231311218903
Kern,2013-06-01,0.02,45.31436781609195,3.758333333333333,2701.15,0.0,78.65166666666667,70.5,43.0,597.76,94381.8256,339065.7649,15.833043446102357,2.8233438264412984,-0.2848411745613082
Kern,2013-07-01,0.0,40.7258064516129,3.5951612903225807,2676.3,0.0,80.86774193548388,65.0,32.5,149.37,30477.1804,258698.3758,16.410891747054997,2.8570959728621173,0.03375214642081881
Kern,2013-08-01,0.0,44.064516129032256,3.524193548387097,2621.3,0.0,78.21612903225807,77.0,42.5,189.66,12563.7422,164755.6408,15.6019041257213,2.809517395152978,-0.047578577709139314
Kern,2013-09-01,0.0533333333333333,51.29941520467836,3.349707602339181,2143.2000000000003,0.0,74.34274853801169,66.5,42.0,184.4,11860.9177,94138.5653,14.908486164578129,2.7668526878904176,-0.04266470726256033
Kern,2013-10-01,0.0533333333333333,52.36559139784946,3.150537634408602,2343.733333333333,0.0,64.46129032258064,59.0,30.0,12.62,19785.3873,57509.2041,18.26000631010345,2.9580307339973118,0.19117804610689415
Kern,2013-11-01,0.6933333333333334,64.8,2.86,2063.366666666667,0.0,57.934444444444445,79.0,19.0,61.95,6742.9015,38223.4935,20.686969174104537,3.0767115812855517,0.11868084728823991
Kern,2013-12-01,0.1933333333333333,65.96774193548386,2.786021505376344,2072.733333333333,0.0,49.10860215053763,124.0,19.0,8.25,4499.8272,5068.3718,15.833043446102357,2.8233438264412984,-0.2533677548442532
Kern,2014-01-01,0.0333333333333333,57.1505376344086,3.217204301075269,2396.1666666666665,0.6666666666666666,50.35913978494623,139.0,81.0,34.23,48523.4067,13796.9046,14.201064163614584,2.721365436165709,-0.10197839027558953
Kern,2014-02-01,0.3733333333333333,65.39285714285715,3.519047619047619,2360.5,0.0,54.767857142857146,66.0,42.5,3.81,28006.513,37656.1105,12.483193498661208,2.601443983855137,-0.11992145231057183
Kern,2014-03-01,0.49,56.284229390681,4.025985663082437,2966.833333333333,0.3333333333333333,60.04082437275986,56.0,37.0,2.95,163725.5886,69615.909,7.100532081807292,2.0919297486329693,-0.5095142352221678
Kern,2014-04-01,0.3866666666666667,51.65555555555556,4.025555555555555,2903.4666666666667,0.0,65.97555555555556,57.5,33.0,118.85,126913.5794,126353.7249,6.871482659813508,2.0632464385626066,-0.028683310070362733
Kern,2014-05-01,0.0166666666666666,40.494623655913976,4.235483870967742,3152.333333333333,0.0,71.78064516129031,56.0,40.0,34.79,128676.8998,178524.5328,8.016729769782426,2.199081715097018,0.13583527653441152
Kern,2014-06-01,0.1133333333333333,37.78888888888889,3.8777777777777778,2791.2666666666664,0.0,77.43333333333334,70.0,47.0,37.2,75660.0291,257698.4928,6.527908526822832,2.0186172511495872,-0.18046446394743088
Kern,2014-07-01,0.0,44.16129032258064,3.5881720430107524,2668.2000000000003,0.0,80.99032258064517,61.0,31.0,164.17,47462.0686,196807.0057,6.871482659813508,2.0632464385626066,0.044629187413019356
Kern,2014-08-01,0.0,43.8494623655914,3.5688172043010757,2655.933333333333,0.0,79.84623655913978,58.0,30.0,190.62000000000003,21015.6037,110898.4838,9.047452168754452,2.3073190868177655,0.24407264825515895
Kern,2014-09-01,0.0,48.66666666666666,3.2466666666666666,2341.4666666666667,0.0,76.2688888888889,60.0,32.0,32.87,13473.5626,68094.8499,7.673155636791751,2.160232696519028,-0.1470863902987376
Kern,2014-10-01,0.3866666666666667,52.80645161290322,3.07741935483871,2287.366666666667,0.0,69.55591397849462,60.0,21.0,14.15,17833.2357,38291.6512,7.673155636791751,2.160232696519028,0.0
Kern,2014-11-01,0.0733333333333333,73.7,2.745555555555556,1976.9333333333336,0.0,60.43666666666667,83.0,13.0,1.26,9569.4081,3292.9428,9.276501590748236,2.329859889923663,0.16962719340463517
Kern,2014-12-01,1.9966666666666668,82.63419849215177,3.088172043010753,2293.4,0.0,55.43462365591398,69.0,6.0,0.5,5674.2379,37382.5756,10.87984754470472,2.474843480914843,0.14498359099117986
Kern,2015-01-01,0.3333333333333333,85.69815668202766,2.652688172043011,1974.1333333333328,0.0,51.19953405017922,110.0,6.0,3.58,47648.3959,43448.0147,7.380752586953783,2.125937717973923,-0.34890576294092
Kern,2015-02-01,0.69,72.47707231040565,2.964285714285715,1996.1333333333328,0.0,56.46190476190476,84.5,9.0,7000.93,58598.2726,53812.2885,5.563951950165158,1.8815928529946468,-0.2443448649792761
Kern,2015-03-01,0.1633333333333333,58.06413210445468,2.8991167434715823,2082.266666666667,0.0,63.16497695852534,57.0,18.0,6.0,147423.3704,99588.1473,6.245252188960893,1.9803463838570916,0.09875353086244476
Kern,2015-04-01,0.1633333333333333,47.333333333333336,3.695555555555555,2660.0333333333333,0.0,67.20444444444445,54.5,25.0,65.61,124772.2254,110741.6081,6.35880222876018,1.995897178839503,0.015550794982411409
Kern,2015-05-01,0.3066666666666667,49.43010752688172,4.321505376344086,3217.6,0.0,71.3225806451613,47.0,22.0,58.370000000000005,170186.4725,251381.5309,5.109751790968003,1.8098861489488587,-0.18601102989064433
Kern,2015-06-01,0.0833333333333333,43.644444444444446,3.722222222222222,2682.0,0.0,78.96444444444444,56.0,28.0,1828.33,106632.3052,272909.3737,7.2672025471544925,2.1122961866543855,0.30241003770552677
Kern,2015-07-01,0.6933333333333334,47.04189840563589,3.886021505376344,2893.066666666667,0.0,81.17096774193548,54.0,39.0,726.6700000000001,42714.2596,193320.1482,8.85690310434454,2.2881720324984878,0.17587584584410232
Kern,2015-08-01,0.2633333333333333,46.2258064516129,3.2655913978494624,2429.5666666666666,0.0,80.79569892473118,61.0,60.0,2517.48,15485.2572,92109.1582,11.355003979928895,2.5140611615715533,0.22588912907306558
Kern,2015-09-01,0.0766666666666666,45.333333333333336,3.15,2269.0333333333333,0.0,76.53222222222222,56.0,34.5,20.07,14413.4946,41461.2273,15.669905492301874,2.81360502741861,0.2995438658470566
Kern,2015-10-01,0.7633333333333333,60.87769126189593,3.0150537634408603,2245.6666666666665,0.0,71.54193548387097,57.0,18.0,52.620000000000005,16820.0189,59731.6906,16.805405890294765,2.879502112891966,0.06589708547335604
Kern,2015-11-01,0.5800000000000001,70.55555555555556,2.994444444444444,2154.5,0.0,57.75555555555555,78.5,9.5,5.3,8093.8753,26557.1742,16.23765569129832,2.847096275206162,-0.03240583768580407
Kern,2015-12-01,0.6133333333333334,75.39784946236558,3.052688172043011,2266.333333333333,0.0,50.473118279569896,78.0,10.0,4.57,6167.1317,142875.9974,16.351205731097608,2.8536619985659897,0.0065657233598277465
Kern,2016-01-01,2.1133333333333337,81.38709677419355,3.1827956989247315,2363.3,0.0,51.19784946236559,63.0,6.0,3.26,27250.6272,95088.0342,13.205387798221675,2.653621315054712,-0.2000406835112778
Kern,2016-02-01,0.41,71.2183908045977,3.173563218390804,2208.433333333333,0.0,54.34022988505748,75.0,7.0,1.63,39578.5708,121295.6956,12.979654673465747,2.637603035031747,-0.01601828002296468
Kern,2016-03-01,1.106666666666667,62.56989247311827,3.983870967741935,2962.133333333333,0.0,60.15161290322581,44.0,15.0,102.95,134452.9972,119521.9757,9.70652436450482,2.370853309335651,-0.266749725696096
Kern,2016-04-01,1.393333333333333,55.24904214559387,4.024444444444444,2896.2333333333336,0.0,65.95222222222223,44.0,21.0,115.88,148789.9585,134855.4753,9.819390926882784,2.381339980418275,0.01048667108262391
Kern,2016-05-01,0.6000000000000001,50.02457757296467,4.299039938556067,3092.933333333333,0.0,71.7668202764977,42.0,22.0,224.45,145934.5841,152569.5153,9.367924677370931,2.33871687466946,-0.04262310574881489
Kern,2016-06-01,0.1366666666666667,40.644444444444446,3.728888888888889,2686.233333333333,0.0,77.8488888888889,55.0,34.5,284.99,82069.6974,435080.1651,13.318254360599637,2.6615352519090605,0.3228183772396003
Kern,2016-07-01,0.01,38.75268817204301,3.524731182795699,2621.1,0.0,79.88279569892474,56.0,39.5,200.3,47121.453,200489.8005,17.15571748145038,2.8989855238568474,0.2374502719477869
Kern,2016-08-01,0.0,40.31182795698925,3.190322580645161,2374.1666666666665,0.0,79.26666666666667,68.0,42.0,46266.62,17374.7828,148985.6999,29.79677246778224,3.4274098944816025,0.5284243706247551
Kern,2016-09-01,0.0,41.96666666666667,3.3422222222222224,2405.6,0.0,73.89,61.5,44.0,19.89,23383.3939,29862.8385,36.45589964808206,3.6231642315502324,0.19575433706862988
Kern,2016-10-01,0.1299999999999999,58.48275862068965,2.966666666666667,2126.1,0.0,67.59462365591399,59.0,28.0,23.38,21741.7086,39232.0511,46.61389026209873,3.863124530897432,0.23996029934719942
Kern,2016-11-01,0.0499999999999999,71.27111111111111,2.4246666666666665,1639.7666666666669,0.0,60.92955555555556,81.5,15.5,2.87,6147.1854,52951.1133,34.65003465003465,3.5737501188103136,-0.2893744120871182
Kern,2016-12-01,0.6233333333333334,81.0752688172043,2.447311827956989,1820.7666666666669,0.0,52.44193548387097,83.0,9.0,2.12,24853.0299,23319.3041,21.783246538946862,3.126025464938493,-0.4477246538718207
Kern,2017-01-01,1.2166666666666666,82.75555555555555,2.8154259718775845,1952.8666666666668,0.0,51.23556658395368,55.0,8.5,1.75,24799.4672,22640.3631,11.758000199326098,2.54615854144338,-0.5798669234951128
Kern,2017-02-01,1.143333333333333,77.80448717948718,3.2214285714285715,2164.266666666667,0.3333333333333333,55.47976190476191,43.0,10.0,1.6,62874.3581,48206.4539,11.534038290767509,2.528448006749749,-0.017710534693631264
Kern,2017-03-01,0.3433333333333333,68.30250896057348,3.8473118279569896,2861.7000000000003,0.0,59.17419354838709,57.0,12.0,3.33,111001.2478,46356.1699,10.52620970225384,2.444623546693654,-0.0838244600560949
Kern,2017-04-01,0.1433333333333333,53.94444444444443,4.474444444444445,3221.633333333333,0.0,64.29222222222222,51.0,19.5,13.25,126354.6578,98001.3465,8.51055252522651,2.2524019742624977,-0.19222157243115623
Kern,2017-05-01,0.0333333333333333,47.913978494623656,4.243010752688172,3159.066666666667,0.0,72.1505376344086,47.0,26.0,275.44,133059.8788,172156.0883,10.974133519371025,2.482748783215254,0.23034680895275628
Kern,2017-06-01,0.0,44.517020335985855,3.85,2769.6,0.0,79.51222222222222,57.5,32.5,2418.48,82529.5813,282623.5955,19.48468604459753,3.019677584769479,0.5369288015542248
Kern,2017-07-01,0.0,39.66666666666666,3.473118279569892,2587.0333333333333,0.0,83.91075268817204,60.0,39.0,81693.5,55603.2004,219119.6566,21.38836226734557,3.108541282216116,0.08886369744663725
Kern,2017-08-01,0.08,45.14121863799283,3.289247311827957,2448.733333333333,0.0,83.19139784946236,63.0,49.0,593.23,19260.5491,147029.7595,37.62560063784352,3.6539152855913324,0.5453740033752164
Kern,2017-09-01,0.2266666666666666,48.88505747126437,3.5144444444444445,2528.0333333333333,0.0,77.87153256704981,57.0,31.5,533.85,15866.9651,69706.0722,40.87304831194311,3.734642381583083,0.08072709599175054
Kern,2017-10-01,0.02,48.333333333333336,3.3000000000000003,2457.1,0.3333333333333333,67.31182795698925,72.0,64.0,97.9,15994.1192,48636.8403,49.27161988289031,3.917440700835409,0.18279831925232592
Kern,2017-11-01,0.09,70.92452107279694,2.8466666666666662,2048.633333333333,0.0,61.157777777777774,71.5,48.0,107.9,9304.4276,23633.8756,53.07897232838639,3.9904454287506472,0.07300472791523838
Kern,2017-12-01,0.08,62.66666666666666,2.798924731182796,2084.4,0.0,50.594695340501794,126.0,67.0,27.25,4630.0665,12725.4791,37.73758159212281,3.6568102293942637,-0.3336351993563835
Kern,2018-01-01,1.21,80.59147730282325,3.105153874675566,2259.1666666666665,0.0,52.47334074898035,86.0,37.0,6.99,50620.4516,54504.1991,36.77389608874618,3.631618284402771,-0.025191944991492576
Kern,2018-02-01,0.2366666666666666,56.642857142857146,3.7654761904761904,2530.266666666667,0.0,52.3139770723104,63.5,48.5,36.38,19234.808,29994.9644,22.997572478460608,3.177952678501462,-0.4536656059013091
Kern,2018-03-01,2.0933333333333333,66.13978494623656,3.996774193548387,2973.5,0.3333333333333333,56.12745519713261,45.0,12.0,7.79,111059.8826,75066.5327,18.7757958882118,2.984458760035315,-0.19349391846614683
Kern,2018-04-01,0.41,49.398084291187736,4.272222222222222,3078.3,0.0,64.4855172413793,54.0,33.0,1120.75,124815.2601,88703.8197,18.88689527216572,2.9900609857680625,0.005602225732747268
Kern,2018-05-01,0.0,46.40143369175627,4.482795698924731,2545.266666666667,0.0,72.38788365673794,53.0,39.0,155.57,116433.7638,98814.5974,27.330448452663333,3.3439371433205034,0.35387615755244095
Kern,2018-06-01,0.0033333333333333,42.32222222222222,4.086666666666667,2944.633333333333,0.0,76.83273504273505,57.0,51.0,395.13,87976.8155,263895.4049,24.775162621723265,3.2494113391643333,-0.09452580415617007
Kern,2018-07-01,0.0,43.38709677419354,3.6462365591397847,2711.9333333333334,0.0,80.77028862478777,65.0,51.0,1635.09,81613.6489,309062.6933,29.88573428360339,3.430294403629806,0.18088306446547264
Kern,2018-08-01,0.0,43.84907834101383,3.5079718205413424,2550.5333333333333,0.0,78.39467132793051,69.0,60.0,526.06,31154.9167,162702.3084,29.88573428360339,3.430294403629806,0.0
Kern,2018-09-01,0.0,46.01111111111111,3.315555555555556,2387.2333333333336,0.0,73.16000000000001,59.0,67.5,201.75,17597.4228,48642.5571,25.10846077358501,3.262259429368,-0.16803497426180591
Kern,2018-10-01,0.52,48.24230205278592,3.541825513196481,2418.5,0.0,65.38582600195504,54.0,54.0,157.16,18968.3089,32262.3037,33.99641148989829,3.555245527372922,0.2929860980049219
Kern,2018-11-01,0.6425000000000001,52.67121365787694,3.224362745098039,2081.075,0.25,56.43549019607843,81.5,62.5,32.980000000000004,6483.5943,8054.5855,31.44112565895822,3.479426928366468,-0.07581859900645416
Kern,2018-12-01,0.5975,73.91935483870968,3.320161290322581,2468.6,0.25,51.433542413381126,77.0,25.0,2.73,2665.809,30715.5865,28.33034290824857,3.3786225743035105,-0.10080435406295729
Kern,2019-01-01,0.955,68.22903225806452,3.884677419354839,2452.425,1.25,49.9752688172043,64.0,19.0,1.23,21756.8864,22754.84,34.651717136046614,3.5737973122093574,0.19517473790584683
Kern,2019-02-01,0.9025,64.13095238095238,5.363095238095238,2700.4,2.5,49.74880952380952,42.5,9.5,0.5,29523.7281,18679.5132,30.458197227862627,3.4486595923602006,-0.12513771984915678
Kern,2019-03-01,1.5125,59.3692876344086,4.099697580645161,2982.075,1.75,56.18709677419355,45.0,19.0,0.03,91846.1562,55724.4799,39.61772755363291,3.704204610560551,0.25554501820035025
Kern,2019-04-01,0.745,47.94166666666666,4.3950000000000005,3164.3250000000003,1.25,66.01878205128205,43.0,22.0,79.81,144478.1546,129223.5451,25.16111944910391,3.2642743180703677,-0.4399302924901831
Kern,2019-05-01,2.73,54.30645161290322,4.377419354838709,3258.55,1.25,68.6991935483871,52.0,26.0,884.07,184693.7893,175639.1291,29.906418292575264,3.4309638740684316,0.1666895559980639
Kern,2019-06-01,0.0275,40.141666666666666,3.9125,2815.725,0.25,77.02416666666666,54.0,40.0,2117.35,156641.749,270735.2589,22.843647920896977,3.1715178473074186,-0.259446026761013
Kern,2019-07-01,0.015,37.29032258064517,3.916129032258064,2915.4,0.0,80.91129032258064,56.0,41.0,1401.5800000000002,77152.7326,293565.9427,23.50578264324181,3.198909115955635,0.027391268648216283
Kern,2019-08-01,0.0,38.20161290322581,4.0,2974.775,0.0,82.35806451612903,55.0,52.0,906.93,42723.0259,128665.9841,31.009976163149997,3.466047609312641,0.267138493357006
Kern,2019-09-01,0.055,41.66666666666667,4.2475000000000005,3058.85,0.25,77.43916666666667,54.5,59.0,465.8,14710.7098,57499.9088,28.913216209058003,3.3983003964182403,-0.06774721289440055
Kern,2019-10-01,0.04,38.840591397849465,3.733064516129032,2776.15,0.75,64.86464682981091,62.0,72.0,45.2,15006.084,18346.2727,40.5005738500927,3.725707254854128,0.32740685843588757
Kern,2019-11-01,5.4225,53.266666666666666,3.2583333333333333,2345.3,0.25,56.30994252873563,88.0,68.5,64.13,16687.6383,4555.0602,37.410611812483445,3.6483337706996743,-0.07737348415445355
Kern,2019-12-01,2.08,74.45967741935483,3.607258064516129,2685.65,0.25,51.26290322580645,53.0,17.0,0.01,5620.5786,8429.0492,29.68570671846032,3.423796966974255,-0.22453680372541918
Kern,2020-01-01,0.63,77.79032258064515,3.240322580645161,2408.675,0.0,48.94677419354839,72.0,19.0,0.0,14413.7334,13840.3089,27.715881420020985,3.3574503293012317,-0.06634663767302351
Kern,2020-02-01,0.6125,50.345443349753694,3.8353448275862063,2667.8,0.75,51.93706896551724,63.0,32.0,0.0,31648.5166,30169.4791,33.105080585025064,3.529446363954648,0.17199603465341617
Kern,2020-03-01,1.395,60.96774193548387,4.834677419354838,3597.05,1.5,57.45967741935484,34.0,12.0,0.0,88948.686,165737.0218,28.815717984307533,3.395035703596792,-0.13441066035785587
Kern,2020-04-01,2.52,58.97559523809524,4.565,3287.9,0.25,63.8725,49.5,19.0,0.0,117053.8973,144423.6236,20.236992782872463,3.0557446036226725,-0.33929109997411944
Kern,2020-05-01,0.1925,39.89516129032258,4.883064516129032,3632.0,0.5,74.06854838709677,46.0,36.0,0.0,130843.2912,118653.4004,16.82749943358417,2.880742177148293,-0.17500242647437947
Kern,2020-06-01,0.1475,36.75833333333333,4.755833333333333,3422.025,0.75,78.85,54.0,42.5,0.1,118342.4972,229950.3111,19.687074500729192,3.029509084985176,0.14876690783688273
Kern,2020-07-01,0.235,32.55210918114144,4.340074441687345,3133.1,0.5,82.06129032258065,57.0,43.0,0.1,51766.9208,384479.7147,17.157450402870133,2.8990809669989375,-0.13042811798623832
Kern,2020-08-01,0.0,36.84047751469888,3.845430107526881,2654.7,0.0,82.07903225806452,71.0,56.0,2005.0,20089.1783,196967.266,21.55679666001632,3.1160364245274836,0.21695545752854617
Kern,2020-09-01,0.0375,42.375,3.1875,2298.3,0.0,76.215,116.0,81.5,0.0,28546.8421,96887.3189,22.87660053716018,3.172898922325496,0.056862497798012335
Kern,2020-10-01,0.1025,44.17741935483871,2.983064516129032,2217.15,0.0,69.49274193548388,81.0,84.0,0.0,22255.0212,37703.6733,29.47561992287946,3.4169270171745314,0.24402809484903543
Kern,2020-11-01,0.5700000000000001,55.84166666666667,3.318333333333334,2385.2,0.25,56.7175,91.0,51.5,0.0,7091.6851,11298.874,26.836012168591747,3.326330584135538,-0.09059643303899323
Kern,2020-12-01,0.485,57.32123655913978,3.179811827956989,2346.25,0.25,49.0691129032258,88.0,44.0,0.0,5691.4692,2153.8496,25.846159260733856,3.290122766430097,-0.036207817705441236
Kern,2021-01-01,0.6799999999999999,60.814516129032256,4.023387096774194,2994.95,2.0,48.729838709677416,93.0,34.0,0.0,38625.217,7468.6083,31.19660475114369,3.4718610044798446,0.18173823804974765
Kern,2021-02-01,0.0175,50.52678571428571,3.8848214285714286,2610.0,0.25,53.94642857142858,62.5,35.0,14.3,22230.3333,18020.3354,27.228132061952262,3.34031907153037,-0.13154193294947447
Kern,2021-03-01,0.415,47.336420096403415,4.639516129032258,3450.3,1.5,57.50860215053763,53.0,25.0,1.4900000000000002,60302.8983,37230.0549,26.78719065204211,3.324575146598283,-0.015743924932086983
Kern,2021-04-01,0.1575,37.575,4.509166666666667,3249.0,1.0,66.34111111111112,56.0,40.0,36.46,119091.4415,79979.2854,16.97624428154109,2.889051124106509,-0.43552402249177424
Kern,2021-05-01,0.0,32.61290322580645,4.54516129032258,3381.9,0.75,74.0516129032258,56.0,44.0,99.58,95803.8034,151576.5952,23.259659372760844,3.1888148627232207,0.2997637386167118
Kern,2021-06-01,0.0,32.575,4.340833333333333,3128.3,0.0,80.39962962962964,56.0,41.0,957.67,72759.2653,211525.1631,24.692718954968857,3.246207642616376,0.0573927798931555
Kern,2021-07-01,0.235,31.15581797235023,3.8741935483870966,2881.425,0.0,83.93440860215054,59.0,42.0,556.76,70453.2262,274244.0459,30.75566334123353,3.4580710823843743,0.21186343976799815
Kern,2021-08-01,0.0424999999999999,31.91344086021505,4.119354838709677,3063.675,0.25,83.04758960573477,82.0,63.0,695.63,19301.3982,197383.4784,26.45648459460949,3.312602373011737,-0.14546870937263723
Kern,2021-09-01,0.0025,34.69166666666666,3.77,2713.8,0.0,79.31529411764706,79.5,67.0,77.28,9946.8562,56174.7535,26.23601388965441,3.3045401375946835,-0.008062235417053643
Kern,2021-10-01,0.77,46.266129032258064,4.075,3031.3250000000003,1.0,71.0516129032258,65.0,58.0,14.35,12509.456,18467.8386,27.558838119384884,3.351966454549478,0.0474263169547946
Kern,2021-11-01,0.04,63.73333333333333,3.0516666666666667,2197.85,0.25,60.17476190476191,100.5,44.5,0.97,14403.2838,6875.7152,25.90530783222179,3.292323584326285,-0.059642870223193256
Kern,2021-12-01,1.9925,75.29032258064515,3.775,2805.5,1.0,52.63655913978494,80.0,28.0,0.0,4934.0381,2454.5348,24.03130684010362,3.220127315031742,-0.07219626929454259
Kern,2022-01-01,0.045,69.54032258064515,3.2701612903225805,2432.9,0.75,50.82043010752688,96.0,44.0,24.0,24332.6409,10663.7651,21.084628427350275,3.094881820245431,-0.12524549478631108
Kern,2022-02-01,0.155,45.66964285714286,4.174107142857143,2800.15,0.75,52.64285714285714,69.0,45.5,4301.0,10812.018,7616.9282,20.974812654291163,3.0898969181329043,-0.004984902112526779
Kern,2022-03-01,0.91,46.20967741935484,4.631451612903225,3441.575,1.0,60.00430107526881,55.0,35.0,381.0,56452.1905,37853.8444,16.911629051103866,2.885450169563466,-0.20444674856943834
Kern,2022-04-01,0.225,39.925,5.198333333333333,3745.25,1.25,67.3,55.5,35.5,185.0,119062.9746,71675.4541,21.194444200409396,3.099841996314843,0.21439182675137713
Kern,2022-05-01,0.0,33.14516129032258,5.317741935483871,3957.2,1.0,73.85591397849463,53.0,51.0,779.0,134003.672,89037.7724,25.03799625747845,3.25955686574213,0.15971486942728674
Kern,2022-06-01,0.0475,31.558333333333337,4.914166666666667,3537.05,1.0,78.67444444444443,52.5,44.5,1234.0,106689.8485,71871.9507,23.061312342414368,3.1806052536315326,-0.07895161211059731
Kern,2022-07-01,0.0025,31.163709677419355,4.463709677419355,3321.275,0.25,81.26881720430107,53.0,45.0,497.0,52915.6037,63856.3239,19.766839150640884,3.033357442900157,-0.1472478107313755
Kern,2022-08-01,0.0125,32.693548387096776,4.073387096774193,3029.375,0.0,84.3959677419355,57.0,57.0,5817.0,13875.6141,17969.663,21.85333883876409,3.1290972265241317,0.09573978362397462
Kern,2022-09-01,0.5175000000000001,39.41091954022989,3.515833333333333,2533.3,0.0,80.53,65.0,60.0,55089.0,12477.528,21459.7661,27.014680172542544,3.332728664658758,0.20363143813462647
Kern,2022-10-01,0.34,42.33064516129032,2.967741935483871,2210.9,0.0,70.83790322580646,66.0,69.0,77094.0,18097.1818,12600.6727,20.425733788995583,3.0645927130920128,-0.2681359515667454
Kern,2022-11-01,0.6425000000000001,56.83333333333333,3.0716666666666668,2211.125,0.0,56.65916666666666,96.0,52.5,40.0,9722.1932,7008.6749,25.03799625747845,3.25955686574213,0.19496415265011713
Kern,2022-12-01,1.8525,78.4274193548387,3.1750000000000003,2361.175,0.0,50.83951612903226,75.0,31.0,10.0,4644.5654,400.7011,22.29260193100055,3.148135796462547,-0.11142106927958295
Kern,2023-01-01,2.11,73.04838709677419,3.8233870967741934,2844.8,0.0,50.545967741935485,58.0,19.0,19.0,26665.099,2639.231,24.79691328023488,3.250254844469126,0.10211904800657923
Kern,2023-02-01,2.5375,59.40178571428572,4.0910714285714285,2749.35,0.75,49.691964285714285,53.0,29.5,9.0,22368.6115,31719.4152,17.63336055483369,2.9249535523952948,-0.3253012920738314
Kern,2023-03-01,2.0325,65.44354838709677,4.450806451612904,3310.95,0.0,54.21451612903226,30.0,15.0,13.0,50714.0248,16312.7463,18.955862596446217,2.993522964649682,0.06856941225438717
Kern,2023-04-01,0.0025,48.266666666666666,4.075,2934.4,0.5,61.373333333333335,51.5,34.0,140.0,79391.6915,52345.6013,14.988356471608636,2.7718607367982084,-0.2216622278514735
Kern,2023-05-01,0.1875,45.41935483870968,4.418548387096774,3283.625,0.25,71.30887096774194,48.0,40.0,348.0,140056.8024,45893.6799,17.41294354789827,2.913053870997489,0.14119313419928048
Kern,2023-06-01,0.4525,44.34166666666667,4.110833333333334,2958.8,0.0,77.50666666666666,55.0,41.0,886.0,143884.1164,57790.1849,21.04982416233272,3.0933046273636764,0.18025075636618748
Kern,2023-07-01,0.215,33.08064516129032,3.443548387096774,2564.225,0.0,84.72258064516129,59.0,52.0,121004.0,121591.185,37168.6302,22.04170069354211,3.137305647927387,0.04400102056371047
Kern,2023-08-01,1.22,41.51084538375973,3.6653225806451615,2724.275,0.0,83.66854838709678,60.0,49.0,384211.0,47803.7943,20522.3132,26.450040832250533,3.312367655468114,0.1750620075407272
Kern,2023-09-01,0.0625,48.075,3.52,2535.375,0.0,78.71083333333334,58.5,57.0,973.0,17109.0911,16660.0975,28.32358539120161,3.3783921543717934,0.06602449890367934
Kern,2023-10-01,0.3225,49.37903225806451,3.0411290322580644,2263.375,0.0,71.18467741935484,61.0,57.0,3260.0,14199.364,8974.3246,37.14026566861846,3.6412705657646485,0.26287841139285506
Kern,2023-11-01,0.1775,51.22959770114942,2.9733333333333336,2141.425,0.0,60.36666666666666,67.5,53.5,604.0,9280.4071,5805.0697,50.0346605743406,3.932505020992561,0.29123445522791247
Kern,2023-12-01,0.9125,69.56451612903226,2.708870967741936,2016.3,0.0,54.41129032258064,84.0,51.0,3786.0,7049.6117,5767.0829,52.679664657565645,3.98303424557919,0.050529224586628896
Kern,2024-01-01,1.4325,76.16129032258064,3.141935483870967,2339.05,0.0,53.1293817204301,64.0,26.0,65.0,31320.24148795638,4234.2167881203095,48.11046685656877,3.894072186350272,-0.08896205922891776
Kern,2024-02-01,2.39,73.33620689655172,3.679310344827586,2560.75,0.25,56.35465517241379,47.0,22.0,3.0,24247.842313679852,16969.055971373928,31.34799650382761,3.4765520871535527,-0.4175200991967194
Kern,2024-03-01,1.05,61.30645161290323,4.1322580645161295,3073.675,0.0,60.38091397849462,36.0,22.0,12.0,78449.40998617138,24546.96478236145,23.402150167787973,3.194671250047328,-0.28188083710622447
Kern,2024-04-01,0.7125,53.13333333333333,4.236666666666666,3049.0,0.25,67.725,46.5,30.0,335.0,118531.91268907455,59583.996786385964,30.259524403000267,3.442324110642157,0.24765286059482872
Kern,2024-05-01,0.1425,38.37903225806451,4.131451612903225,3072.7,0.25,76.43824278438031,48.0,37.0,2513.0,135030.55685965015,65234.740862057326,28.51796904167651,3.384999197964282,-0.057324912677874984
Kern,2024-06-01,0.175,34.33333333333333,3.960833333333333,2853.225,0.0,82.30421568627452,57.5,48.5,23479.0,115627.23542196734,62720.78720910179,35.3753432768888,3.593891162612455,0.20889196464817283
Kern,2024-07-01,0.2575,33.693548387096776,3.5960729312762973,2455.675,0.0,86.9207997311828,68.0,52.0,45535.0,77372.31729713733,48559.01276786781,34.28687117606145,3.563510973401317,-0.030380189211137942
Kern,2024-08-01,0.01,35.314516129032256,3.5943548387096773,2671.825,0.0,85.01479663394109,57.0,58.0,104321.0,30211.084956122286,17661.50887390646,36.79035700796435,3.6320539644711625,0.06854299106984563
Kern,2024-09-01,0.0025,38.55833333333334,3.3125,2384.425,0.0,82.44592105263158,58.0,63.0,357786.0,17656.701647560476,17732.53091146339,38.42306515920537,3.6743510551503378,0.04229709067917531
Kern,2024-10-01,0.015,41.75806451612903,2.975806451612903,2214.775,0.0,75.43285229202037,62.0,70.0,6374.0,17904.864211167398,9723.08348961683,42.34156472218383,3.7691120988756013,0.0947610437252635
Kern,2024-11-01,0.8525,56.75833333333333,3.013333333333333,2169.775,0.0,61.98833333333334,66.0,42.0,20671.0,11709.535632277046,5588.137374736354,36.02842653738521,3.6116859024587327,-0.1574261964168686
Kern,2024-12-01,0.4049999999999999,71.20967741935485,2.786290322580645,2072.45,0.0,55.082258064516125,91.0,44.0,8372.0,6298.602885597356,2483.704885940948,36.68150979788161,3.6291695178513264,0.017483615392593688
Los Angeles,2001-01-01,3.9025,63.72822580645161,2.891935483870967,2151.675,0.0,52.22338709677419,96.0,23.0,,678.7113,223.625,0.1142734380535119,0.10820256744808003,-3.5209669504032464
Los Angeles,2001-02-01,7.41,71.66071428571428,3.289285714285714,2213.05,0.0,53.43660714285714,66.0,17.5,,341.0448,230.625,0.0519424718425054,0.050638428259906956,-0.057564139188173075
Los Angeles,2001-03-01,1.1225,77.29005376344085,3.314516129032258,2465.575,0.0,59.69032258064516,85.0,22.0,,550.2039,456.4113,0.0207769887370021,0.020564090972841623,-0.030074337287065333
Los Angeles,2001-04-01,1.3050000000000002,70.875,3.720833333333333,2677.725,0.0,61.8975,61.0,20.0,,462.0653,561.5,0.0519424718425054,0.050638428259906956,0.030074337287065333
Los Angeles,2001-05-01,0.045,77.46774193548387,3.586290322580645,2668.2,0.0,68.90322580645162,85.0,31.0,,769.1122,917.75,0.0623309662110065,0.06046551853524396,0.009827090275337007
Los Angeles,2001-06-01,0.025,72.75507246376812,3.44,2478.725,0.0,72.84,74.0,29.5,,717.5481,627.6978,0.0519424718425054,0.050638428259906956,-0.009827090275337007
Los Angeles,2001-07-01,0.015,76.0241935483871,3.485483870967742,2593.65,0.0,74.50322580645161,72.0,24.0,,993.7726,398.0,0.1038849436850108,0.09883572474724352,0.04819729648733656
Los Angeles,2001-08-01,0.0825,75.20161290322581,3.239516129032258,2415.225,0.0,74.37016129032259,74.0,29.0,,610.1104,395.1816,0.0623309662110065,0.06046551853524396,-0.038370206211999554
Los Angeles,2001-09-01,0.3,74.75862068965517,3.0658333333333334,2132.35,0.0,72.03833333333333,73.0,32.0,,680.3117,417.5333,0.0831079549480087,0.07983464444343016,0.0193691259081862
Los Angeles,2001-10-01,0.11,80.16129032258064,2.7338709677419355,2035.0,0.0,68.2375960061444,94.0,40.0,,3063.8864,336.4842,0.0831079549480087,0.07983464444343016,0.0
Los Angeles,2001-11-01,1.135,74.61666666666667,2.703333333333333,1945.975,0.0,61.76166666666666,99.0,19.0,,755.691,259.5,0.0623309662110065,0.06046551853524396,-0.0193691259081862
Los Angeles,2001-12-01,1.0375,63.89516129032258,2.7419354838709675,2040.575,0.0,53.26021505376344,87.0,15.0,,328.6503,31.5242,0.0727194605795076,0.07019697613610242,0.009731457600858452
Los Angeles,2002-01-01,0.98,58.95161290322581,2.9411290322580643,2188.075,0.0,53.71397849462366,82.0,20.0,,238.332,40.75,0.0927269799348088,0.08867638836214067,0.018479412226038258
Los Angeles,2002-02-01,0.3,55.25165343915344,3.1982142857142857,2151.3,0.0,54.74761904761905,83.5,20.0,,304.3226,327.3986,0.0824239821642745,0.07920295410004947,-0.009473434262091199
Los Angeles,2002-03-01,0.4275,62.95423618835744,3.766370967741936,2780.45,0.25,58.50211021505376,60.0,18.0,,323.4122,112.5,0.1030299777053431,0.09806091823870758,0.018857964138658104
Los Angeles,2002-04-01,0.0825,75.54166666666666,3.733333333333333,2685.775,0.0,63.22,63.5,20.0,,422.389,180.045,0.0515149888526715,0.05023197079289651,-0.047828947445811065
Los Angeles,2002-05-01,0.2025,73.90322580645162,3.832258064516129,2851.65,0.0,66.8016129032258,70.0,29.0,,1223.2394,1281.817,0.0824239821642745,0.07920295410004947,0.02897098330715296
Los Angeles,2002-06-01,0.02,76.625,3.8116666666666665,2743.775,0.0,72.26583333333332,70.0,31.0,,481.6346,1414.706,0.0927269799348088,0.08867638836214067,0.009473434262091199
Los Angeles,2002-07-01,0.0,75.5,3.733870967741935,2780.175,0.0,74.08870967741936,70.0,31.0,,476.0397,492.9375,0.0927269799348088,0.08867638836214067,0.0
Los Angeles,2002-08-01,0.0,75.41935483870968,3.2548387096774194,2421.075,0.0,72.70322580645161,82.0,37.0,,734.644,1550.5,0.0927269799348088,0.08867638836214067,0.0
Los Angeles,2002-09-01,0.0,69.90833333333333,2.966666666666667,2132.625,0.0,71.39201754385965,75.5,37.0,,1029.5959,220.0,0.0412119910821372,0.040385410670245495,-0.04829097769189518
Los Angeles,2002-10-01,0.0275,77.62096774193549,2.854032258064516,2121.775,0.0,64.84408602150539,94.0,35.0,,609.4951,736.0,0.0721209843937401,0.06963891485681034,0.029253504186564847
Los Angeles,2002-11-01,1.895,59.65833333333333,2.8675,2064.15,0.0,60.22444444444445,74.5,25.0,,447.1312,749.0,0.0618179866232058,0.05998252077080861,-0.009656394086001732
Los Angeles,2002-12-01,3.5625,72.49193548387098,2.899193548387097,2157.025,0.0,57.5708064516129,86.0,18.0,,496.9074,34.0,0.1030299777053431,0.09806091823870758,0.03807839746789897
Los Angeles,2003-01-01,0.0424999999999999,60.46774193548387,2.8483870967741938,2117.2,0.0,56.677374551971326,90.0,22.0,,273.2453,160.6947,0.102384064125187,0.0974751655533859,-0.0005857526853216832
Los Angeles,2003-02-01,5.98,69.15178571428571,3.441071428571429,2311.775,0.0,56.87232142857143,65.0,19.0,,365.7974,128.3125,0.0614304384751122,0.059617468666856646,-0.03785769688652925
Los Angeles,2003-03-01,4.8625,68.10483870967742,3.550806451612903,2645.7,0.25,59.72096774193548,66.0,17.0,,493.3009,279.875,0.0614304384751122,0.059617468666856646,0.0
Los Angeles,2003-04-01,1.4575,70.39166666666667,3.980833333333333,2866.1,0.0,62.09916666666667,52.0,13.0,,909.2081,444.0,0.0716688448876309,0.06921710157396187,0.009599632907105221
Los Angeles,2003-05-01,1.6725,77.10819892473118,3.82869623655914,2704.25,0.0,67.09381720430108,80.0,25.0,,703.215,522.0,0.0511920320625935,0.04992478887035082,-0.01929231270361105
Los Angeles,2003-06-01,0.0,82.07777777777778,3.975555555555556,2148.15,0.0,71.72777777777777,71.5,29.0,,276.6138,170.0,0.0819072513001496,0.07872545706451872,0.028800668194167905
Los Angeles,2003-07-01,0.175,75.83321645628799,3.7013282732447816,2518.2250000000004,0.0,77.4258019336767,74.0,36.0,,1474.7581,1525.9842,0.1228608769502244,0.11587978290846199,0.037154325843943264
Los Angeles,2003-08-01,0.0,66.05645161290323,3.410483870967742,2541.975,0.0,76.54731182795699,65.0,25.0,,4497.7891,480.8968,0.0819072513001496,0.07872545706451872,-0.037154325843943264
Los Angeles,2003-09-01,0.0025,76.00833333333333,3.175,2024.675,0.0,74.30333333333334,89.5,35.0,,1099.5716,805.9842,0.0921456577126683,0.08814425461132946,0.009418797546810742
Los Angeles,2003-10-01,0.3424999999999999,68.21693548387097,2.868049155145929,2035.6,0.0,69.3596370967742,90.0,42.0,,2070.7484,260.5,0.1330992833627431,0.12495660694698064,0.03681235233565118
Los Angeles,2003-11-01,0.5375000000000001,62.11666666666667,3.310219298245614,2049.2,0.25,60.25635964912281,70.0,19.0,,340.6239,25.0,0.1433376897752618,0.13395178280154246,0.008995175854561818
Los Angeles,2003-12-01,1.5325,61.98575268817204,3.081344086021505,2279.425,0.0,55.27040322580645,80.0,19.0,,460.5357,397.0605,0.0511920320625935,0.04992478887035082,-0.08402699393119165
Los Angeles,2004-01-01,0.2525,64.73387096774194,3.112096774193549,2318.325,0.0,53.76370967741936,98.0,22.0,,292.6698,211.6634,0.1327443161691869,0.12464328682503273,0.07471849795468191
Los Angeles,2004-02-01,4.1825,64.93103448275862,3.5258620689655173,2451.025,0.0,54.30948275862069,66.0,12.0,,259.6103,334.2105,0.0816888099502688,0.07852353272703701,-0.04611975409799572
Los Angeles,2004-03-01,0.7625,72.25,3.445161290322581,2559.325,0.0,63.193548387096776,77.0,26.0,,545.1056,333.0,0.0816888099502688,0.07852353272703701,0.0
Los Angeles,2004-04-01,0.4025,71.31666666666666,3.6358333333333337,2619.25,0.0,65.9,68.0,27.5,,1141.6356,904.9049,0.1837998223881049,0.168729453239086,0.090205920512049
Los Angeles,2004-05-01,0.035,64.07565284178187,6.671586021505377,4865.875,2.25,70.09596774193548,63.0,29.0,,607.428,480.25,0.1327443161691869,0.12464328682503273,-0.044086166414053274
Los Angeles,2004-06-01,0.005,76.15833333333333,4.194166666666667,3018.375,0.0,72.95416666666667,74.0,29.0,,1056.5718,1506.3572,0.1225332149254033,0.11558793033048251,-0.00905535649455022
Los Angeles,2004-07-01,0.0,69.66129032258064,3.7572580645161295,2793.025,0.0,75.47088431590656,69.0,26.0,,765.0366,966.3572,0.1123221136816197,0.10644982445896542,-0.009138105871517088
Los Angeles,2004-08-01,0.0,72.93643263757116,3.728225806451613,2772.975,0.0,75.3959677419355,71.0,29.0,,2401.4636,1203.657,0.1633776199005377,0.15132751550404283,0.04487769104507741
Los Angeles,2004-09-01,0.0,65.33444444444444,3.5175,2533.575,0.0,72.48249999999999,73.0,32.5,,850.6505,316.0,0.2144331261194558,0.19427740505354724,0.042949889549504405
Los Angeles,2004-10-01,4.5875,76.50806451612902,3.296774193548387,2455.225,0.0,66.90322580645162,70.0,25.0,,729.5534,335.1563,0.1225332149254033,0.11558793033048251,-0.07868947472306473
Los Angeles,2004-11-01,1.4375,66.5125,2.9719791666666664,1936.825,0.0,59.99395833333333,68.5,17.5,,837.6769,62.1788,0.1225332149254033,0.11558793033048251,0.0
Los Angeles,2004-12-01,3.95,61.49462365591398,3.272043010752688,1825.25,0.0,55.7494623655914,77.0,19.0,,389.2846,175.8734,0.0612666074627016,0.05946310748465269,-0.05612482284582982
Los Angeles,2005-01-01,7.44,70.01075268817205,3.4247311827956985,1910.525,0.0,56.7505376344086,62.0,13.0,,536.3797,242.962,0.1737109345821991,0.16017046841538218,0.10070736093072949
Los Angeles,2005-02-01,7.88,71.98809523809524,3.7404761904761914,1885.95,0.0,58.33571428571429,60.0,13.5,,315.3276,353.9121,0.1124011929649523,0.1065209158015424,-0.05364955261383979
Los Angeles,2005-03-01,1.635,72.79569892473118,3.591397849462365,2004.75,0.0,62.17849462365592,56.0,16.0,,542.9435,300.6096,0.1226194832344935,0.1156647788309906,0.00914386302944821
Los Angeles,2005-04-01,0.992,65.34904347826087,4.590394202898551,3010.74,1.4,61.65253333333334,60.0,19.0,,882.7816,1033.9044,0.1226194832344935,0.1156647788309906,0.0
Los Angeles,2005-05-01,0.444,69.17695852534561,4.387741935483871,3262.78,0.2,67.87963133640554,61.0,20.0,,1442.1823,840.4201,0.163492644312658,0.15142638170555225,0.03576160287456165
Los Angeles,2005-06-01,0.0,66.96000000000001,4.88,3513.66,1.4,70.15533333333333,61.0,23.0,,1115.6186,1005.3017,0.081746322156329,0.07857670021537094,-0.07284968149018131
Los Angeles,2005-07-01,0.0,67.41588089330025,4.540645161290323,3376.94,1.2,75.44451612903225,73.0,29.0,,763.2963,577.9943,0.1124011929649523,0.1065209158015424,0.027944215586171453
Los Angeles,2005-08-01,0.0,66.79354838709676,4.02,2993.1400000000003,0.4,75.46967741935484,72.0,27.0,,400.3844,996.0559,0.2145840956603636,0.19440171009325508,0.08788079429171268
Los Angeles,2005-09-01,0.306,65.88,3.695333333333333,2657.06,0.2,70.49333333333334,71.0,22.5,,426.3772,730.8978,0.2963304178166926,0.25953751745439285,0.06513580736113778
Los Angeles,2005-10-01,1.1,67.7290322580645,3.6387096774193552,2710.52,0.6,65.46064516129033,70.0,23.0,,359.3103,555.0761,0.3065487080862338,0.2673890866354798,0.007851569181086926
Los Angeles,2005-11-01,0.036,58.873333333333335,3.3113333333333337,2384.02,0.4,60.514,72.5,28.0,,548.9365,483.3548,0.3065487080862338,0.2673890866354798,0.0
Los Angeles,2005-12-01,0.6020000000000001,67.87741935483871,3.2941935483870965,2450.02,1.0,55.49032258064515,86.0,25.0,,217.1725,64.1554,0.2963304178166926,0.25953751745439285,-0.007851569181086926
Los Angeles,2006-01-01,0.778,60.70322580645161,3.961290322580645,2947.32,1.2,53.85032258064516,65.0,15.0,,172.3902,99.7676,0.1848437377252205,0.16961089899334253,-0.08992661846105032
Los Angeles,2006-02-01,1.722,58.21428571428571,3.635,2442.1,0.6,55.14214285714286,74.5,20.5,,166.3257,91.0897,0.1643055446446404,0.15212481026253216,-0.017486088730810367
Los Angeles,2006-03-01,2.744,72.12903225806451,4.2,3125.04,1.8,55.79354838709678,54.0,11.0,,404.7214,507.7565,0.2156510273460906,0.19527975826577482,0.043154948003242655
Los Angeles,2006-04-01,2.44,72.13333333333334,4.116,2961.16,1.6,60.61066666666667,51.0,16.0,,783.8596,557.6227,0.1026909654029002,0.09775352458932358,-0.09752623367645123
Los Angeles,2006-05-01,0.536,69.88387096774193,4.352903225806452,3238.84,1.2,67.52903225806452,71.0,31.0,,1135.3858,1934.6078,0.1026909654029002,0.09775352458932358,0.0
Los Angeles,2006-06-01,0.0,65.26380952380953,4.586666666666667,3301.04,1.2,72.41533333333334,70.0,28.0,,860.171,7420.9009,0.1951128342655105,0.17824060290550614,0.08048707831618256
Los Angeles,2006-07-01,0.0,61.376295089782296,4.552903225806452,3390.28,1.4,76.67615292712067,67.0,31.0,,1388.6407,1016.7589,0.1951128342655105,0.17824060290550614,0.0
Los Angeles,2006-08-01,0.0,64.29677419354839,4.183870967741935,3112.5199999999995,1.0,74.78129032258065,67.0,25.0,0.0,753.453,292.7895,0.1643055446446404,0.15212481026253216,-0.02611579264297398
Los Angeles,2006-09-01,0.118,61.95333333333333,3.7586666666666666,2703.92,0.4,71.90163636363636,69.5,30.5,0.0,898.1382,756.6281,0.2156510273460906,0.19527975826577482,0.043154948003242655
Los Angeles,2006-10-01,0.11,63.85806451612903,3.7116129032258063,2761.52,0.6,64.82129032258065,60.0,23.0,2.9,308.3643,430.3274,0.1129600619431903,0.10702318839998418,-0.08825656986579064
Los Angeles,2006-11-01,0.12,62.373333333333335,3.317333333333333,2390.1,1.0,60.321333333333335,75.5,25.5,7.77,419.8705,415.8134,0.2156510273460906,0.19527975826577482,0.08825656986579064
Los Angeles,2006-12-01,0.485,54.907610087045576,4.015223374295955,2667.1666666666665,0.6666666666666666,52.23735919098822,69.0,19.0,4.24,351.0429,189.4328,0.1540364481043504,0.14326575173302342,-0.0520140065327514
Los Angeles,2007-01-01,0.2283333333333333,52.879838709677415,4.5784946236559145,3002.2000000000003,1.3333333333333333,50.0513082437276,70.0,28.0,112.8,268.1299,106.307,0.1958690394860644,0.17887315077554217,0.03560739904251875
Los Angeles,2007-02-01,0.7633333333333333,63.94047619047618,4.785119047619047,2695.566666666667,1.6666666666666667,54.19345238095238,60.5,14.0,5.2,601.5265,343.2196,0.1855601426710083,0.17021535713950517,-0.008657793636036998
Los Angeles,2007-03-01,0.0483333333333333,54.44623655913978,4.519354838709678,3362.5333333333333,1.0,58.81989247311828,67.0,43.0,4.4,355.0764,642.1499,0.1855601426710083,0.17021535713950517,0.0
Los Angeles,2007-04-01,0.4566666666666667,62.29444444444445,5.110555555555556,3679.116666666667,2.0,62.05833333333334,63.0,50.0,14.8,1076.1186,692.7403,0.1546334522258403,0.14378293622502178,-0.02643242091448339
Los Angeles,2007-05-01,0.0716666666666666,61.67180299539171,5.188709677419355,3860.066666666667,1.8333333333333333,67.44408602150537,69.0,44.0,9.75,2018.1623,947.7483,0.1649423490408963,0.15267159999139546,0.008888663766373678
Los Angeles,2007-06-01,0.0,58.95804597701149,5.218333333333334,3757.35,1.8333333333333333,71.44944444444444,66.0,30.0,25.25,382.534,892.6198,0.1340156585957282,0.12576501349570143,-0.026906586495694024
Los Angeles,2007-07-01,0.0,58.573414905450505,5.170967741935484,3848.183333333333,2.0,75.56612903225806,65.0,25.0,487.8,796.396,595.7512,0.1237067617806722,0.11663282933879272,-0.00913218415690871
Los Angeles,2007-08-01,0.5583333333333333,56.23118279569892,4.693010752688172,3493.4,1.3333333333333333,75.11602564102564,66.0,25.5,15.1,607.9586,232.7344,0.1133978649656162,0.10741647918470267,-0.009216350154090058
Los Angeles,2007-09-01,0.5399999999999999,58.65,4.516666666666667,3252.216666666667,0.6666666666666666,72.55935413245759,59.0,20.5,77.45,596.5765,175.7336,0.0824711745204481,0.0792465519214362,-0.02816992726326646
Los Angeles,2007-10-01,0.2866666666666667,54.17741935483871,4.514516129032258,3358.7000000000003,1.8333333333333333,63.72096774193548,64.0,25.0,341.6,437.2338,155.5325,0.1133978649656162,0.10741647918470267,0.02816992726326646
Los Angeles,2007-11-01,0.6416666666666667,59.855555555555554,3.651111111111111,2633.333333333333,0.3333333333333333,59.67055555555555,98.5,28.0,0.2,476.99,151.2885,0.1443245554107843,0.13481455500387762,0.027398075819174958
Los Angeles,2007-12-01,1.26,58.112903225806456,4.506989247311828,3353.7666666666664,1.5,51.63420467185762,64.0,16.0,0.0,596.3507,436.3661,0.1752512458559523,0.16148195099893073,0.026667395995053106
Los Angeles,2008-01-01,6.145,63.36559139784946,4.747849462365592,3533.316666666667,2.0,50.63817204301075,64.0,27.0,1.25,232.6409,104.555,0.1540808782856591,0.14330425079960568,-0.018177700199325048
Los Angeles,2008-02-01,1.0516666666666667,63.26354679802955,4.521264367816092,3147.616666666667,2.0,52.68390804597701,69.0,30.0,1.15,333.7383,220.9336,0.2259852881523001,0.20374483756624578,0.0604405867666401
Los Angeles,2008-03-01,0.1083333333333333,54.392473118279575,4.852688172043011,3611.7833333333338,2.1666666666666665,57.186021505376345,69.0,33.0,1.0,454.7342,310.9813,0.2568014638094319,0.22856997267011098,0.024825135103865192
Los Angeles,2008-04-01,0.0316666666666666,53.93888888888889,4.999444444444444,3599.2333333333336,2.0,61.57388888888889,70.5,41.0,8.41,795.5424,469.7579,0.1232647026285273,0.11623935824683614,-0.11233061442327484
Los Angeles,2008-05-01,0.5533333333333333,61.6020022246941,5.101612903225806,3795.3,1.8333333333333333,65.76881720430107,72.0,42.0,9.62,1234.8847,499.6155,0.1335367611809046,0.12534262200629898,0.00910326375946284
Los Angeles,2008-06-01,0.0233333333333333,57.47387057387058,4.842777777777777,3485.7333333333336,0.8333333333333334,71.33222222222223,85.5,52.0,23.96,2619.9411,417.1048,0.2054411710475455,0.18684561699002927,0.0615029949837303
Los Angeles,2008-07-01,0.0,61.61827956989248,4.705376344086021,3500.083333333333,0.8333333333333334,75.18333333333334,91.0,46.0,23.12,3369.1898,943.7131,0.2362573467046774,0.21208854667094074,0.025242929680911463
Los Angeles,2008-08-01,0.0016666666666666,61.56989247311827,4.490860215053764,3340.433333333333,0.6666666666666666,75.15645161290323,68.0,43.0,5.46,2770.1325,409.2792,0.2465294052570546,0.22036321396159686,0.008274667290656124
Los Angeles,2008-09-01,0.0283333333333333,61.0,3.862222222222222,2781.083333333333,0.0,72.51388888888889,71.0,45.5,200.13,559.4968,218.7231,0.2465294052570546,0.22036321396159686,0.0
Los Angeles,2008-10-01,0.0333333333333333,44.892473118279575,4.2424731182795705,3155.15,1.1666666666666667,65.16935483870968,65.0,49.0,445.5,295.6117,83.8086,0.1746249953904137,0.1609489437967874,-0.05941427016480946
Los Angeles,2008-11-01,1.24,57.87222222222223,3.942222222222222,2840.133333333333,0.8333333333333334,59.98833333333334,71.5,42.0,7.4,319.4995,268.3996,0.2157132295999228,0.1953309248103747,0.034381981013587304
Los Angeles,2008-12-01,1.5133333333333334,63.86783154121864,4.016129032258065,2986.6,1.3333333333333333,53.06077956989248,63.0,33.0,1.0,353.4262,112.4158,0.2670735223618092,0.23670992835454124,0.04137900354416654
Los Angeles,2009-01-01,0.2083333333333333,49.364849833147936,4.015591397849462,2987.65,1.0,52.05483870967741,64.0,40.0,1.0,9.4045,0.0,0.2043443611173549,0.18593532020943265,-0.05077460814510859
Los Angeles,2009-02-01,3.1183333333333336,64.37896825396825,4.192261904761905,2816.6,0.3333333333333333,52.216895943562605,60.5,28.5,0.0,176.5156,98.6821,0.1123893986145452,0.10651031314037343,-0.07942500706905922
Los Angeles,2009-03-01,1.135,61.51612903225807,4.536559139784946,3374.966666666667,1.1666666666666667,57.90997849462366,66.0,39.0,0.1,356.0832,165.3067,0.2145615791732227,0.19438317148737827,0.08787285834700484
Los Angeles,2009-04-01,0.1033333333333333,55.50555555555555,5.247777777777778,3778.216666666666,2.1666666666666665,60.56222222222223,65.5,43.5,5.2,709.5621,105.6795,0.1634754888938839,0.15141163683773085,-0.042971534649647425
Los Angeles,2009-05-01,0.11,62.72043010752689,5.008064516129032,3728.066666666667,1.6666666666666667,67.96182795698924,85.0,44.0,83.14999999999999,961.4235,431.5079,0.1634754888938839,0.15141163683773085,0.0
Los Angeles,2009-06-01,0.04,66.90555555555555,5.036111111111111,3624.216666666666,2.333333333333333,68.94611111111111,67.5,36.0,51.02,3721.6853,6754.1869,0.1226066166704129,0.11565331756739555,-0.03575831927033529
Los Angeles,2009-07-01,0.0,56.26881720430108,4.667204301075269,3472.7166666666667,0.5,74.53728878648234,77.0,44.0,17.27,2249.1719,27510.9542,0.1430410527821485,0.13369230086247763,0.01803898329508208
Los Angeles,2009-08-01,0.0,54.82693733778272,4.305376344086022,3201.816666666667,0.3333333333333333,72.94544802867382,84.0,42.0,2024.22,1338.352,22885.8975,0.1839099250056194,0.16882245671446136,0.03513015585198373
Los Angeles,2009-09-01,0.0116666666666666,55.92222222222222,4.116666666666666,2960.633333333333,0.6666666666666666,72.06611111111111,82.0,45.5,376.91,353.4085,5612.59,0.1226066166704129,0.11565331756739555,-0.05316913914706581
Los Angeles,2009-10-01,0.58,56.849641577060936,4.221264367816092,3110.35,1.0,64.47081342094783,68.0,43.0,7.22,251.829,120.0974,0.1123893986145452,0.10651031314037343,-0.009143004427022122
Los Angeles,2009-11-01,0.0133333333333333,51.59444444444444,3.8166666666666655,2751.683333333333,0.1666666666666666,57.21933333333334,76.5,46.5,2.47,304.1338,88.6914,0.2145615791732227,0.19438317148737827,0.08787285834700484
Los Angeles,2009-12-01,2.3016666666666663,61.65053763440861,3.7672043010752687,2800.083333333333,1.1666666666666667,50.6941935483871,69.0,33.0,1.21,209.7523,90.9337,0.2247787972290904,0.2027602540007601,0.008377082513381817
Los Angeles,2010-01-01,5.243333333333333,61.5753653156879,3.584175627240144,2648.083333333333,0.5,51.14732181055874,71.0,29.0,0.01,172.5965,74.4351,0.1323455738397187,0.12429121043694241,-0.07846904356381768
Los Angeles,2010-02-01,5.1466666666666665,68.382326007326,3.7571428571428567,2525.8,0.6666666666666666,53.833333333333336,63.5,29.0,0.1,233.7633,182.3556,0.1221651450828172,0.11525998440024755,-0.009031226036694859
Los Angeles,2010-03-01,1.87,57.9247311827957,4.209139784946236,3130.6,1.6666666666666667,56.7483870967742,59.0,32.0,0.1,526.2769,375.8283,0.1018042875690144,0.09694909747113879,-0.01831088692910876
Los Angeles,2010-04-01,11.101666666666668,63.09059829059829,4.441666666666666,3198.066666666666,1.6666666666666667,59.66944444444445,63.5,31.0,1.5699999999999998,445.1387,1790.3472,0.0916238588121129,0.08766636634836261,-0.00928273112277618
Los Angeles,2010-05-01,13.458333333333336,59.90860215053763,4.752105734767025,3301.8,2.333333333333333,64.33539426523298,64.0,33.0,9.86,1221.9256,4991.5038,0.1018042875690144,0.09694909747113879,0.00928273112277618
Los Angeles,2010-06-01,4.0616666666666665,64.59137931034483,4.507701149425287,3229.25,0.6666666666666666,70.90095785440613,77.0,37.0,14.03,2826.2402,14961.1814,0.2036085751380288,0.18532419032300687,0.08837509285186808
Los Angeles,2010-07-01,7.488333333333333,62.701028517999056,4.462365591397849,3320.0333333333333,0.5,73.21116121086922,76.0,36.0,15.06,1388.1801,14039.6586,0.1934281463811273,0.1768299608630221,-0.008494229459984765
Los Angeles,2010-08-01,0.0349999999999999,56.24193548387097,4.212365591397849,3134.316666666667,0.3333333333333333,71.91362007168459,74.0,38.0,91.4,1439.3648,8584.7418,0.2341498614087331,0.2103823617146506,0.0335524008516285
Los Angeles,2010-09-01,0.0249999999999999,59.145593869731805,3.601111111111111,2593.733333333333,0.3333333333333333,68.94789682539682,75.5,38.0,9.82,315.1633,213.7939,0.2748715764363388,0.24284544917369424,0.03246308745904364
Los Angeles,2010-10-01,1.2533333333333332,69.784229390681,3.424193548387097,2550.4500000000003,0.6666666666666666,65.74995864350703,69.0,31.0,1.8,255.3216,152.7936,0.3359541489777475,0.2896457548980876,0.04680030572439334
Los Angeles,2010-11-01,0.7999999999999999,58.67733918128655,4.199529914529914,2955.9833333333336,1.0,56.29944444444445,64.0,29.5,3.37,292.8889,134.0643,0.3257737202208461,0.2819962288010072,-0.007649526097080361
Los Angeles,2010-12-01,7.296666666666667,73.64413722478238,3.2435483870967743,2414.9,0.6666666666666666,53.00389784946236,72.0,28.0,1.11,240.5797,105.6351,0.3868562927622547,0.3270395258438541,0.045043297042846875
Los Angeles,2011-01-01,0.6483333333333333,57.96881720430108,3.511827956989247,2613.9333333333334,0.8333333333333334,52.0068356374808,71.0,33.0,0.1,0.0,0.0,0.2328094984655829,0.20929570978446918,-0.11774381605938491
Los Angeles,2011-02-01,2.393333333333333,63.468253968253975,4.244751082251082,2784.4666666666667,1.3333333333333333,52.3061507936508,65.5,25.5,2.01,2.0627,0.0,0.2328094984655829,0.20929570978446918,0.0
Los Angeles,2011-03-01,2.605714285714286,68.49907834101383,4.3664055299539175,2867.2285714285717,1.2857142857142858,56.057004608294925,64.0,25.0,0.1,8.7886,0.0,0.1720765858223874,0.1587770352846824,-0.05051867449978678
Los Angeles,2011-04-01,0.06,63.94975369458128,4.752380952380952,3422.6142857142854,2.142857142857143,61.83095238095238,63.5,30.5,21.52,12.2918,2.125,0.1720765858223874,0.1587770352846824,0.0
Los Angeles,2011-05-01,0.3228571428571429,63.18466020445998,5.006484529295589,3689.428571428571,2.0,65.05758722843976,63.0,33.0,9.2,47.147,0.0,0.2935424111087785,0.2573845099756118,0.0986074746909294
Los Angeles,2011-06-01,0.1614285714285714,65.04799223764742,4.643546798029556,3323.128571428572,1.2857142857142858,68.9892787672098,77.0,33.5,424.0,47.8681,0.0,0.3441531716447748,0.29576420260481323,0.038379692629201434
Los Angeles,2011-07-01,0.1371428571428571,59.63682186556491,4.318592086445256,3192.457142857143,0.2857142857142857,74.38860205423053,74.0,37.0,289.89,129.9902,58.178,0.313786715323177,0.2729135897819225,-0.022850612822890748
Los Angeles,2011-08-01,0.0971428571428571,54.61812596006144,4.004224270353303,2965.2000000000003,0.1428571428571428,73.9268393453043,81.0,46.0,83.36,123.0104,43.2011,0.3036645632159778,0.2651791936158382,-0.00773439616608429
Los Angeles,2011-09-01,0.32,59.784356710533615,3.448901771336554,2383.988888888889,0.0,71.51353014850599,84.5,44.5,1183.34,41.9326,1.1678,0.27329810689438,0.24161046882506457,-0.023568724790773626
Los Angeles,2011-10-01,0.9455555555555556,55.15053763440861,3.5516129032258066,2642.177777777777,0.4444444444444444,66.21254480286738,82.0,34.0,7.26,25.6775,1.2421,0.3036645632159778,0.2651791936158382,0.023568724790773626
Los Angeles,2011-11-01,1.252222222222222,59.25989782886335,3.8484802043422737,2761.555555555556,1.0,57.24505747126437,74.0,28.5,0.02,20.9324,2.1246,0.2429316505727822,0.21747282354509234,-0.04770637007074585
Los Angeles,2011-12-01,0.7155555555555555,46.36275388291517,4.024551971326165,2938.788888888889,1.4444444444444444,50.09726702508961,82.0,37.0,2.22,6.9428,0.468,0.313786715323177,0.2729135897819225,0.05544076623683014
Los Angeles,2012-01-01,1.008888888888889,45.583402260821615,4.254480286738351,3163.6666666666665,1.8888888888888888,52.33748079877112,75.0,34.0,2.14,128.5673,186.5142,0.3721761511735267,0.31639791113056226,0.043484321348639776
Los Angeles,2012-02-01,0.41,56.31327312534209,4.5264521072796935,3109.9,1.5555555555555556,53.60734099616858,64.0,23.0,2.23,119.6692,2290.5369,0.3621173362769449,0.3090403539996966,-0.007357557130865666
Los Angeles,2012-03-01,1.8766666666666667,59.44982078853046,4.54516129032258,3380.9333333333334,1.2222222222222223,56.15913978494624,64.0,27.0,2.74,657.5752,2165.1622,0.2615291873111269,0.23232462581992575,-0.07671572817977085
Los Angeles,2012-04-01,1.488888888888889,58.16826800275077,4.519374201787994,3216.1222222222223,1.3333333333333333,61.047407407407405,62.0,30.0,1.82,618.858,2521.2561,0.2715880022077087,0.24026651481631273,0.007941888996386981
Los Angeles,2012-05-01,0.0444444444444444,60.21660692951016,4.497801672640382,3323.9777777777776,1.0,67.44291517323775,74.0,40.0,8.19,1770.723,4813.8932,0.3319408915871995,0.2866371954482819,0.0463706806319692
Los Angeles,2012-06-01,0.0144444444444444,58.73256704980843,4.40962962962963,3178.8,0.2222222222222222,71.29703703703703,81.5,36.0,205.64,945.3684,6701.3513,0.3721761511735267,0.31639791113056226,0.029760715682280336
Los Angeles,2012-07-01,0.07,56.939452124936,3.950896057347671,2941.222222222222,0.0,73.58273835125448,78.0,36.0,1142.75,1203.5529,2739.6183,0.3118232617940359,0.27141797244937704,-0.044979938681185216
Los Angeles,2012-08-01,0.0755555555555555,52.025925925925925,3.823990442054958,2833.3444444444444,0.1111111111111111,75.72799681401831,75.0,39.0,37.8,384.9468,1528.0306,0.2112351128282178,0.19164059339660966,-0.07977737905276738
Los Angeles,2012-09-01,0.0344444444444444,48.30502645502646,3.678888888888889,2647.4666666666667,0.3333333333333333,73.87814814814814,76.5,40.0,73.1,253.6627,531.5176,0.1709998532418906,0.15785795928840812,-0.03378263410820154
Los Angeles,2012-10-01,0.1688888888888889,54.62007168458782,3.888888888888889,2895.8,1.0,67.4584229390681,66.0,36.0,2.8,203.5829,130.8416,0.2816468171042905,0.2481458268647232,0.09028786757631507
Los Angeles,2012-11-01,0.9544444444444444,59.20370370370371,3.4811111111111117,2505.655555555556,0.6666666666666666,60.06888888888889,73.5,35.5,2.45,138.3464,2478.8265,0.2212939277247997,0.19991089320579913,-0.04823493365892406
Los Angeles,2012-12-01,2.5900000000000003,68.13763440860215,3.72258064516129,2768.4555555555557,0.8888888888888888,54.76567502986858,74.0,27.0,0.3,182.3427,131.7045,0.201176297931636,0.18330132494071483,-0.016609568265084307
Los Angeles,2013-01-01,1.0466666666666666,46.18996415770609,4.526881720430108,3365.5,1.8888888888888888,49.81720430107527,64.0,32.0,0.3,152.0851,256.3108,0.2999452899791078,0.26232217895045257,0.07902085400973774
Los Angeles,2013-02-01,0.3422222222222222,51.90079365079365,4.327777777777778,2907.9666666666667,1.0,52.98285714285714,64.0,33.0,0.97,820.56,238.4156,0.2799489373138339,0.2468201844122227,-0.015501994538229869
Los Angeles,2013-03-01,0.6133333333333333,58.76504758373502,4.248745519713262,3162.866666666667,1.0,58.830609318996416,78.0,35.0,3.25,515.0158,515.3696,0.1899653503201016,0.17392418932145304,-0.07289599509076966
Los Angeles,2013-04-01,0.0522222222222222,56.05560156429722,4.79,3448.1222222222223,1.2222222222222223,63.2195061728395,69.0,37.0,3.8,281.997,1805.6352,0.1799671739874646,0.16548661943593643,-0.00843756988551661
Los Angeles,2013-05-01,0.4666666666666667,58.19204140619749,4.939784946236559,3673.6111111111113,1.7777777777777777,68.20664936349029,71.0,35.0,97.12,795.2227,8595.6242,0.3899288769728401,0.329252578188053,0.16376595875211655
Los Angeles,2013-06-01,0.0633333333333333,59.055026455026464,4.602962962962963,3312.922222222222,1.5555555555555556,71.96050671550671,72.0,40.0,537.25,1360.6114,37286.6753,0.3199416426443817,0.27758752550309074,-0.05166505268496224
Los Angeles,2013-07-01,0.1011111111111111,55.09725668596636,4.322939068100358,3215.7111111111108,1.4444444444444444,74.72578571930563,72.0,37.0,24.85,3203.0379,33327.4388,0.3699325243075663,0.31476148629685413,0.037173960793763394
Los Angeles,2013-08-01,0.0244444444444444,50.96256471525289,3.990322580645161,2970.5,0.4444444444444444,73.88119474313022,73.0,36.0,112.89,438.1857,14499.5505,0.4199234059707509,0.3506029307011668,0.035841444404312695
Los Angeles,2013-09-01,0.0066666666666666,48.435756755321975,4.004074074074073,2882.4444444444443,0.4444444444444444,72.38502255460588,66.5,34.5,75.78,653.0242,5741.3481,0.269950760981197,0.23897812883794264,-0.11162480186322418
Los Angeles,2013-10-01,0.1544444444444444,48.70800477897252,3.96715651135006,2943.922222222222,0.8888888888888888,63.65207885304659,69.0,33.0,0.5,204.4413,67.2266,0.269950760981197,0.23897812883794264,0.0
Los Angeles,2013-11-01,0.65,50.18518518518519,3.714907407407407,2640.8444444444444,1.0,58.73092592592593,68.5,29.0,8.9,139.3119,171.8618,0.2799489373138339,0.2468201844122227,0.007842055574280055
Los Angeles,2013-12-01,0.3077777777777777,41.376344086021504,4.127240143369175,3071.4,1.7777777777777777,52.12437275985664,72.0,25.0,1.0,102.7988,75.5163,0.1999635266527385,0.18229116187598254,-0.06452902253624015
Los Angeles,2014-01-01,0.0333333333333333,39.25448028673836,3.555913978494623,2644.577777777778,1.4444444444444444,53.15140979689367,93.0,37.0,1.7000000000000002,106.2196,210.8415,0.3581168425832758,0.3060990656291295,0.12380790375314693
Los Angeles,2014-02-01,1.9077777777777776,55.76587301587301,3.91031746031746,2628.4555555555557,0.6666666666666666,56.25396825396825,71.5,28.5,3.35,210.9762,147.0082,0.2287968716504262,0.20603553755062942,-0.10006352807850005
Los Angeles,2014-03-01,0.5366666666666666,56.38351254480287,4.340501792114695,3228.555555555556,1.3333333333333333,60.23173237753882,68.0,31.0,1.3,624.2474,237.9185,0.2685876319374569,0.23790418079086326,0.031868643240233835
Los Angeles,2014-04-01,0.2966666666666666,49.99348659003832,4.69962962962963,3383.222222222222,1.4444444444444444,63.73781893004116,69.0,32.0,2.1,809.5355,5483.5645,0.3680645326550334,0.31339699108119357,0.07549281029033031
Los Angeles,2014-05-01,0.1777777777777777,52.09481215278768,4.673118279569892,3474.555555555556,1.0,68.01078136200717,70.0,34.0,13.82,754.5764,28485.3659,0.2984307021527299,0.261156383082186,-0.05224060799900754
Los Angeles,2014-06-01,0.0055555555555555,55.77119341563786,4.355925925925926,3138.2444444444445,1.0,71.77653198653199,82.0,44.0,1.8,1316.5117,39105.4726,0.2586399418656992,0.23003172676184186,-0.03112465632034417
Los Angeles,2014-07-01,0.0066666666666666,54.38109010011124,4.046594982078854,3009.4444444444443,0.6666666666666666,75.30018817204301,73.0,45.0,3.6,3211.5135,34833.0343,0.4476460532290948,0.3699388257058981,0.13990709894405623
Los Angeles,2014-08-01,0.0366666666666666,53.51715162643973,3.9763440860215056,2957.922222222222,0.2222222222222222,75.67026188220107,70.0,39.0,2.39,1948.6965,18240.7744,0.2785353220092145,0.24571514306337144,-0.12422368264252664
Los Angeles,2014-09-01,0.0333333333333333,51.66803830481992,3.541481481481481,2550.177777777777,0.1111111111111111,74.44586367880486,73.0,34.5,1.42,377.1986,201.432,0.3382214624397605,0.29134146552802914,0.0456263224646577
Los Angeles,2014-10-01,0.1555555555555555,52.46193548387097,3.108243727598566,2311.7333333333336,0.2222222222222222,69.06574074074075,70.0,36.0,12.010000000000002,60.4059,105.2025,0.4078552929420642,0.3420674775550467,0.05072601202701754
Los Angeles,2014-11-01,0.48,47.28544973544974,3.952592592592592,2844.3777777777777,1.3333333333333333,60.5225925925926,62.0,22.0,1.01,116.2727,135.5142,0.3382214624397605,0.29134146552802914,-0.05072601202701754
Los Angeles,2014-12-01,3.487,62.44494252873564,3.6925806451612906,2443.67,0.6,55.24481646273638,71.0,16.0,0.5,89.3839,1154.7646,0.4178029830138218,0.3491084784102032,0.05776701288217406
Los Angeles,2015-01-01,1.0870000000000002,54.88967741935484,3.3070967741935484,2459.4,0.6,53.69483870967743,80.0,22.0,2.2,229.018,105.936,0.5742062588482215,0.45375118260969594,0.10464270419949273
Los Angeles,2015-02-01,0.655,58.846296296296295,3.5385714285714287,2377.8900000000003,0.8,58.26898809523809,75.0,24.5,0.2,258.1183,163.7365,0.4356047480917542,0.36158618767770573,-0.09216499493199021
Los Angeles,2015-03-01,0.828,50.01803993855607,3.821290322580645,2843.84,0.6,61.23161290322581,63.0,26.0,1.71,943.8831,1654.1774,0.386104208535873,0.3264970844751646,-0.035089103202541105
Los Angeles,2015-04-01,0.257,49.52252873563218,4.371,3146.8,1.0,63.86226436781609,65.0,28.5,26.78,1141.5669,6363.221,0.4356047480917542,0.36158618767770573,0.035089103202541105
Los Angeles,2015-05-01,0.538,63.91338112305855,4.350346475507766,3212.04,0.9,66.06219832735962,67.0,26.0,3.73,2103.8167,31002.289,0.257402805690582,0.22904832830724975,-0.13253785937045598
Los Angeles,2015-06-01,0.02,57.194649769132525,4.186730523627076,2700.3,0.5,72.52019610808631,74.0,35.0,7.2,1954.5642,44086.4678,0.4554049639141067,0.3752841876122023,0.14623585930495253
Los Angeles,2015-07-01,0.663,61.59952210274791,4.257347670250897,2849.77,0.5,75.72374689826303,69.0,31.0,6.17,4587.6791,42655.5078,0.811808848716451,0.5943257101777897,0.2190415225655874
Los Angeles,2015-08-01,0.0177777777777777,53.89656833011672,3.97741935483871,2958.1111111111118,0.4444444444444444,76.94456605222734,73.0,43.0,34.08,2832.4663,17407.0745,0.386104208535873,0.3264970844751646,-0.26782862570262506
Los Angeles,2015-09-01,1.0655555555555556,55.26845466155811,3.754584929757343,2695.311111111111,0.3333333333333333,75.99490786352855,68.0,32.0,1.12,147.5897,367.989,0.4950053955588115,0.4021298159055762,0.0756327314304116
Los Angeles,2015-10-01,0.2588888888888889,55.36699625097845,3.203584229390681,2384.4777777777776,0.1111111111111111,70.76865790521704,64.0,29.0,2.7,106.1954,193.0179,0.4554049639141067,0.3752841876122023,-0.026845628293373947
Los Angeles,2015-11-01,0.2,43.00472541507024,3.831851851851851,2761.2,1.5555555555555556,57.8189417989418,60.0,17.0,1.41,60.3724,121.9093,0.3960043164470492,0.3336140963461807,-0.04167009126602156
Los Angeles,2015-12-01,0.7,49.042413381123055,3.961290322580645,2950.0666666666666,1.3333333333333333,51.82688172043011,67.0,19.0,1.46,425.2893,148.0976,0.4356047480917542,0.36158618767770573,0.027972091331525006
Los Angeles,2016-01-01,2.915555555555556,64.3179129073456,3.5293906810035844,2624.0222222222224,1.0,51.951353355580274,71.0,21.0,1.2400000000000002,196.046,310.7415,0.4939239939879571,0.4014062112451102,0.039820023567404494
Los Angeles,2016-02-01,0.4833333333333334,43.54631196106292,4.228352490421456,2941.577777777778,1.4444444444444444,56.000383141762455,69.0,22.0,0.6,1503.4955,1291.9475,0.5136809537474755,0.41454440212644256,0.013138190881332334
Los Angeles,2016-03-01,1.7366666666666668,61.61696535244922,4.226164874551972,3142.8222222222225,1.1111111111111112,59.50215053763441,62.0,25.0,1.2200000000000002,2046.832,1222.2163,0.5433163933867529,0.43393360316250645,0.019389201036063897
Los Angeles,2016-04-01,0.5444444444444444,53.67318007662836,4.1037037037037045,2954.233333333333,0.7777777777777778,63.84701149425288,62.5,28.0,1.63,2503.642,9322.3534,0.5334379135069938,0.427512216962204,-0.00642138620030247
Los Angeles,2016-05-01,0.2188888888888888,66.85215053763442,4.3717741935483865,2983.455555555556,1.4444444444444444,66.51532258064516,62.0,29.0,2.71,2744.3248,49761.8551,0.4741670342284388,0.3880931077189517,-0.03941910924325226
Los Angeles,2016-06-01,0.0844444444444444,55.81347298534799,4.17875,2672.5333333333333,0.7777777777777778,72.33129385964912,82.0,39.0,9.51,2424.2616,94059.1474,0.6322227123045852,0.4899427131042027,0.10184960538525095
Los Angeles,2016-07-01,0.0911111111111111,52.11411408990845,4.282390525167524,3096.1666666666665,0.4444444444444444,75.75814819964569,74.0,43.0,2.75,2034.6455,85967.4422,0.6914935915831399,0.525611920631473,0.03566920752727032
Los Angeles,2016-08-01,0.0988888888888888,55.05149248070395,3.894623655913978,2897.644444444444,0.2222222222222222,74.96265830346475,77.0,37.0,3.25,1061.2408,39382.5311,0.6519796720641035,0.5019743699771364,-0.023637550654336592
Los Angeles,2016-09-01,0.0366666666666666,53.61541081311197,3.83957671957672,2744.4666666666667,0.2222222222222222,71.29739463601533,70.0,36.0,2.22,56.007,383.0899,0.7705214306212131,0.5712740967728788,0.06929972679574237
Los Angeles,2016-10-01,0.3566666666666667,56.36996205202855,3.649091141833077,2595.1,0.5555555555555556,65.69542972497366,66.0,30.0,5.64,92.3824,217.0199,0.8100353501402497,0.5933463755512437,0.02207227877836493
Los Angeles,2016-11-01,0.8009999999999999,47.140813876062914,3.4694301994301995,2225.8,0.7,59.6222792022792,67.0,25.5,1.3,127.8446,353.673,0.5433163933867529,0.43393360316250645,-0.15941277238873724
Los Angeles,2016-12-01,3.901111111111111,53.90561529271206,3.972795698924731,2947.9666666666667,2.111111111111111,52.658375149342895,69.0,21.0,2.11,138.4782,307.7556,0.5630733531462712,0.44665398133380974,0.012720378171303282
Los Angeles,2017-01-01,6.5488888888888885,63.216927450253365,3.9330174267704856,2819.288888888889,1.0,51.46967791373131,68.0,11.0,0.0,45.8492,118.3169,0.6814805391874026,0.5196746786476591,0.07302069731384941
Los Angeles,2017-02-01,4.124444444444444,65.05784244562022,3.879212454212454,2573.8444444444444,0.6666666666666666,54.53949938949939,58.0,14.5,0.0,114.2769,736.6379,0.5629621845461151,0.4465828569982976,-0.07309182164936157
Los Angeles,2017-03-01,0.2333333333333333,54.73629032258064,4.045878136200717,3009.688888888889,0.5555555555555556,57.968100358422944,61.0,23.0,1.28,1149.839,3907.9881,0.592591773206437,0.4653627351908172,0.01877987819251964
Los Angeles,2017-04-01,0.1088888888888888,52.8922619047619,4.598888888888889,2921.0,1.8888888888888888,62.03092592592592,59.5,28.0,2.19,1112.4678,1406.9016,0.5530856549926746,0.4402436971804784,-0.025119038010338823
Los Angeles,2017-05-01,0.2233333333333333,58.71428571428572,4.565437788018433,2639.188888888889,1.2222222222222223,65.63917050691245,65.0,31.0,27.62,1200.7436,20113.9528,0.5135795367789121,0.41447739965412894,-0.025766297526349458
Los Angeles,2017-06-01,0.0344444444444444,57.31357233301677,4.171574770258982,2889.577777777778,0.4444444444444444,71.95105959342801,70.5,38.5,28.69,1083.4959,6492.8484,0.5629621845461151,0.4465828569982976,0.03210545734416864
Los Angeles,2017-07-01,0.0311111111111111,56.40815309191282,4.084229390681004,3040.711111111111,0.3333333333333333,76.62289127837515,76.0,45.0,567.88,5955.9713,7218.8149,0.7604927756149276,0.5655937560060997,0.11901089900780215
Los Angeles,2017-08-01,0.0722222222222222,59.63626709146422,3.854480286738351,2864.4777777777776,0.3333333333333333,76.19213859020311,76.0,44.0,335.36,1309.2207,445.2233,0.592591773206437,0.4653627351908172,-0.10023102081528251
Los Angeles,2017-09-01,0.4666666666666667,59.31496147530631,3.839259259259259,2765.011111111111,0.2222222222222222,73.24342592592592,70.0,35.0,0.01,475.299,348.7999,0.8098754233821306,0.593258016048356,0.12789528085753882
Los Angeles,2017-10-01,0.7722222222222223,47.84586348800909,3.758064516129032,2794.766666666667,1.1111111111111112,65.35762644364794,71.0,42.0,2.8000000000000003,134.8258,493.2496,1.1654304873059929,0.7726191810908255,0.17936116504246946
Los Angeles,2017-11-01,0.5622222222222222,57.79077980342348,3.476372924648787,2495.788888888889,0.6666666666666666,61.39628352490422,66.5,27.0,99.83,148.5506,402.666,1.2543192532869585,0.8128480441356889,0.040228863044863394
Los Angeles,2017-12-01,0.4511111111111111,33.00798771121352,3.939426523297491,2929.7444444444445,1.5555555555555556,53.674193548387095,90.0,39.0,6.79,85.5102,376.406,1.1753070168594335,0.7771698117556616,-0.03567823238002732
Los Angeles,2018-01-01,1.6990000000000005,48.874224005508765,3.54258064516129,2516.56,1.0,54.98951612903225,70.0,25.0,4.59,202.81,230.8585,1.0001304130449489,0.6932123849565669,-0.08395742679909468
Los Angeles,2018-02-01,0.204,45.10529100529101,4.151071428571429,2788.32,0.3,55.12571428571429,61.0,19.5,1.04,173.1266,395.8281,0.9407167251412882,0.6630573507960037,-0.0301550341605632
Los Angeles,2018-03-01,3.3880000000000003,59.70863799283154,3.925462365591398,2905.78,0.4,56.8538817204301,59.0,16.0,0.01,485.8012,35548.3644,1.0793486635831622,0.7320547021657785,0.0689973513697748
Los Angeles,2018-04-01,0.1079999999999999,51.11416106881624,4.5343333333333335,3263.73,0.9,63.29033333333333,68.0,30.0,1.25,1505.2531,4162.9552,0.7921825053821374,0.5834341538882196,-0.14862054827755888
Los Angeles,2018-05-01,0.193,60.65830287621166,4.438924731182796,3293.79,1.1,66.42136559139786,68.0,26.0,2.3600000000000003,2066.5394,1997.4167,0.6634528482575401,0.5088954711738827,-0.07453868271433695
Los Angeles,2018-06-01,0.039,55.22640804597702,4.468,3214.85,1.0,71.639,75.0,34.5,8.14,2544.6072,20549.8892,0.6733551295748168,0.514830670593016,0.005935199419133341
Los Angeles,2018-07-01,0.0081818181818181,48.76076834877725,4.6278103616813295,3000.009090909091,0.3636363636363636,77.65551409203232,66.0,40.0,1361.39,2678.1165,12062.3527,0.6733551295748168,0.514830670593016,0.0
Los Angeles,2018-08-01,0.0045454545454545,52.44835772310744,4.234897360703813,3151.918181818182,0.5454545454545454,77.36417804040894,74.0,40.0,3.5700000000000003,934.3156,2474.4115,0.8813030372376279,0.6319646416692093,0.11713397107619328
Los Angeles,2018-09-01,0.0,55.450470219435736,3.7439393939393937,2696.1181818181817,0.0909090909090909,73.67288401253919,70.5,37.0,2.31,259.2677,304.6638,0.7525733801130305,0.5610852107264935,-0.07087943094271576
Los Angeles,2018-10-01,0.3563636363636364,54.83218390804598,3.8530791788856313,2866.481818181818,0.2727272727272727,67.14340175953079,61.0,24.0,0.02,126.0167,238.3031,0.9308144438240116,0.657941905522031,0.09685669479553749
Los Angeles,2018-11-01,1.0663636363636364,46.560606060606055,3.9154545454545455,2818.954545454545,1.0,59.16454545454546,65.0,25.5,2.26,151.017,200.2914,1.0496418196313322,0.7176650557535696,0.059723150231538624
Los Angeles,2018-12-01,1.8990909090909087,59.21700879765396,3.693841642228739,2746.3818181818183,0.4545454545454545,53.2099706744868,66.0,16.0,1.11,77.9297,260.3922,0.5941368790366031,0.46633244809697005,-0.2513326076565996
Los Angeles,2019-01-01,4.825454545454545,63.97670501541469,3.692668621700879,2746.245454545455,0.5454545454545454,51.71143695014662,66.0,13.0,0.23,101.266,429.8579,0.825603496261707,0.6019106152540479,0.13557816715707782
Los Angeles,2019-02-01,5.4763636363636365,68.40334665334666,4.31948051948052,2902.672727272728,0.9090909090909092,50.688311688311686,52.5,8.0,0.1,153.5099,180.1672,0.7460272556581691,0.5573430676381643,-0.04456754761588355
Los Angeles,2019-03-01,2.1954545454545453,63.39281949934124,4.5337243401759535,3372.5,1.181818181818182,56.56862170087977,57.0,12.0,0.01,336.6438,2330.8304,0.9847559774687832,0.685495973317144,0.12815290567897963
Los Angeles,2019-04-01,0.069090909090909,58.93927023787571,4.991515151515151,3592.7454545454543,2.1818181818181817,63.309393939393935,59.0,19.0,24.76,604.4186,3582.3111,0.9549148872424564,0.6703466565522502,-0.015149316764893728
Los Angeles,2019-05-01,0.9036363636363636,68.56583958563431,4.893295121300986,3572.4272727272723,2.5454545454545454,65.30531858171155,56.0,17.0,5.16,1300.2939,3544.0139,1.01459706769511,0.7004192089982872,0.030072552446037015
Los Angeles,2019-06-01,0.0454545454545454,63.01008978250357,4.423164983164983,3159.5636363636363,1.181818181818182,71.65041958041958,63.0,25.0,65.17999999999999,1161.4596,666.0888,0.7957624060353803,0.5854296705026509,-0.11498953849563631
Los Angeles,2019-07-01,0.0127272727272727,56.01886608015639,4.212903225806452,3133.027272727273,0.4545454545454545,75.20428152492669,68.0,35.0,228.82,3566.9157,2690.7168,0.825603496261707,0.6019106152540479,0.016480944751396942
Los Angeles,2019-08-01,0.0045454545454545,53.09618431253582,4.0653958944281525,3025.409090909091,0.0909090909090909,75.38890554722639,64.0,31.0,36.42,1376.7098,1051.0757,0.9549148872424564,0.6703466565522502,0.06843604129820235
Los Angeles,2019-09-01,0.0118181818181818,55.416530825496345,4.125696969696969,2929.036363636364,0.6363636363636364,73.82416927899686,60.0,31.0,16.28,269.3126,869.8775,0.9847559774687832,0.685495973317144,0.015149316764893728
Los Angeles,2019-10-01,0.009090909090909,39.93068356374808,4.233225806451613,2860.909090909091,1.4545454545454546,65.15894428152492,68.0,33.0,17.169999999999998,197.2917,510.0526,1.1638025188267438,0.7718670993462402,0.08637112602909625
Los Angeles,2019-11-01,1.8654545454545457,50.88057471264368,3.603333333333333,2357.836363636364,0.9090909090909092,58.43575757575757,79.0,33.5,1.35,133.9046,326.351,1.0842262782232055,0.7343976967987911,-0.03746940254744913
Los Angeles,2019-12-01,3.520909090909091,64.70205278592375,3.843401759530792,2594.818181818182,0.9090909090909092,52.0099706744868,66.0,14.0,0.01,73.7234,185.3879,1.133961428600417,0.757980078021,0.023582381222208904
Los Angeles,2020-01-01,0.2272727272727272,60.09235364396655,4.109354838709677,2778.672727272728,1.181818181818182,50.99774193548387,73.0,21.0,0.0,123.5563,351.5745,0.8288387968456192,0.6036812282065389,-0.15429884981446107
Los Angeles,2020-02-01,0.1172727272727272,50.01081504702195,4.394827586206897,2781.872727272727,1.7272727272727273,53.46724137931035,66.0,30.0,0.0,146.9055,801.718,0.918712883250566,0.6516545879320355,0.047973359725496545
Los Angeles,2020-03-01,3.5454545454545454,68.90299539170506,4.39,2969.590909090909,1.181818181818182,55.60903225806451,47.0,9.0,0.0,822.0326,2652.7971,0.7888947584434207,0.5815979757662553,-0.07005661216578019
Los Angeles,2020-04-01,2.643636363636364,66.59414141414142,4.502666666666667,2948.5636363636363,0.9090909090909092,59.970000000000006,55.5,15.5,0.0,740.6865,1799.3739,0.6590766336362756,0.5062612028094973,-0.075336772956758
Los Angeles,2020-05-01,0.1427272727272727,56.245161290322585,4.886451612903225,3304.0181818181813,2.1818181818181817,68.27032258064517,62.0,27.0,0.0,738.1611,4755.6271,0.6391046144351763,0.49415012593414065,-0.012111076875356619
Los Angeles,2020-06-01,0.0736363636363636,57.00465608465608,4.916,3218.4818181818187,1.5454545454545454,71.50800000000001,60.0,29.0,0.0,3799.6952,7739.4049,0.6990206720384742,0.5300520097955719,0.03590188386143123
Los Angeles,2020-07-01,0.0472727272727272,49.75806451612904,4.438709677419356,3001.618181818182,0.3636363636363636,74.15032258064517,62.0,32.0,0.1,4101.7755,7872.4128,0.7789087488428712,0.5760001138565453,0.04594810406097338
Los Angeles,2020-08-01,0.0127272727272727,50.10842602892102,4.327419354838709,2924.572727272727,0.5454545454545454,75.83478001142798,69.0,32.0,0.0,2814.9834,5233.9398,0.9786289408538638,0.6824041507351504,0.10640403687860511
Los Angeles,2020-09-01,0.0063636363636363,46.24532567049808,3.503333333333333,2294.8818181818183,0.0,72.14733333333334,85.5,54.5,0.0,335.9224,307.9343,0.9986009600549628,0.6924474158091726,0.0100432650740222
Los Angeles,2020-10-01,0.0163636363636363,48.461290322580645,3.63858064516129,2453.409090909091,0.7272727272727273,68.05096774193548,83.0,50.0,0.0,245.4067,271.4923,1.2782092288703526,0.8233897084237413,0.1309422926145687
Los Angeles,2020-11-01,0.1390909090909091,47.516666666666666,3.817333333333333,2498.7818181818184,1.0909090909090908,58.20566666666666,78.0,32.0,0.0,161.9045,1202.4687,1.1783491328648563,0.7785673114184318,-0.04482239700530943
Los Angeles,2020-12-01,1.1427272727272728,43.33621785148482,4.093841642228739,2952.536363636364,1.6363636363636365,51.992705278592375,79.0,30.0,0.0,122.374,42.6304,1.048531008057711,0.717122954847859,-0.06144435657057279
Los Angeles,2021-01-01,1.729090909090909,47.368817204301074,4.296480938416422,3199.3545454545456,1.6363636363636365,51.01788856304986,71.0,26.0,0.0,26.7982,843.5645,1.0534201391658295,0.7195067635515062,0.0023838087036471833
Los Angeles,2021-02-01,0.0618181818181818,45.15909090909091,4.743181818181818,3186.3,2.0,53.07272727272727,63.0,23.5,0.0,455.9918,758.3008,1.1236481484435517,0.753135434498958,0.03362867094745181
Los Angeles,2021-03-01,0.9954545454545454,53.35190615835777,4.784457478005866,3561.281818181818,1.9090909090909087,54.560410557184746,57.0,19.0,1.31,759.4854,1991.5497,1.1938761577212735,0.7856699143717023,0.03253447987274427
Los Angeles,2021-04-01,0.0645454545454545,53.08672936259143,4.8566666666666665,3494.4454545454546,2.090909090909091,62.16848484848485,64.0,30.0,9.19,1089.3292,3119.8721,1.354397321784638,0.8562847804002225,0.07061486602852018
Los Angeles,2021-05-01,0.0118181818181818,57.68971351229416,4.869208211143695,3622.3454545454542,1.6363636363636365,67.20997067448681,65.0,33.0,4.14,1652.2398,10892.0855,1.0132898481499886,0.6997701244443617,-0.15651465595586078
Los Angeles,2021-06-01,0.0527272727272727,53.4351880877743,4.6060606060606055,3316.4818181818177,1.2727272727272727,71.87129123749813,66.0,31.5,31.53,1913.9907,16359.7677,1.0935504301816708,0.7388613951201352,0.03909127067577345
Los Angeles,2021-07-01,0.0454545454545454,51.45161290322581,4.327272727272727,3217.290909090909,0.4545454545454545,76.23007297670813,66.0,32.0,18.36,1863.7801,9743.2185,1.344364749030678,0.8520144692635658,0.11315307414343068
Los Angeles,2021-08-01,0.009090909090909,50.42355816226784,4.349853372434017,3236.6545454545453,0.8181818181818182,75.8738568480504,68.0,36.0,689.4399999999999,929.6287,817.1975,1.0734852846737502,0.7292309038253665,-0.12278356543819935
Los Angeles,2021-09-01,0.0045454545454545,53.1226750261233,3.877575757575757,2791.6363636363635,0.4545454545454545,72.7360606060606,69.0,36.0,29.39,431.1483,238.1466,1.1738110122133532,0.7764818540156863,0.047250950190319774
Los Angeles,2021-10-01,0.649090909090909,51.7621491411814,4.043108504398827,3009.0181818181813,0.6363636363636364,63.90791788856305,61.0,25.0,0.5700000000000001,238.0187,100.7656,1.1838435849673137,0.781086436713214,0.004604582697527726
Los Angeles,2021-11-01,0.0163636363636363,48.4969696969697,3.6260606060606064,2609.3818181818183,0.3636363636363636,59.67545454545454,82.0,32.0,0.71,155.4853,149.3609,1.7155699409272085,0.9990018543485972,0.21791541763538325
Los Angeles,2021-12-01,6.391818181818182,68.93841642228739,3.710557184750733,2759.8,1.181818181818182,52.19560117302053,72.0,19.0,0.0,108.4574,60.9541,1.2340064487371147,0.8037965872753918,-0.1952052670732054
Los Angeles,2022-01-01,1.2636363636363637,48.69299221357063,3.9442815249266863,2934.0454545454545,1.3636363636363635,50.97536656891496,69.0,37.0,14.0,147.3088,80.8239,1.3080947437812516,0.8364223979685051,0.03262581069311332
Los Angeles,2022-02-01,0.7945454545454546,39.32082732082733,4.621753246753247,3106.536363636364,1.0909090909090908,51.96428571428572,67.0,40.5,198.0,273.1583,617.9421,0.9531853171739352,0.6694615358588328,-0.16696086210967231
Los Angeles,2022-03-01,2.0118181818181817,49.56461388074292,4.679472140762464,3482.6,1.5454545454545454,56.586510263929625,60.0,34.0,21.0,916.8891,631.143,1.064728279821949,0.7249986341337797,0.055537098274946906
Los Angeles,2022-04-01,0.2709090909090909,52.663592259360286,5.162727272727273,3718.318181818182,2.727272727272727,63.06121212121212,59.5,32.5,216.0,1203.461,52.7084,1.3385155517761649,0.8495163484829071,0.1245177143491274
Los Angeles,2022-05-01,0.0327272727272727,54.21333805238143,5.110263929618768,3801.790909090909,1.9090909090909087,67.40439882697947,63.0,37.0,1794.0,1443.1876,92.6849,1.3182350131128893,0.8408061259357464,-0.008710222547160695
Los Angeles,2022-06-01,0.2118181818181818,51.612225705329145,4.626060606060606,3330.109090909091,1.0,72.9060606060606,65.0,35.5,4563.0,1487.2382,160.8631,1.3892168984343525,0.8709656546931044,0.030159528757357945
Los Angeles,2022-07-01,0.039090909090909,52.07725755890383,4.476539589442815,3328.7454545454543,0.4545454545454545,75.983284457478,61.0,31.0,425.0,1244.2635,397.1622,1.379076629102715,0.8667124414379309,-0.004253213255173471
Los Angeles,2022-08-01,0.0554545454545454,47.44270663625503,4.099706744868035,3049.1454545454544,0.0909090909090909,77.37984066993899,61.0,36.0,407.0,443.1671,273.8671,1.6528639010569304,0.9756397738234774,0.10892733238554653
Los Angeles,2022-09-01,0.600909090909091,52.78602138602139,3.7454545454545456,2698.8272727272724,0.0909090909090909,75.72170454545454,61.5,32.5,55134.0,74.7737,127.9963,1.551461207740554,0.9366662176989058,-0.03897355612457165
Los Angeles,2022-10-01,0.1772727272727272,56.1427174975562,3.532551319648094,2627.3,0.1818181818181818,69.29178885630499,64.0,38.0,76929.0,105.6045,123.4734,1.1762712424699628,0.7776129730956847,-0.15905324460322112
Los Angeles,2022-11-01,1.2827272727272727,46.88787878787878,4.378484848484849,3153.1636363636367,1.6363636363636365,56.17181818181818,66.0,32.5,27.0,88.7209,25.9111,1.2269725891281509,0.8006430797702719,0.02303010667458727
Los Angeles,2022-12-01,2.9254545454545453,65.07038123167155,3.710850439882698,2761.6545454545453,1.4545454545454546,51.87976539589443,64.0,31.0,11.0,65.4881,55.7038,1.2168323197965132,0.7960792939427199,-0.004563785827552014
Los Angeles,2023-01-01,5.833636363636364,65.53509286412512,4.404398826979472,3275.0,1.5454545454545454,50.641935483870974,64.0,33.0,3.0,77.6024,67.5439,1.1050037407924804,0.7443172442313313,-0.05176204971138865
Los Angeles,2023-02-01,3.6990909090909088,53.44805194805195,4.669805194805194,3138.590909090909,1.6363636363636365,49.68668831168832,62.0,38.0,5.0,199.7219,1147.1929,0.9833519528153264,0.6847883188194761,-0.05952892541185517
Los Angeles,2023-03-01,5.245454545454546,68.97360703812318,4.856598240469208,3611.309090909091,2.272727272727273,53.32433504911511,55.0,22.0,3.0,544.7595,3141.9118,1.297619071756307,0.8318734005669075,0.1470850817474314
Los Angeles,2023-04-01,0.1509090909090909,58.85151515151515,4.411212121212121,3177.0181818181813,1.181818181818182,59.87505050505051,64.5,34.0,68.0,530.0196,3299.9943,1.0239025488077111,0.7050276024437984,-0.12684579812310914
Los Angeles,2023-05-01,0.6536363636363637,68.17092392220312,4.752785923753666,3536.790909090909,1.818181818181818,65.17008797653959,53.0,25.0,697.0,1290.4645,536.6691,1.1252790387886726,0.7539031061268054,0.04887550368300708
Los Angeles,2023-06-01,0.1190909090909091,65.34545454545454,4.656666666666666,3353.1,1.6363636363636365,67.84575757575757,56.5,25.5,1780.0,1584.5088,154.9018,1.216517879771538,0.7959374418393002,0.04203433571249471
Los Angeles,2023-07-01,0.0563636363636363,48.82018741362457,4.431964809384164,3296.509090909091,0.9090909090909092,75.40179211469534,67.0,35.0,114633.0,995.3098,100.443,1.1354166877867686,0.7586617975609611,-0.03727564427833907
Los Angeles,2023-08-01,3.598181818181818,54.70244379276637,4.062756598240469,3022.190909090909,0.7272727272727273,75.31008749315201,61.0,31.0,102304.0,955.0393,153.2168,1.216517879771538,0.7959374418393002,0.03727564427833907
Los Angeles,2023-09-01,0.23,64.97742946708463,3.681515151515152,2650.2727272727275,0.5454545454545454,71.69242424242424,62.5,32.0,1146.0,377.2227,10.8942,1.206380230773442,0.7913532680699876,-0.004584173769312527
Los Angeles,2023-10-01,0.0672727272727272,53.013685239491686,3.437536656891496,2558.309090909091,1.0,66.47521131619804,61.0,37.0,2655.0,113.3387,3.8602,1.2672061247620188,0.8185482914158817,0.027195023345894076
Los Angeles,2023-11-01,0.8354545454545454,46.04242424242425,3.514848484848485,2531.672727272727,0.9090909090909092,59.01566666666666,62.5,40.0,260.0,78.081,133.8738,1.2672061247620188,0.8185482914158817,0.0
Los Angeles,2023-12-01,1.441818181818182,59.474115347018575,3.0571847507331382,2276.1181818181817,0.6363636363636364,54.9941935483871,69.0,40.0,4096.0,61.0904,117.0914,1.439546157729653,0.8918120210743221,0.07326372965844041
Los Angeles,2024-01-01,1.1972727272727273,62.341025641025645,3.4,2529.836363636364,1.0,52.56804301075268,67.0,31.0,3.0,0.0,125.36708203384921,1.8416772782357465,1.0443944687710074,0.15258244769668527
Los Angeles,2024-02-01,7.989090909090908,72.87704342273307,3.541379310344828,2464.0545454545454,0.3636363636363636,54.03862068965517,56.0,21.0,1.0,105.83225173003484,931.869557177147,1.5988187360508124,0.9550570094991018,-0.08933745927190562
Los Angeles,2024-03-01,3.26,67.88064516129033,4.573313782991203,3401.190909090909,2.090909090909091,57.13741935483871,43.0,29.0,11.0,445.29438797381135,1934.1142371714059,1.3357219820171349,0.848321043335728,-0.10673596616337377
Los Angeles,2024-04-01,0.6254545454545455,61.929523809523815,4.371212121212121,3148.7545454545457,0.9090909090909092,60.34439393939394,53.5,29.5,727.0,659.5977139955733,1722.1085219930596,1.4369130412608568,0.890732091306737,0.04241104797100903
Los Angeles,2024-05-01,0.1336363636363636,65.3341275659824,4.536363636363636,3375.5636363636363,1.9090909090909087,66.23607038123167,61.0,27.0,5901.0,1136.5905429920542,358.46683500328373,1.2547691346221568,0.813047588388535,-0.07768450291820206
Los Angeles,2024-06-01,0.01,59.31818181818182,4.376666666666666,3152.027272727273,1.0,72.56959595959596,63.0,32.5,62645.0,1601.3044580495493,199.84769223929112,1.1636971813028063,0.7718184164895064,-0.04122917189902853
Los Angeles,2024-07-01,0.0072727272727272,51.77126099706745,3.9196480938416425,2915.6181818181817,0.2727272727272727,78.32220360284876,62.0,34.0,67892.0,2274.6882359910487,288.9654356049116,1.31548377016839,0.8396186377015763,0.06780022121206986
Los Angeles,2024-08-01,0.0909090909090909,50.24633431085044,3.884457478005865,2890.481818181818,0.2727272727272727,77.04706481949641,61.0,33.0,534393.0,1044.880806427837,251.91662388831088,1.3357219820171349,0.848321043335728,0.0087024056341517
Los Angeles,2024-09-01,0.079090909090909,53.97001044932079,3.4927272727272727,2514.181818181818,0.4545454545454545,74.91747181433207,63.0,39.0,350995.0,96.79869332035929,105.93354716233762,1.4571512531096014,0.8990026517214661,0.0506816083857381
Los Angeles,2024-10-01,0.1072727272727272,51.17302052785924,3.1958944281524926,2379.245454545455,0.3636363636363636,69.28533724340176,68.0,44.0,5059.0,0.0,97.93633486057246,1.5886996301264402,0.9511556763201842,0.05215302459871807
Los Angeles,2024-11-01,0.2381818181818182,46.98484848484849,3.747272727272727,2697.481818181818,1.2727272727272727,57.67424242424243,60.5,40.5,20654.0,0.0,112.27397685750674,1.7809626426895129,1.0227971421121655,0.07164146579198138
Los Angeles,2024-12-01,0.1,52.86901270772238,3.287986314760509,2442.2909090909093,0.5454545454545454,54.6925219941349,82.0,44.0,4198.0,0.0,117.09140032186241,1.5886996301264402,0.9511556763201842,-0.07164146579198138
Orange,2001-01-01,3.39,58.0,3.8483870967741938,2862.0,0.0,50.63225806451613,80.0,38.5,,3791.4166,252.0,0.0693131105402021,0.06701648956774545,-0.8841391867524387
Orange,2001-02-01,5.48,67.92592592592592,4.078571428571428,2746.0,0.0,52.44285714285714,58.0,17.0,,2907.4453,255.0,0.0693131105402021,0.06701648956774545,0.0
Orange,2001-03-01,0.3,74.4,3.364516129032258,2503.4,0.0,59.05806451612903,66.0,32.5,,4828.7194,320.0,0.1039696658103031,0.09891247085631204,0.03189598128856659
Orange,2001-04-01,1.01,69.03448275862068,3.806666666666666,2741.4,0.0,61.373333333333335,54.5,35.0,,3858.4246,223.6875,0.0693131105402021,0.06701648956774545,-0.03189598128856659
Orange,2001-05-01,0.21,74.73333333333333,3.383870967741936,2516.1,0.0,67.30322580645162,66.0,37.0,,2976.112,389.0,0.0,0.0,-0.06701648956774545
Orange,2001-06-01,0.02,69.89655172413794,3.646666666666667,2626.9,0.0,70.77333333333333,61.0,24.0,,1256.5318,183.0,0.034656555270101,0.03406954099245022,0.03406954099245022
Orange,2001-07-01,0.0,71.46666666666667,3.6774193548387095,2734.4,0.0,72.66129032258064,55.0,24.0,,1302.7605,304.75,0.1386262210804042,0.12982246649890838,0.09575292550645817
Orange,2001-08-01,0.0,71.54838709677419,3.4645161290322584,2580.0,0.0,72.25806451612904,61.5,21.5,,1559.4251,444.75,0.1039696658103031,0.09891247085631204,-0.030909995642596347
Orange,2001-09-01,0.0,71.37931034482759,3.29,2285.4,0.0,70.92333333333333,64.0,28.0,,898.8356,297.75,0.0693131105402021,0.06701648956774545,-0.03189598128856659
Orange,2001-10-01,0.0,74.19354838709677,2.9935483870967743,2227.8,0.0,68.18064516129031,78.0,37.0,,2904.4086,308.625,0.0693131105402021,0.06701648956774545,0.0
Orange,2001-11-01,1.02,72.8,3.1533333333333333,2273.0,0.0,62.31666666666667,90.5,43.0,,3138.7743,243.449,0.1039696658103031,0.09891247085631204,0.03189598128856659
Orange,2001-12-01,1.42,64.45161290322581,3.3774193548387097,2510.5,0.0,53.690322580645166,78.0,18.0,,4193.5502,210.0,0.1039696658103031,0.09891247085631204,0.0
Orange,2002-01-01,0.43,58.45161290322581,3.4645161290322584,2581.1,0.0,53.32903225806452,80.0,39.0,,2319.5895,219.0,0.0343849985128488,0.03380704577255966,-0.06510542508375237
Orange,2002-02-01,0.22,53.85714285714285,3.7964285714285713,2553.9,1.0,53.396428571428565,77.0,44.0,,2895.2864,120.125,0.1031549955385464,0.09817425219288939,0.06436720642032973
Orange,2002-03-01,0.55,60.54838709677419,3.861290322580645,2874.1,0.0,56.91612903225807,55.0,26.0,,3331.757,381.125,0.0687699970256976,0.06650845176110996,-0.031665800431779426
Orange,2002-04-01,0.43,71.0,3.9866666666666655,2872.7,0.0,62.11666666666667,55.5,25.0,,2517.5536,693.2575,0.1375399940513952,0.12886803083050613,0.06235957906939617
Orange,2002-05-01,0.06,69.06451612903226,4.054838709677419,3015.3,0.0,65.08064516129032,59.0,27.0,,1681.0236,324.125,0.0,0.0,-0.12886803083050613
Orange,2002-06-01,0.0,71.73333333333333,4.033333333333333,2905.5,0.0,70.43,60.0,30.0,,1087.3419,296.0,0.1031549955385464,0.09817425219288939,0.09817425219288939
Orange,2002-07-01,0.0,70.61290322580645,3.645161290322581,2711.3,0.0,74.30322580645162,58.0,28.0,,2435.5546,301.7345,0.1375399940513952,0.12886803083050613,0.030693778637616742
Orange,2002-08-01,0.0,71.74193548387096,3.3774193548387097,2511.2,0.0,72.79354838709678,71.5,35.0,,4982.8011,419.65,0.0343849985128488,0.03380704577255966,-0.09506098505794647
Orange,2002-09-01,0.04,65.73333333333333,2.65,1905.0,0.0,71.39,64.0,37.0,,3525.6272,393.375,0.0343849985128488,0.03380704577255966,0.0
Orange,2002-10-01,0.0,73.90322580645162,3.116129032258064,2316.8,0.0,65.24193548387096,68.0,30.0,,8606.6893,559.5,0.0687699970256976,0.06650845176110996,0.0327014059885503
Orange,2002-11-01,2.07,60.23333333333333,4.16,2999.5,1.0,60.46,57.0,32.5,,5433.4682,603.3188,0.0343849985128488,0.03380704577255966,-0.0327014059885503
Orange,2002-12-01,1.95,79.09677419354838,3.2806451612903227,2434.0,0.0,54.89354838709678,75.0,20.0,,2263.0477,547.75,0.0687699970256976,0.06650845176110996,0.0327014059885503
Orange,2003-01-01,0.09,64.29032258064517,3.561290322580646,2649.8,1.0,54.95806451612904,85.0,33.0,,2568.9065,548.5,0.136547851829195,0.1279954679812336,0.06148701622012363
Orange,2003-02-01,4.16,71.5,3.742857142857143,2515.3,0.0,55.76428571428572,52.0,21.0,,2431.3168,713.5,0.1024108888718962,0.0974994986521841,-0.030495969329049494
Orange,2003-03-01,3.59,72.0,4.016129032258065,2984.8,1.0,58.18387096774194,58.0,27.0,,2112.3406,892.0,0.0,0.0,-0.0974994986521841
Orange,2003-04-01,1.72,73.06666666666666,4.35,3125.1,0.0,61.53666666666666,43.5,19.5,,2583.2391,1190.0,0.0,0.0,0.0
Orange,2003-05-01,0.63,79.90322580645162,3.929032258064516,2922.8,0.0,65.33870967741936,60.0,23.0,,2782.3271,936.0,0.1024108888718962,0.0974994986521841,0.0974994986521841
Orange,2003-06-01,0.07,84.93333333333334,3.663333333333333,2633.7,0.0,69.41000000000001,59.5,22.0,,1335.4584,563.02,0.0682739259145975,0.06604419259012606,-0.03145530606205804
Orange,2003-07-01,0.19,77.70967741935483,3.696774193548387,2754.1,0.0,73.95483870967742,63.0,29.0,,1197.9253,338.75,0.0682739259145975,0.06604419259012606,0.0
Orange,2003-08-01,0.0,70.54838709677419,3.5903225806451613,2671.1,0.0,74.16129032258064,57.5,30.0,,1198.0456,396.0,0.0682739259145975,0.06604419259012606,0.0
Orange,2003-09-01,0.0,78.93333333333334,3.5933333333333333,2583.0,0.0,71.45666666666666,69.5,24.0,,1462.4719,456.375,0.0,0.0,-0.06604419259012606
Orange,2003-10-01,0.03,71.7741935483871,3.487096774193548,2592.2,0.0,69.06451612903226,76.0,36.0,,1051.6146,360.5,0.0682739259145975,0.06604419259012606,0.06604419259012606
Orange,2003-11-01,0.38,66.8,3.28,2363.4,0.0,61.17333333333333,61.5,40.0,,2098.5215,723.3813,0.1024108888718962,0.0974994986521841,0.03145530606205804
Orange,2003-12-01,0.94,65.38709677419355,3.232258064516129,2398.0,0.0,55.25483870967742,71.0,33.0,,1896.3018,646.5625,0.1024108888718962,0.0974994986521841,0.0
Orange,2004-01-01,0.44,66.09677419354838,3.4096774193548387,2539.3,0.0,53.516129032258064,84.5,44.0,,3102.7576,233.84,0.1359752878511859,0.12749156641022039,0.029992067758036284
Orange,2004-02-01,4.67,65.6896551724138,4.16896551724138,2900.7,0.0,53.51724137931034,53.5,23.0,,5080.36,228.725,0.0679876439255929,0.06577617111301846,-0.06171539529720192
Orange,2004-03-01,0.91,74.64516129032258,3.829032258064516,2847.6,0.0,60.09354838709677,69.0,42.0,,2815.4236,969.135,0.2039629317767789,0.18561855885186776,0.1198423877388493
Orange,2004-04-01,0.6400000000000001,72.3,3.96,2848.3,0.0,63.586666666666666,65.0,35.0,,2724.0548,739.94,0.0679876439255929,0.06577617111301846,-0.1198423877388493
Orange,2004-05-01,0.0,66.58064516129032,4.074193548387097,3028.5,0.0,68.31290322580645,57.0,31.0,,1220.985,772.8321,0.0339938219627964,0.033428801177475084,-0.03234736993554338
Orange,2004-06-01,0.01,79.73333333333333,4.053333333333333,2908.9,0.0,70.60666666666665,60.5,28.0,,1215.9542,298.6,0.0339938219627964,0.033428801177475084,0.0
Orange,2004-07-01,0.0,73.25806451612904,3.796774193548387,2825.0,0.0,73.47096774193548,59.5,26.0,,1471.1211,237.9539,0.0679876439255929,0.06577617111301846,0.03234736993554338
Orange,2004-08-01,0.0,78.25806451612904,3.7838709677419353,2820.3,0.0,73.12258064516129,61.5,22.0,,1759.1841,186.84,0.0679876439255929,0.06577617111301846,0.0
Orange,2004-09-01,0.54,70.5,4.033333333333333,2897.9,0.0,72.23666666666666,63.0,31.0,,1426.682,299.899,0.0339938219627964,0.033428801177475084,-0.03234736993554338
Orange,2004-10-01,5.49,81.7741935483871,3.819354838709677,2837.4,0.0,67.43870967741935,60.0,26.0,,1220.332,61.61,0.1359752878511859,0.12749156641022039,0.0940627652327453
Orange,2004-11-01,0.72,66.16666666666667,3.82,2750.0,0.0,60.81333333333334,58.5,28.0,,1468.2294,669.994,0.1699691098139824,0.15697734659273815,0.029485780182517768
Orange,2004-12-01,3.73,63.064516129032256,4.390322580645161,3264.6,0.0,56.26774193548387,67.0,20.0,,2822.4495,439.3119,0.1019814658883894,0.09710989197621152,-0.059867454616526636
Orange,2005-01-01,7.25,73.70967741935483,4.041935483870968,3006.1,0.0,56.85806451612903,57.0,19.0,,2391.8042,1334.9635,0.2380907840159452,0.2135705027660052,0.11646061078979368
Orange,2005-02-01,8.73,73.60714285714286,4.253571428571428,2861.4,0.0,57.614285714285714,47.5,19.0,,3372.639,1321.6066,0.1020389074354051,0.09716201631020038,-0.11640848645580482
Orange,2005-03-01,1.0499999999999998,73.90322580645162,3.8451612903225807,2863.8,0.0,64.89354838709677,52.0,23.0,,4761.9764,1564.257,0.1700648457256752,0.1570591709709867,0.05989715466078632
Orange,2005-04-01,1.19,66.56666666666666,4.09,2944.6,0.0,66.60333333333332,56.0,19.0,,1350.9397,1426.1128,0.06802593829027,0.06581202703172614,-0.09124714393926056
Orange,2005-05-01,0.51,74.96774193548387,3.929032258064516,2919.9,0.0,72.2709677419355,56.0,21.0,,1699.4625,1306.8034,0.0,0.0,-0.06581202703172614
Orange,2005-06-01,0.0,77.23333333333333,3.94,2837.9,0.0,78.55333333333333,56.0,23.0,,1327.98,497.1098,0.0,0.0,0.0
Orange,2005-07-01,0.0,76.0,3.832258064516129,2846.2,0.0,83.65806451612903,62.0,23.0,,1310.3349,869.8305,0.1700648457256752,0.1570591709709867,0.1570591709709867
Orange,2005-08-01,0.0,76.12903225806451,3.645161290322581,2712.7,0.0,83.95483870967742,63.0,27.0,,1148.092,1274.5086,0.034012969145135,0.03344731870113262,-0.12361185226985408
Orange,2005-09-01,0.04,72.20689655172414,3.753333333333333,2701.1,0.0,79.48666666666666,63.0,29.0,,1543.6306,1231.9665,0.1020389074354051,0.09716201631020038,0.06371469760906776
Orange,2005-10-01,0.58,71.83870967741936,3.725806451612903,2766.5,0.0,73.35161290322581,63.0,30.5,,1291.2947,858.8092,0.2040778148708102,0.1857139750895526,0.08855195877935221
Orange,2005-11-01,0.08,58.13333333333333,3.65,2635.2,0.0,68.44,64.0,39.0,,1383.0205,3461.2205,0.1700648457256752,0.1570591709709867,-0.028654804118565885
Orange,2005-12-01,0.65,68.48387096774194,3.3,2453.3,0.0,61.93225806451613,78.0,30.0,,2549.4396,2451.4288,0.06802593829027,0.06581202703172614,-0.09124714393926056
Orange,2006-01-01,1.23,61.354838709677416,4.1,3054.6,1.0,59.59032258064516,58.0,26.5,,2081.932,1708.7589,0.238723633400983,0.2140815215927364,0.14826949456101027
Orange,2006-02-01,1.2000000000000002,61.142857142857146,3.75,2520.7,0.0,60.13928571428572,70.0,31.0,,1900.2093,2470.8344,0.1364135048005617,0.12787725477149478,-0.08620426682124163
Orange,2006-03-01,2.31,75.90322580645162,3.870967741935484,2883.0,0.0,61.31935483870968,51.0,18.0,,2244.9806,1436.1063,0.1364135048005617,0.12787725477149478,0.0
Orange,2006-04-01,2.2,76.66666666666667,3.6333333333333337,2619.5,0.0,67.54333333333334,39.0,14.5,,1038.9122,355.1387,0.0,0.0,-0.12787725477149478
Orange,2006-05-01,0.47,80.12903225806451,3.809677419354839,2829.4,0.0,75.58387096774193,58.5,24.0,,847.9416,653.034,0.1364135048005617,0.12787725477149478,0.12787725477149478
Orange,2006-06-01,0.0,74.96666666666667,3.78,2718.2,0.0,81.72333333333333,62.0,30.0,,757.0116,762.0548,0.1023101286004213,0.09740809455094268,-0.0304691602205521
Orange,2006-07-01,0.0,68.70833333333333,3.735483870967742,2774.8,0.0,87.99565217391304,59.0,24.0,,753.4194,786.9792,0.0682067524002808,0.06598131019196479,-0.03142678435897789
Orange,2006-08-01,0.0,74.0,3.6516129032258062,2716.4,0.0,86.3225806451613,59.0,24.0,0.0,1190.1181,2597.7644,0.1023101286004213,0.09740809455094268,0.03142678435897789
Orange,2006-09-01,0.0,72.03448275862068,3.73,2683.8,0.0,82.54333333333334,61.0,34.0,0.0,1059.6524,639.5284,0.0341033762001404,0.03353474807159959,-0.06387334647934309
Orange,2006-10-01,0.0,66.03225806451613,3.5258064516129037,2626.4,0.0,74.06451612903226,57.0,26.0,96.32,725.6848,1169.2124,0.2046202572008426,0.18616437802339642,0.15262962995179682
Orange,2006-11-01,0.15,64.43333333333334,3.35,2414.7,0.0,70.18666666666667,70.0,40.0,660.53,606.9526,1281.6936,0.1705168810007022,0.15744542988729412,-0.02871894813610229
Orange,2006-12-01,1.23,56.29032258064516,3.612903225806451,2687.5,0.0,62.71935483870968,70.0,41.0,81.06,1385.4718,1666.4023,0.1364135048005617,0.12787725477149478,-0.029568175115799344
Orange,2007-01-01,0.02,44.32258064516129,4.861290322580645,3616.2,0.0,59.11935483870968,58.0,43.0,889.6,1701.3722,1373.0106,0.10233218459771,0.09742810323639466,-0.030449151535100125
Orange,2007-02-01,0.64,69.17857142857143,3.775,2535.3,0.0,61.925,58.0,14.5,52.26,1325.9213,1171.2563,0.10233218459771,0.09742810323639466,0.0
Orange,2007-03-01,0.07,60.41935483870968,3.832258064516129,2850.6,0.0,67.05483870967741,58.0,29.5,1887.35,1600.4363,3044.9983,0.0341107281992366,0.03354185758611319,-0.06388624565028148
Orange,2007-04-01,0.55,73.13333333333334,4.023333333333333,2898.4,0.0,71.48333333333333,53.0,22.0,562.3,1573.7411,2869.3145,0.1705536409961833,0.1574768343197012,0.123934976733588
Orange,2007-05-01,0.0,73.86206896551724,4.15483870967742,3097.4,0.0,79.37096774193549,57.0,25.0,1204.9,1258.0605,4686.2519,0.10233218459771,0.09742810323639466,-0.060048731083306536
Orange,2007-06-01,0.0,75.46666666666667,4.033333333333333,2900.7,0.0,82.33333333333333,58.0,26.0,221.3,972.7441,1325.564,0.0,0.0,-0.09742810323639466
Orange,2007-07-01,0.0,74.87096774193549,3.758064516129033,2790.8,0.0,84.99354838709678,55.0,22.0,1054.45,1005.9995,2331.4837,0.10233218459771,0.09742810323639466,0.09742810323639466
Orange,2007-08-01,0.0,70.41935483870968,3.7,2742.9,0.0,85.74516129032257,57.0,25.0,86.57000000000001,710.3099,2656.9476,0.0682214563984733,0.06599507522102793,-0.031433028015366724
Orange,2007-09-01,0.42,69.26666666666667,3.803333333333333,2739.6,0.0,80.96785714285714,54.5,29.0,1551.15,951.633,2352.5786,0.0682214563984733,0.06599507522102793,0.0
Orange,2007-10-01,0.14,60.064516129032256,4.029032258064516,2999.2,1.0,74.07096774193548,62.5,31.0,348558.16000000003,1281.6719,2129.0593,0.1705536409961833,0.1574768343197012,0.09148175909867326
Orange,2007-11-01,1.64,67.0,3.1300000000000003,2252.1,0.0,64.41333333333334,76.5,44.0,50.5,788.7718,1532.3084,0.20466436919542,0.1862009963574023,0.028724162037701118
Orange,2007-12-01,0.64,60.87096774193548,3.841935483870968,2860.3,0.0,53.2,55.0,15.0,7.7,633.0662,5087.0257,0.10233218459771,0.09742810323639466,-0.08877289312100765
Orange,2008-01-01,4.29,64.48387096774194,4.290322580645161,3191.4,0.0,51.89354838709678,54.0,20.5,9.06,1962.9799,1765.5664,0.1690563914642751,0.15619692038914704,0.05876881715275238
Orange,2008-02-01,1.29,70.6896551724138,3.9068965517241376,2725.1,0.0,54.189655172413794,59.0,32.0,10.61,1987.1699,2550.5021,0.06762255658571,0.06543426663686265,-0.09076265375228439
Orange,2008-03-01,0.0,59.83870967741935,3.874193548387097,2881.3,0.0,58.91935483870968,70.0,28.0,26.86,2301.6932,1944.4398,0.1690563914642751,0.15619692038914704,0.09076265375228439
Orange,2008-04-01,0.07,60.86666666666667,4.06,2921.3,0.0,64.50666666666667,71.0,30.0,259.61,1048.8373,5503.199,0.06762255658571,0.06543426663686265,-0.09076265375228439
Orange,2008-05-01,0.36,71.03225806451613,4.238709677419355,3146.4,0.0,70.19032258064516,74.0,38.5,567.8299999999999,1267.57,3908.2296,0.06762255658571,0.06543426663686265,0.0
Orange,2008-06-01,0.0,71.13333333333334,3.84,2768.1,0.0,80.74666666666667,88.0,32.0,533.14,810.7739,2423.4628,0.0,0.0,-0.06543426663686265
Orange,2008-07-01,0.0,77.70967741935483,3.6903225806451614,2746.3,0.0,86.04516129032258,88.0,26.0,242.12,725.461,1507.663,0.1690563914642751,0.15619692038914704,0.15619692038914704
Orange,2008-08-01,0.0,77.25806451612904,3.541935483870968,2632.5,0.0,84.09354838709677,55.0,24.0,385.99,688.999,1612.3773,0.1690563914642751,0.15619692038914704,0.0
Orange,2008-09-01,0.01,76.6,3.3466666666666667,2405.9,0.0,74.51,61.0,31.0,324.56,795.3957,1931.5949,0.06762255658571,0.06543426663686265,-0.09076265375228439
Orange,2008-10-01,0.0,49.03225806451613,3.6225806451612894,2692.1,0.0,67.05806451612904,58.0,37.5,806.5600000000001,798.2751,1086.5563,0.1352451131714201,0.1268485863589731,0.061414319722110436
Orange,2008-11-01,1.59,60.96666666666667,3.4233333333333333,2464.7,0.0,61.59666666666667,57.0,27.0,30386.050000000003,492.5663,1886.382,0.1690563914642751,0.15619692038914704,0.02934833403017395
Orange,2008-12-01,3.14,71.38709677419355,3.454838709677419,2565.8,0.0,53.729032258064514,55.0,21.0,10.68,1338.7465,5217.3726,0.2028676697571302,0.1847084307401891,0.028511510351042074
Orange,2009-01-01,0.31,48.45161290322581,4.077419354838709,3031.6,0.0,53.41935483870968,54.0,25.0,24.61,1488.3315,2672.7981,0.1339056908914336,0.12566803684842426,-0.05904039389176485
Orange,2009-02-01,3.17,69.78571428571429,3.625,2432.8,0.0,53.06428571428571,50.5,17.0,29.26,2020.6505,1561.6681,0.2008585363371504,0.18303674793141766,0.05736871108299341
Orange,2009-03-01,0.14,64.64516129032258,3.7838709677419353,2816.6,0.0,58.02258064516129,56.0,21.0,105.76,1886.3569,3438.2682,0.2678113817828672,0.23729209241310723,0.05425534448168956
Orange,2009-04-01,0.05,57.8,4.1066666666666665,2955.9,0.0,61.99,57.0,24.5,256.32,896.7972,2724.3656,0.1004292681685752,0.09570034746863532,-0.1415917449444719
Orange,2009-05-01,0.02,71.41935483870968,3.93225806451613,2921.8,0.0,68.87096774193549,66.0,24.0,913.48,674.0782,1272.3097,0.1004292681685752,0.09570034746863532,0.0
Orange,2009-06-01,0.0,70.93333333333334,3.93,2829.5,0.0,69.09666666666666,53.5,12.5,258.2,1089.0487,1516.735,0.2678113817828672,0.23729209241310723,0.1415917449444719
Orange,2009-07-01,0.0,66.38709677419355,3.725806451612903,2771.3,0.0,74.71935483870968,56.0,24.0,910.29,606.2559,884.5064,0.2343349590600088,0.2105323303513526,-0.02675976206175462
Orange,2009-08-01,0.0,63.172413793103445,3.767741935483871,2803.8,0.0,82.80714285714285,63.5,23.0,2176.73,687.0852,1408.1066,0.3012878045057256,0.26335439297899504,0.05282206262764244
Orange,2009-09-01,0.0,66.14285714285714,3.463333333333334,2494.6,0.0,77.98666666666666,63.0,22.0,1026.25,796.7492,1605.7787,0.1004292681685752,0.09570034746863532,-0.16765404551035973
Orange,2009-10-01,0.05,57.29032258064516,3.5935483870967744,2674.9,0.0,68.56129032258065,56.0,26.0,157.65,902.2969,1400.3656,0.0669528454457168,0.06480677775890564,-0.030893569709729674
Orange,2009-11-01,0.01,52.43333333333333,3.4733333333333336,2507.5,0.0,62.156666666666666,66.5,26.0,69.82,573.5847,2633.872,0.334764227228584,0.2887546674374991,0.22394788967859347
Orange,2009-12-01,1.25,62.354838709677416,3.2483870967741937,2416.5,0.0,55.61290322580645,66.0,22.0,14.03,796.5134,2439.4136,0.2678113817828672,0.23729209241310723,-0.05146257502439189
Orange,2010-01-01,0.4,60.83870967741935,3.3741935483870966,2506.2,0.0,54.53225806451613,66.0,20.0,26.22,757.231,5027.3838,0.1325917037370971,0.12450854969907915,-0.11278354271402807
Orange,2010-02-01,3.16,69.29629629629629,3.6,2334.5,0.0,55.42962962962962,56.0,17.0,0.91,1209.7694,5436.8312,0.0662958518685485,0.06419082182393426,-0.06031772787514489
Orange,2010-03-01,0.5700000000000001,59.54838709677419,3.851612903225807,2871.5,0.0,59.7258064516129,52.0,24.0,10.05,1010.7963,6574.4949,0.0,0.0,-0.06419082182393426
Orange,2010-04-01,1.48,64.76666666666667,3.9266666666666654,2822.2,0.0,66.11999999999999,54.0,22.5,21.52,445.6908,6414.5418,0.0994437778028228,0.09480439537405361,0.09480439537405361
Orange,2010-05-01,0.02,65.74193548387096,3.793548387096774,2820.3,0.0,73.98064516129033,57.0,24.0,2251.85,686.8479,4330.727,0.0331479259342742,0.03261038020890944,-0.06219401516514417
Orange,2010-06-01,0.0,74.73333333333333,3.95,2841.8,0.0,72.38333333333334,64.0,23.5,445.39,721.4754,2361.7511,0.0331479259342742,0.03261038020890944,0.0
Orange,2010-07-01,0.05,74.03225806451613,3.667741935483871,2726.5,0.0,72.47419354838709,62.0,20.0,1637.23,458.0783,1891.4412,0.1325917037370971,0.12450854969907915,0.09189816949016971
Orange,2010-08-01,0.0,67.12903225806451,3.5354838709677416,2629.9,0.0,71.2290322580645,61.0,21.0,2800.38,580.1995,1909.0569,0.0662958518685485,0.06419082182393426,-0.06031772787514489
Orange,2010-09-01,0.0,66.76666666666667,3.463333333333334,2488.9,0.0,68.44666666666667,65.0,26.0,1311.6699999999998,621.1866,1831.4637,0.0662958518685485,0.06419082182393426,0.0
Orange,2010-10-01,2.5,75.70967741935483,3.419354838709677,2546.0,0.0,66.63225806451612,58.0,17.0,74.79,392.9129,2470.4468,0.1325917037370971,0.12450854969907915,0.06031772787514489
Orange,2010-11-01,0.8,54.833333333333336,4.006666666666667,2890.3,0.0,58.66666666666666,55.0,22.0,69.35,319.4349,830.8196,0.23203548153992,0.2086676646478512,0.08415911494877204
Orange,2010-12-01,10.61,74.25806451612904,3.596774193548387,2675.7,0.0,54.39032258064516,65.0,22.0,43.0,656.2331,1895.9918,0.2983313334084686,0.2610798502748291,0.052412185626977914
Orange,2011-01-01,0.8,54.483870967741936,3.551612903225806,2641.1,0.0,52.31612903225806,60.0,28.0,27.86,1239.752,3338.3772,0.0655259902287643,0.06346856477782609,-0.19761128549700302
Orange,2011-02-01,2.1900000000000004,61.57142857142857,4.178571428571429,2801.6,0.0,52.2,55.5,19.5,7.92,432.3044,1361.4874,0.0982889853431465,0.09375350093837104,0.03028493616054495
Orange,2011-03-01,2.43,70.6774193548387,3.7193548387096778,2769.8,0.0,55.66451612903226,55.0,21.0,13.53,707.3514,3005.3061,0.196577970686293,0.17946579188145903,0.085712290943088
Orange,2011-04-01,0.3,65.06666666666666,4.28,3081.3,0.0,60.67666666666666,57.0,24.0,43.63,809.7799,3558.3468,0.3603929462582038,0.3077735890876254,0.1283077972061664
Orange,2011-05-01,0.52,70.44444444444444,4.46,3209.3,0.0,64.78,60.0,24.0,242.15,535.035,1994.3941,0.196577970686293,0.17946579188145903,-0.1283077972061664
Orange,2011-06-01,0.04,74.04,4.0760000000000005,2447.3,0.0,69.128,59.5,18.5,1298.25,748.8868,1261.7096,0.1310519804575287,0.1231481558104302,-0.056317636071028826
Orange,2011-07-01,0.0699999999999999,69.74193548387096,4.083870967741936,3033.3,0.0,72.75483870967743,63.0,21.0,15129.52,247.2132,547.296,0.196577970686293,0.17946579188145903,0.056317636071028826
Orange,2011-08-01,0.0,70.58064516129032,3.7483870967741937,2785.1,0.0,71.8225806451613,63.0,25.0,2215.52,280.6516,1046.5361,0.393155941372586,0.3315716349589735,0.15210584307751449
Orange,2011-09-01,0.47,74.4,3.566666666666667,2572.8,0.0,69.84333333333333,68.5,28.5,1491.53,429.5319,1971.8534,0.196577970686293,0.17946579188145903,-0.15210584307751449
Orange,2011-10-01,0.7999999999999999,67.35483870967742,3.4645161290322584,2576.0,0.0,65.5741935483871,69.0,29.0,2280.09,868.5145,3642.0007,0.196577970686293,0.17946579188145903,0.0
Orange,2011-11-01,1.4,64.76666666666667,3.563333333333333,2565.4,0.0,58.93666666666666,62.5,22.5,36.21,672.4422,2796.9313,0.2948669560294395,0.2584079532169258,0.07894216133546675
Orange,2011-12-01,0.26,52.41935483870968,4.15483870967742,3092.8,0.0,52.05483870967742,67.0,29.0,21.52,795.3287,1578.6558,0.393155941372586,0.3315716349589735,0.07316368174204774
Orange,2012-01-01,0.76,51.83870967741935,3.8451612903225807,2860.9,0.0,52.17741935483871,67.0,29.0,49.58,409.2686,1896.8002,0.1946560427724211,0.17785831363641272,-0.1537133213225608
Orange,2012-02-01,0.73,59.72413793103448,4.082758620689655,2839.9,0.0,53.710344827586205,59.0,21.0,26.04,809.3846,777.8584,0.1946560427724211,0.17785831363641272,0.0
Orange,2012-03-01,1.91,62.41935483870968,4.206451612903226,3124.7,0.0,56.59354838709677,49.5,17.0,19.55,859.8057,3119.8519,0.2270987165678246,0.2046526160930661,0.026794302456653374
Orange,2012-04-01,0.98,66.06666666666666,3.963333333333334,2854.9,0.0,61.086666666666666,56.0,22.5,45.4,414.6791,909.0733,0.3244267379540352,0.280979715217182,0.07632709912411592
Orange,2012-05-01,0.25,73.35483870967742,4.212903225806452,3134.4,0.0,67.23548387096774,63.0,32.0,5980.84,887.01,2961.2833,0.2270987165678246,0.2046526160930661,-0.07632709912411592
Orange,2012-06-01,0.0,70.3,4.1466666666666665,2985.0,0.0,70.41666666666667,60.5,23.5,4287.9,862.9914,2087.1922,0.3568694117494387,0.30518014317077385,0.10052752707770776
Orange,2012-07-01,0.1699999999999999,70.61290322580645,3.983870967741935,2960.3,0.0,71.87096774193549,61.0,23.0,1523.89,393.1359,780.8213,0.1622133689770176,0.15032626375654962,-0.15485387941422424
Orange,2012-08-01,0.0,63.80645161290322,3.7451612903225806,2790.4,0.0,73.62903225806451,57.0,23.0,29589.45,332.866,2540.8656,0.5190827807264563,0.4181067189861793,0.2677804552296297
Orange,2012-09-01,0.0,60.9,3.606666666666667,2592.4,0.0,72.22,60.0,27.0,3209.62,800.9065,1225.9539,0.3568694117494387,0.30518014317077385,-0.11292657581540544
Orange,2012-10-01,0.09,60.25806451612903,3.787096774193549,2814.7,0.0,69.09032258064516,56.0,26.0,46.7,2025.2284,1201.941,0.2270987165678246,0.2046526160930661,-0.10052752707770776
Orange,2012-11-01,0.75,67.13333333333334,3.373333333333333,2425.3,0.0,61.64,66.0,27.0,128.79,867.3323,2567.0918,0.4217547593402457,0.35189185472176143,0.14723923862869534
Orange,2012-12-01,1.75,75.29032258064517,3.3161290322580643,2461.7,0.0,58.406451612903226,60.0,18.0,13.69,1130.3644,2690.5076,0.5190827807264563,0.4181067189861793,0.06621486426441786
Orange,2013-01-01,1.27,50.32258064516129,3.97741935483871,2956.7000000000003,0.0,51.59032258064516,56.0,23.0,43.95,950.2987,3139.9369,0.192892986507457,0.17638143792512723,-0.24172528106105207
Orange,2013-02-01,0.49,58.35714285714285,3.992857142857143,2684.2,0.0,53.21428571428572,55.0,24.0,426.32,960.3624,1504.5423,0.2571906486766094,0.22887958769901542,0.0524981497738882
Orange,2013-03-01,0.74,68.90322580645162,3.7096774193548394,2760.4,0.0,57.480645161290326,63.0,25.0,29.06,821.7675,1438.3732,0.1285953243383047,0.12097378365782849,-0.10790580404118694
Orange,2013-04-01,0.0,63.43333333333333,4.5,3240.1,0.0,62.07,50.0,26.0,263.75,431.559,1851.1474,0.1607441554228809,0.14906131273216638,0.028087529074337897
Orange,2013-05-01,0.49,66.12903225806451,4.45483870967742,3308.2,0.0,67.7258064516129,57.0,30.0,9778.02,426.3372,810.7412,0.2250418175920332,0.2029749802238657,0.05391366749169932
Orange,2013-06-01,0.07,70.46666666666667,4.133333333333334,2973.5,0.0,71.11,54.0,21.0,743.4100000000001,580.199,1547.7937,0.2250418175920332,0.2029749802238657,0.0
Orange,2013-07-01,0.09,72.2258064516129,3.770967741935484,2810.6,0.0,74.75806451612904,58.0,21.0,35135.67,605.347,3670.8154,0.192892986507457,0.17638143792512723,-0.026593542298738476
Orange,2013-08-01,0.0,65.38461538461539,3.4741935483870967,2580.2,0.0,74.35483870967742,60.0,22.0,20720.09,577.465,1505.2294,0.2571906486766094,0.22887958769901542,0.0524981497738882
Orange,2013-09-01,0.18,65.07692307692308,3.23,2327.5,0.0,73.21666666666667,58.5,25.5,272.61,517.1784,2915.4364,0.0964464932537285,0.09207448992293879,-0.13680509777607663
Orange,2013-10-01,1.5000000000000002,61.903225806451616,3.7161290322580647,2765.2,0.0,65.45161290322581,65.0,32.0,382.86,652.7562,1130.8407,0.1607441554228809,0.14906131273216638,0.056986822809227594
Orange,2013-11-01,1.31,56.63333333333333,3.306666666666666,2379.8,0.0,60.626666666666665,60.5,25.5,26.14,378.1335,645.8653,0.1607441554228809,0.14906131273216638,0.0
Orange,2013-12-01,0.46,49.5,3.5580645161290323,2639.0,0.0,55.239285714285714,63.0,28.0,13.7,557.9152,382.302,0.2571906486766094,0.22887958769901542,0.07981827496684904
Orange,2014-01-01,0.01,49.483870967741936,3.480645161290323,2583.1,0.0,54.10967741935484,77.0,40.0,64.25,386.4049,1118.6033,0.1914844319965379,0.17519995158505433,-0.05367963611396109
Orange,2014-02-01,1.51,66.75,3.525,2365.2,0.0,56.57142857142857,62.5,24.0,29.58,446.5508,977.0013,0.1914844319965379,0.17519995158505433,0.0
Orange,2014-03-01,0.3399999999999999,67.0,3.732258064516129,2776.6,0.0,61.2,58.0,25.0,477.96,484.6093,1889.4752,0.2233985039959609,0.20163264500063366,0.026432693415579328
Orange,2014-04-01,0.52,58.53333333333333,4.24,3050.5,0.0,63.92,61.0,24.5,253.48,555.2492,2089.9455,0.1914844319965379,0.17519995158505433,-0.026432693415579328
Orange,2014-05-01,0.0,62.42307692307692,4.390322580645161,3258.9,0.0,66.83870967741936,65.0,23.0,780.72,214.1655,1121.0378,0.1595703599971149,0.1480495571980826,-0.027150394386971727
Orange,2014-06-01,0.0,70.16666666666667,3.94,2844.2000000000003,0.0,71.86999999999999,68.0,19.0,217.67,380.6572,897.2986,0.0957422159982689,0.09143195647979381,-0.056617600718288794
Orange,2014-07-01,0.01,66.90322580645162,3.648387096774193,2715.3,0.0,74.57741935483871,62.5,17.0,481.84,377.4559,1808.6983,0.2872266479948069,0.2524900187772774,0.1610580622974836
Orange,2014-08-01,0.01,67.87096774193549,3.616129032258064,2688.8,0.0,74.99032258064516,60.0,16.0,58.99,715.166,1452.5339,0.0957422159982689,0.09143195647979381,-0.1610580622974836
Orange,2014-09-01,0.0,63.93103448275862,3.4466666666666668,2480.8,0.0,74.21000000000001,60.0,24.0,41.95,573.7622,711.1542,0.3191407199942299,0.27698055492416557,0.18554859844437177
Orange,2014-10-01,0.0,62.096774193548384,3.2419354838709675,2417.2,0.0,69.31612903225808,63.0,27.0,27.27,514.1529,535.0871,0.1914844319965379,0.17519995158505433,-0.10178060333911124
Orange,2014-11-01,0.29,46.8,3.5866666666666664,2583.0,0.0,63.14666666666667,55.0,23.5,122.89,721.4579,1303.1992,0.3191407199942299,0.27698055492416557,0.10178060333911124
Orange,2014-12-01,3.11,68.58064516129032,3.735483870967742,2781.2,0.0,59.37096774193548,66.0,24.0,6.76,610.4098,785.0,0.1914844319965379,0.17519995158505433,-0.10178060333911124
Orange,2015-01-01,0.29,56.03225806451613,3.1516129032258067,2343.7,0.0,56.41290322580645,71.0,29.0,9.98,859.4956,892.7698,0.3800518390708493,0.3221210630076772,0.14692111142262285
Orange,2015-02-01,0.6,68.15384615384616,3.5142857142857147,2356.5,0.0,59.582142857142856,63.5,24.0,15.28,446.9513,692.2787,0.4433938122493241,0.3669971547196778,0.04487609171200063
Orange,2015-03-01,0.05,58.57692307692308,3.806451612903226,2834.0,0.0,62.13225806451613,60.0,24.0,31.67,485.1554,932.645,0.6334197317847488,0.49067581206054434,0.12367865734086653
Orange,2015-04-01,0.17,54.46666666666667,3.9866666666666655,2867.0,0.0,64.49333333333333,59.0,22.5,1363.95,457.0573,889.9974,0.4117228256600866,0.3448108206942714,-0.14586499136627296
Orange,2015-05-01,1.32,70.93548387096774,4.058064516129032,3016.0,0.0,66.44193548387096,56.0,16.0,44.32,298.7678,690.6502,0.3483808524816118,0.2989045041001518,-0.04590631659411959
Orange,2015-06-01,0.0,70.65517241379311,3.96,1425.45,0.0,73.53999999999999,62.0,20.0,330.49,237.0942,1173.5505,0.4117228256600866,0.3448108206942714,0.04590631659411959
Orange,2015-07-01,0.175,79.3741935483871,4.282580645161291,1715.6,0.0,75.14278937381403,52.0,17.0,595.84,419.5619,441.3723,0.570077758606274,0.45112514590845376,0.10631432521418238
Orange,2015-08-01,0.015,72.96774193548387,3.9983870967741937,2973.5,0.0,76.14838709677419,60.0,25.0,1261.52,233.0129,437.4324,0.3483808524816118,0.2989045041001518,-0.15222064180830197
Orange,2015-09-01,1.15,70.58333333333334,3.765,2708.4,0.0,75.88666666666666,64.0,24.5,31.55,270.07,451.5651,0.5384067720170365,0.4307473172698974,0.1318428131697456
Orange,2015-10-01,0.4266666666666667,59.92959549411162,3.680184331797235,2086.9,0.0,71.39595698924732,60.0,23.0,81.02000000000001,307.509,701.6654,0.6650907183739861,0.5098796074580273,0.0791322901881299
Orange,2015-11-01,0.4266666666666667,49.66283524904215,3.796666666666667,2739.833333333333,0.0,60.35999999999999,52.0,22.0,9.6,153.8627,256.8664,0.4750647988385615,0.38870192024280065,-0.12117768721522665
Orange,2015-12-01,1.5399999999999998,57.58064516129033,3.68494623655914,2740.5,0.3333333333333333,54.36451612903226,57.0,24.0,12.98,606.8973,141.1598,0.221696906124662,0.200240798990081,-0.18846112125271966
Orange,2016-01-01,3.033333333333333,72.31182795698925,3.311648745519713,2446.3,0.0,53.98168458781362,63.0,23.0,126.12,204.636,404.5602,0.2835168947717594,0.2496038842901543,0.0493630853000733
Orange,2016-02-01,0.29,50.66574712643678,3.828735632183907,2666.133333333333,0.0,57.05632183908045,56.5,27.0,13.79,198.8176,271.3626,0.1890112631811729,0.17312209048225807,-0.07648179380789621
Orange,2016-03-01,1.4333333333333331,73.93548387096774,3.7301075268817208,2772.066666666667,0.0,61.30645161290323,55.0,23.0,29.36,136.0496,570.186,0.2205131403780351,0.19927137718213409,0.026149286699876012
Orange,2016-04-01,0.3133333333333333,63.75555555555556,4.057777777777778,2925.2000000000003,0.0,63.67333333333334,55.5,23.5,26.77,114.3611,660.5657,0.2835168947717594,0.2496038842901543,0.0503325071080202
Orange,2016-05-01,0.2466666666666666,77.29032258064517,4.069892473118279,3028.2000000000003,0.0,66.61935483870968,51.0,14.5,116.97,185.3059,349.9664,0.1575093859843108,0.1462706157871128,-0.10333326850304148
Orange,2016-06-01,0.17,74.82799671592775,3.943333333333333,2836.2333333333336,0.0,71.13666666666666,61.5,19.0,7977.73,128.1687,644.2685,0.2205131403780351,0.19927137718213409,0.05300076139502127
Orange,2016-07-01,0.26,71.56989247311827,3.932258064516129,2927.533333333333,0.0,74.20322580645161,59.0,20.0,478.11,221.9816,295.3819,0.2520150175748973,0.22475426747409777,0.025482890291963683
Orange,2016-08-01,0.19,74.78086763070077,3.6344086021505375,2699.066666666667,0.0,74.06666666666666,58.0,20.0,1762.9899999999998,372.0692,361.5954,0.1890112631811729,0.17312209048225807,-0.051632176991839696
Orange,2016-09-01,0.09,68.55155993431856,3.6366666666666654,2616.933333333333,0.0,70.59333333333333,58.0,25.5,37.57,115.39,990.0503,0.5355319123466568,0.42887684371544055,0.2557547532331825
Orange,2016-10-01,0.42,69.51260659992585,3.234731182795699,2359.7666666666664,0.0,66.14182795698925,54.0,19.0,80.25,134.6122,715.0468,0.3150187719686216,0.2738509407891465,-0.15502590292629403
Orange,2016-11-01,1.55,57.8176245210728,3.367777777777777,2422.866666666667,0.0,60.76854406130269,55.0,25.5,51.77,96.7448,86.383,0.5355319123466568,0.42887684371544055,0.15502590292629403
Orange,2016-12-01,3.956666666666667,68.43010752688171,3.5602150537634407,2648.0666666666666,0.3333333333333333,55.34870967741936,56.0,27.0,7.23,296.8337,748.3311,0.2520150175748973,0.22475426747409777,-0.20412257624134278
Orange,2017-01-01,8.013333333333334,76.18351254480287,3.4924731182795696,2596.8,0.3333333333333333,54.56559139784946,52.0,16.0,4.29,3515.9778,2335.1173,0.3452696179058079,0.29659445237402227,0.0718401848999245
Orange,2017-02-01,3.68,82.51190476190476,3.1333333333333333,2103.833333333333,0.0,56.705952380952375,52.0,14.5,12.15,1246.3593,3536.1622,0.533598500399885,0.427616934918802,0.13102248254477972
Orange,2017-03-01,0.1933333333333333,67.11827956989247,3.478494623655914,2586.133333333333,0.0,59.45268817204302,48.0,22.0,28.21,454.2019,1104.9303,0.6277629416469235,0.48720664373872113,0.05958970881991915
Orange,2017-04-01,0.1333333333333333,69.4080459770115,3.8233333333333337,2751.5333333333333,0.0,62.568888888888885,53.0,25.0,1534.92,725.3199,1691.1236,0.5022103533175388,0.4069375923492983,-0.08026905138942281
Orange,2017-05-01,0.9433333333333334,76.66666666666667,3.886021505376344,2888.7333333333336,0.0,64.54731182795699,53.0,23.0,2477.69,564.4429,2139.7437,0.4394340591528464,0.3642500218602886,-0.04268757048900973
Orange,2017-06-01,0.2033333333333333,79.11111111111111,3.644444444444445,2623.4666666666667,0.0,68.99333333333334,59.0,21.0,6937.31,532.3574,571.065,0.5649866474822312,0.4478772919954835,0.08362727013519489
Orange,2017-07-01,0.1433333333333333,76.85125448028674,3.575089605734767,2114.6333333333337,0.0,72.71568100358422,58.0,23.0,1485.06,102.5946,43.753,0.3452696179058079,0.29659445237402227,-0.15128283962146122
Orange,2017-08-01,0.2333333333333333,82.20595238095238,3.766129032258065,1870.233333333333,0.0,73.17919354838709,59.0,22.0,2973.47,142.436,171.1486,0.5963747945645773,0.46773530514558126,0.171140852771559
Orange,2017-09-01,0.0499999999999999,71.63015873015873,3.6415873015873017,2154.9,0.0,70.54968253968254,60.5,18.0,3980.37,206.4566,344.4245,0.4394340591528464,0.3642500218602886,-0.10348528328529266
Orange,2017-10-01,0.0933333333333333,65.41111111111111,3.738709677419355,2781.133333333333,0.3333333333333333,66.19139784946236,65.0,35.0,315.05,143.5304,35.2154,0.7847036770586545,0.5792523942008202,0.2150023723405316
Orange,2017-11-01,0.7066666666666667,68.07777777777777,2.984444444444444,2147.5,0.0,61.87888888888889,61.0,31.0,183.36,122.5111,351.961,1.1613614420468086,0.7707383203860863,0.19148592618526605
Orange,2017-12-01,0.0233333333333333,40.359754224270354,4.081720430107527,3033.7666666666664,1.0,54.74193548387097,63.0,42.0,4373.24,208.1508,36.6802,0.8788681183056929,0.6306695307970945,-0.14006878958899172
Orange,2018-01-01,2.0766666666666667,58.01038190582128,3.421505376344086,2543.833333333333,0.0,55.45376344086022,57.0,28.0,22.04,330.0185,337.2018,0.9407464572272376,0.6630726708361808,0.03240314003908629
Orange,2018-02-01,0.53,50.0595238095238,3.854761904761904,2589.4,0.0,55.05238095238095,49.5,22.5,132.01,462.0056,827.3069,0.5958060895772505,0.46737899388755144,-0.19569367694862938
Orange,2018-03-01,1.6766666666666667,61.12645161290322,3.753763440860215,2794.2000000000003,0.0,57.24193548387097,36.0,22.5,14.64,319.7689,562.2379,0.4390150133727108,0.3639588610493535,-0.10342013283819795
Orange,2018-04-01,0.1533333333333333,57.29259259259259,3.355555555555556,2416.8,0.0,61.72111111111111,57.5,27.0,171.14,702.0371,566.1321,0.3449403676499871,0.2963496757512066,-0.06760918529814691
Orange,2018-05-01,0.3566666666666667,67.53763440860216,3.0150537634408603,2246.6,0.0,63.89462365591398,39.0,15.0,1498.47,623.9487,814.2556,0.4703732286136188,0.38551626558031943,0.08916658982911285
Orange,2018-06-01,0.0933333333333333,66.76666666666667,3.977777777777778,2864.066666666667,0.0,69.26444444444445,55.5,22.0,549.1800000000001,502.4947,814.1741,0.3449403676499871,0.2963496757512066,-0.08916658982911285
Orange,2018-07-01,0.18,66.82591376269538,4.059139784946237,3020.433333333333,0.0,75.27419354838709,53.0,21.0,2570.04,130.8439,69.8471,0.3449403676499871,0.2963496757512066,0.0
Orange,2018-08-01,0.16,70.45506912442397,3.755913978494624,2793.7333333333336,0.0,75.97741935483872,58.0,23.0,190.92,136.5889,137.5935,0.5958060895772505,0.46737899388755144,0.17102931813634487
Orange,2018-09-01,0.0633333333333333,70.58888888888889,3.581111111111111,2578.8,0.0,72.64555555555556,58.0,25.5,98.59,71.2169,74.4339,0.5958060895772505,0.46737899388755144,0.0
Orange,2018-10-01,0.9433333333333334,61.01075268817204,3.468817204301075,2578.933333333333,0.0,67.38924731182796,51.0,24.0,19.08,42.7724,251.5557,0.4703732286136188,0.38551626558031943,-0.08186272830723201
Orange,2018-11-01,1.58,52.94444444444443,3.673333333333334,2643.8,0.0,60.40888888888889,55.5,29.0,135.92,338.8132,181.1909,0.376298582890895,0.3193977093515046,-0.06611855622881485
Orange,2018-12-01,1.6266666666666667,67.43010752688173,3.291397849462365,2446.9666666666667,0.0,55.784946236559136,54.0,24.0,7.32,448.7139,430.0214,0.5958060895772505,0.46737899388755144,0.14798128453604686
Orange,2019-01-01,5.05,63.2258064516129,3.619354838709677,2691.333333333333,0.0,53.96021505376344,47.0,19.0,12.9,567.3313,156.0,0.4708319600734498,0.385828199929759,-0.08155079395779247
Orange,2019-02-01,7.746666666666667,73.14285714285715,3.695238095238095,2482.2333333333336,0.0,53.169047619047625,36.5,11.0,6.58,472.7952,39.4727,0.5649983520881398,0.4478847710127377,0.06205657108297874
Orange,2019-03-01,2.333333333333333,70.70967741935483,3.6483870967741936,2714.4666666666667,0.0,58.42043010752688,35.0,14.0,617.35,305.4171,435.9411,0.5963871494263697,0.4677430444396528,0.019858273426915096
Orange,2019-04-01,0.5333333333333333,73.18888888888888,3.764444444444445,2710.5,0.0,63.74555555555556,44.5,18.0,114.93,258.3207,179.2365,0.8161087307939797,0.5966961521719691,0.12895310773231633
Orange,2019-05-01,0.8766666666666666,77.83870967741935,3.9795698924731178,2958.833333333333,0.0,65.31182795698925,38.0,14.0,206.51,602.2109,221.8695,1.0044415148233596,0.6953654757345646,0.0986693235625955
Orange,2019-06-01,0.29,80.88352490421455,3.717777777777778,2672.2000000000003,0.0,69.64111111111112,47.0,12.5,982.77,316.0208,55.2967,0.8788863254704397,0.6306792212465474,-0.06468625448801724
Orange,2019-07-01,0.21,74.3010752688172,3.9580645161290327,2945.7666666666664,0.0,73.16881720430108,57.0,21.0,766.11,145.3752,626.39,0.7219423387792897,0.5434529204154545,-0.08722630083109295
Orange,2019-08-01,0.0733333333333333,74.58064516129032,3.6548387096774193,2718.733333333333,0.0,74.4978494623656,53.0,19.0,449.84,216.6732,300.7546,1.0358303121615895,0.7109037514829658,0.16745083106751135
Orange,2019-09-01,0.07,72.43333333333334,3.4322222222222223,2471.433333333333,0.0,73.4888888888889,55.0,22.0,1030.83,162.3176,79.4712,0.6905535414410596,0.5250560146199276,-0.18584773686303824
Orange,2019-10-01,0.0233333333333333,51.87992831541218,3.852688172043011,2865.6,0.0,65.85591397849463,55.0,33.0,1695.51,252.4897,13.5663,0.8788863254704397,0.6306792212465474,0.10562320662661984
Orange,2019-11-01,2.9933333333333336,61.72222222222222,3.3666666666666667,2422.2000000000003,0.0,60.18111111111111,57.5,30.5,87.48,124.4795,93.6254,0.7847199334557496,0.5792615028967157,-0.051417718349831665
Orange,2019-12-01,3.6333333333333337,68.08602150537634,3.124731182795699,2323.4333333333334,0.0,55.5989247311828,48.0,18.5,5.86,488.3035,35.75,0.6277759467645997,0.48721463327171216,-0.09204686962500358
Orange,2020-01-01,0.38,67.52688172043011,3.126881720430108,2331.0,0.0,54.00752688172043,61.0,23.0,0.05,66.7192,47.2032,0.5020412684198157,0.4068250286101772,-0.08038960466153494
Orange,2020-02-01,0.4933333333333333,56.4712643678161,3.7793103448275858,2631.0,0.0,55.46091954022989,54.0,28.0,0.0,99.5544,49.5702,0.909949799010916,0.64707695847277,0.2402519298625928
Orange,2020-03-01,3.8533333333333335,72.41935483870968,3.6516129032258062,2721.4666666666667,0.0,59.04301075268817,23.0,6.0,0.0,193.7963,111.5085,0.784439481905962,0.5791043501793797,-0.06797260829339036
Orange,2020-04-01,4.733333333333333,76.41190476190476,3.7477777777777774,2701.133333333333,0.0,63.047777777777775,46.0,17.0,0.0,187.2111,18.7188,0.3137757927623848,0.27290527594675507,-0.3061990742326246
Orange,2020-05-01,0.3333333333333333,76.79569892473118,3.89247311827957,2897.3,0.0,70.02365591397849,53.0,19.0,0.2,204.5089,2.0118,0.4706636891435772,0.3857137881133751,0.11280851216662002
Orange,2020-06-01,0.3866666666666666,75.54805996472663,4.104444444444444,2954.7333333333336,0.0,71.39999999999999,47.0,14.0,11.3,58.9347,34.631,0.5020412684198157,0.4068250286101772,0.02111124049680213
Orange,2020-07-01,0.35,72.64516129032258,3.70752688172043,2759.0333333333333,0.0,74.2516129032258,52.0,18.0,107.18,162.1213,51.3744,0.5020412684198157,0.4068250286101772,0.0
Orange,2020-08-01,0.3066666666666666,69.0405017921147,3.68494623655914,2744.0333333333333,0.0,75.8483870967742,55.0,18.0,0.1,175.3173,94.2188,0.6589291648010082,0.506172312768718,0.09934728415854077
Orange,2020-09-01,0.1933333333333333,65.37539682539682,3.2566666666666664,2347.633333333333,0.0,73.15444444444444,64.5,29.0,0.0,188.8004,99.8717,0.7216843233534851,0.5433030694289206,0.0371307566602026
Orange,2020-10-01,0.0166666666666666,59.80645161290323,3.3473118279569896,2490.333333333333,0.0,69.27311827956989,65.0,34.0,1.1,121.1156,1968.6783,0.6589291648010082,0.506172312768718,-0.0371307566602026
Orange,2020-11-01,0.7766666666666667,61.855555555555554,2.9822222222222217,2146.733333333333,0.0,60.114444444444445,63.0,27.0,0.0,62.1554,99.0864,0.8158170611822005,0.5965355378702945,0.09036322510157646
Orange,2020-12-01,1.09,51.31800766283525,3.434659498207885,2503.7333333333336,0.0,53.97663082437276,59.0,30.0,0.0,91.5632,104.7157,0.7216843233534851,0.5433030694289206,-0.05323246844137386
Orange,2021-01-01,2.4566666666666666,57.5268817204301,3.743010752688172,2786.6,0.3333333333333333,53.68924731182796,54.0,22.0,6.28,141.9065,0.0,1.007720397898399,0.6969999480596242,0.15369687863070358
Orange,2021-02-01,0.0733333333333333,60.65476190476191,3.619047619047619,2431.366666666667,0.0,55.41190476190476,53.0,21.0,13.3,63.1778,59.5844,0.9762291354640742,0.6811905518458753,-0.015809396213748883
Orange,2021-03-01,1.4533333333333334,65.63440860215053,3.8354838709677423,2854.633333333333,0.0,56.833333333333336,43.0,16.0,9.66,210.0099,3.2188,0.7242990359894744,0.5448206119502407,-0.13636993989563462
Orange,2021-04-01,0.17,70.54444444444444,3.8477777777777775,2768.7000000000003,0.0,63.12444444444444,56.0,26.0,114.73,179.9254,113.6066,0.8502640857267743,0.6153283779440581,0.07050776599381747
Orange,2021-05-01,0.1099999999999999,77.82795698924731,4.230107526881721,3149.066666666667,0.0,67.34193548387097,54.0,19.0,5539.66,149.6437,78.5238,0.8817553481610992,0.6322050370494163,0.016876659105358183
Orange,2021-06-01,0.0,76.62911877394636,4.075555555555556,2936.0333333333333,0.0,71.10444444444444,52.0,15.0,1322.48,154.9483,121.1137,0.5353514613835245,0.4287593199013592,-0.20344571714805715
Orange,2021-07-01,0.0633333333333333,74.26881720430107,3.887096774193548,2889.133333333333,0.0,75.55913978494624,54.0,17.0,439.97,25.6234,370.842,0.6928077735551493,0.526388554799814,0.09762923489845476
Orange,2021-08-01,0.1066666666666666,71.37992831541219,3.7053763440860217,2760.0,0.0,74.72795698924732,56.0,17.0,878.28,33.4627,95.4938,0.6298252486864995,0.48847279967654744,-0.037915755123266504
Orange,2021-09-01,0.0833333333333333,73.65555555555555,3.521111111111111,2535.066666666667,0.0,72.58444444444444,57.5,20.5,139.48,350.6074,129.3218,0.6298252486864995,0.48847279967654744,0.0
Orange,2021-10-01,0.84,62.784946236559136,3.1,2306.866666666667,0.0,65.17849462365591,52.0,21.0,10.85,163.8637,30.0,0.7557902984237993,0.5629190680497802,0.07444626837323276
Orange,2021-11-01,0.1633333333333333,61.12452107279694,3.505555555555556,2522.333333333333,0.0,62.11333333333334,65.0,30.0,14.04,200.3424,40.1875,0.7557902984237993,0.5629190680497802,0.0
Orange,2021-12-01,4.44,78.70967741935483,3.1569892473118286,2352.9666666666667,0.0,55.60322580645161,58.0,19.0,4.08,189.4896,51.1146,0.6298252486864995,0.48847279967654744,-0.07444626837323276
Orange,2022-01-01,0.1033333333333333,53.94623655913978,3.1494623655913982,2340.7666666666664,0.0,54.39354838709678,55.0,25.0,35.0,54.0068,0.0313,0.6964264459712364,0.5285239479634408,0.04005114828689338
Orange,2022-02-01,0.5066666666666667,44.23809523809524,3.946428571428571,2652.833333333333,0.0,54.70119047619048,44.0,25.5,180.0,11.3446,103.7012,0.5381477082505007,0.4305789056465638,-0.097945042316877
Orange,2022-03-01,1.35,60.935483870967744,3.6784946236559137,2735.7333333333336,0.0,58.92580645161291,52.0,21.0,186.0,149.6019,299.9288,0.601459203338795,0.4709152157112584,0.04033631006469457
Orange,2022-04-01,0.2366666666666666,69.13095238095238,3.5144444444444445,2531.5333333333333,0.0,64.18333333333334,51.5,21.0,317.0,47.4956,68.223,0.4748362131622066,0.3885469417022445,-0.08236827400901386
Orange,2022-05-01,0.0266666666666666,73.32724014336918,3.567741935483871,2652.9,0.0,67.45698924731182,53.0,20.0,799.0,73.1419,85.2326,0.918016678780266,0.6512916723464122,0.26274473064416765
Orange,2022-06-01,0.0999999999999999,72.25555555555555,3.8344444444444448,2759.2333333333336,0.0,71.86,54.5,19.0,1950.0,109.4819,33.993,0.7280821935153834,0.547012234942425,-0.10427943740398715
Orange,2022-07-01,0.12,75.31182795698925,4.121505376344086,3066.333333333333,0.0,74.21720430107526,45.0,14.0,61113.0,86.5961,774.3137,1.1396069115892955,0.7606221259881625,0.21360989104573747
Orange,2022-08-01,0.04,70.05770609318996,3.8387096774193545,2857.633333333333,0.0,75.43763440860215,51.0,15.0,10415.0,70.7701,24.5385,1.0446396689568545,0.7152215729704521,-0.0454005530177104
Orange,2022-09-01,0.2133333333333333,67.65831964969895,3.6822222222222223,2651.5333333333333,0.0,75.40555555555555,55.0,19.0,142506.0,77.7792,0.125,0.8863609312361189,0.6346495398338053,-0.08057203313664674
Orange,2022-10-01,0.3733333333333333,74.4731182795699,3.327956989247312,2474.9,0.0,70.3258064516129,53.0,21.0,76956.0,100.0939,56.4837,0.7597379410595305,0.5651649008385162,-0.06948463899528912
Orange,2022-11-01,2.3833333333333333,55.72222222222223,3.8966666666666665,2804.7000000000003,0.0,58.97555555555555,47.0,20.0,156.0,5.8742,34.0556,0.7913936886036775,0.5829939138885657,0.01782901305004947
Orange,2022-12-01,3.3866666666666667,71.96774193548387,2.8634408602150536,2127.833333333333,0.0,55.11397849462366,53.0,18.0,155.0,79.3595,79.7719,0.8547051836919719,0.6177257528043146,0.034731838915748936
Orange,2023-01-01,6.140000000000001,69.23655913978494,3.768817204301075,2803.366666666667,0.0,54.24623655913978,45.0,16.0,55.0,91.7536,52.4913,0.8257622579643181,0.60199757542917,-0.015728177375144647
Orange,2023-02-01,2.6633333333333336,58.892857142857146,4.15,2786.9666666666667,0.6666666666666666,52.84166666666667,21.5,20.0,39.0,61.937,51.1539,1.07984295272257,0.7322923873639295,0.13029481193475956
Orange,2023-03-01,7.170000000000001,77.40860215053765,3.831182795698925,2849.4,0.0,55.984946236559146,31.0,10.0,14.0,109.2098,62.5967,1.1116030395673513,0.7474473934280002,0.015155006064070609
Orange,2023-04-01,0.1333333333333333,73.18888888888888,3.921111111111111,2827.633333333333,0.0,60.708888888888886,54.0,21.0,168.0,25.9514,147.0914,0.6669618237404108,0.5110027023309026,-0.23644469109709754
Orange,2023-05-01,0.7466666666666667,82.31182795698925,3.844086021505376,2863.5,0.0,65.03655913978494,30.0,10.0,767.0,41.976,217.474,0.7304819974299738,0.5483999809359847,0.03739727860508213
Orange,2023-06-01,0.12,79.17777777777778,3.784444444444445,2725.566666666667,0.0,66.56888888888889,41.0,13.5,862.0,144.4243,677.8984,1.016322779033007,0.7012754460404256,0.15287546510444083
Orange,2023-07-01,0.04,73.67670250896057,3.7,2752.6666666666665,0.0,72.60752688172043,54.0,20.0,135016.0,184.5215,960.7897,0.8257622579643181,0.60199757542917,-0.09927787061125559
Orange,2023-08-01,2.056666666666666,74.61505376344086,3.6795698924731184,2737.333333333333,0.0,74.37204301075269,55.0,23.0,96604.0,83.2741,562.603,0.8892824316538811,0.6361970911886494,0.03419951575947944
Orange,2023-09-01,0.1666666666666666,77.71111111111111,3.3688888888888884,2426.633333333333,0.0,71.87333333333333,56.5,28.5,953.0,339.832,38.7727,0.476401302671722,0.3896075745031208,-0.24658951668552864
Orange,2023-10-01,0.0999999999999999,67.26881720430107,3.3946236559139784,2523.066666666667,0.0,67.51505376344086,59.0,35.0,5256.0,166.9889,189.0636,0.9845626921882256,0.6853985836657723,0.29579100916265155
Orange,2023-11-01,0.5333333333333333,49.8,3.607777777777778,2597.4333333333334,0.0,59.89000000000001,53.0,30.5,358.0,66.605,102.5689,0.8257622579643181,0.60199757542917,-0.08340100823660235
Orange,2023-12-01,1.7133333333333336,68.21505376344086,3.074193548387097,2289.633333333333,0.0,56.844086021505376,59.0,33.0,167.0,167.8261,174.8666,0.7622420842747553,0.5665869098329925,-0.03541066559617745
Orange,2024-01-01,2.333333333333333,71.79569892473118,3.078494623655914,2291.0,0.0,54.67419354838709,52.0,22.0,14.0,405.2012135411853,449.4374558174295,0.9148798904667936,0.6496549002827284,0.0830679904497359
Orange,2024-02-01,9.006666666666668,78.14942528735632,3.398850574712644,2364.366666666667,0.0,55.5816091954023,39.0,15.0,8.0,217.37097101598476,309.32580284160673,1.0410702201863515,0.7134742880307571,0.06381938774802864
Orange,2024-03-01,4.383333333333334,75.94623655913979,3.594623655913979,2673.0,0.0,58.324731182795695,40.0,19.0,14.0,158.47654303574708,686.311660310412,0.8202371431771256,0.5989667910495685,-0.11450749698118856
Orange,2024-04-01,0.5866666666666668,73.71111111111111,3.59,2589.7333333333336,0.0,60.55777777777778,52.0,20.5,69.0,125.09262737896249,696.1199232409285,0.56785648373801,0.4497093895109423,-0.1492574015386262
Orange,2024-05-01,0.1399999999999999,78.36379928315411,3.9742306266221727,2893.6666666666665,0.0,65.07708565072302,52.0,19.5,1459.0,144.81976184735535,480.3707026515969,0.56785648373801,0.4497093895109423,0.0
Orange,2024-06-01,0.0166666666666666,76.89999999999999,3.934444444444445,2833.7666666666664,0.0,69.38777777777779,52.5,21.0,23091.0,126.54829366530156,14.921478520820699,0.7255943958874571,0.5455715684562524,0.09586217894531013
Orange,2024-07-01,0.0166666666666666,76.12903225806451,3.798924731182795,2828.1666666666665,0.0,73.6236559139785,52.0,24.0,64593.0,33.195602936365106,7.884937872556634,0.6624992310276783,0.5083220310080228,-0.037249537448229675
Orange,2024-08-01,0.01,72.0,3.444086021505376,2558.8,0.0,73.36881720430108,55.0,27.0,104695.0,56.443996034094724,80.33367770699576,0.6624992310276783,0.5083220310080228,0.0
Orange,2024-09-01,0.03,72.42222222222222,2.395555555555556,1722.6666666666667,0.0,71.60555555555555,56.0,25.5,385869.0,107.78519160907598,6.59527906454025,0.8202371431771256,0.5989667910495685,0.09064476004154576
Orange,2024-10-01,0.0366666666666666,70.02150537634408,3.2774193548387096,2440.3,0.0,66.9494623655914,58.0,26.0,5180.0,191.38883523711647,41.63849007437807,0.4732137364483416,0.3874462297703515,-0.21152056127921703
Orange,2024-11-01,0.1333333333333333,58.58888888888888,3.365555555555556,2418.6333333333337,0.0,57.73333333333333,52.0,32.5,10908.0,70.59615815018721,102.65250840231894,0.8833323080369044,0.6330427120849083,0.24559648231455677
Orange,2024-12-01,0.0166666666666666,68.51146953405018,2.9215053763440864,2173.2000000000003,0.0,55.16236559139785,71.0,32.0,4330.0,217.92934673887035,380.15740554177694,0.4101185715885628,0.34367379417965327,-0.289368917905255
San Diego,2001-01-01,1.5825,68.96353686635945,3.793548387096774,2825.95,0.0,52.56693548387097,89.0,52.0,,2947.0863,924.552,0.0348471881106969,0.03425377147934333,-0.30942002270030994
San Diego,2001-02-01,3.0475,73.11874236874237,4.28125,2875.35,0.0,53.77767857142857,59.0,38.5,,2528.4212,793.2139,0.1393887524427879,0.13049193654166608,0.09623816506232274
San Diego,2001-03-01,1.0575,84.28763440860214,3.729032258064516,2774.425,0.0,59.38467741935484,71.0,47.5,,2892.1394,1465.6756,0.1742359405534848,0.16061767272447036,0.030125736182804286
San Diego,2001-04-01,0.88,77.9378078817734,4.361666666666666,3143.525,0.0,62.5025,57.5,33.0,,3373.9809,1823.8916,0.1742359405534848,0.16061767272447036,0.0
San Diego,2001-05-01,0.105,84.36346153846154,3.9088709677419353,2904.675,0.0,69.17177419354839,69.0,35.5,,2559.0029,1574.5125,0.3136246929962727,0.272790257496315,0.11217258477184466
San Diego,2001-06-01,0.03,78.89166666666667,4.060833333333333,2923.125,0.0,73.09166666666667,64.0,34.5,,3658.121,2209.6625,0.0696943762213939,0.06737297797425099,-0.20541727952206404
San Diego,2001-07-01,0.0375,79.69166666666666,4.02258064516129,2992.65,0.0,75.31774193548387,55.0,28.0,,3534.4229,3086.3293,0.1045415643320909,0.09943037497811633,0.03205739700386534
San Diego,2001-08-01,0.0075,79.96774193548387,3.420967741935484,2546.4,0.0,76.12096774193549,64.0,45.0,,4157.5267,1687.0,0.0696943762213939,0.06737297797425099,-0.03205739700386534
San Diego,2001-09-01,0.015,78.880059970015,3.458333333333333,2395.425,0.0,73.64387931034483,66.0,37.0,,2061.0134,1839.925,0.0696943762213939,0.06737297797425099,0.0
San Diego,2001-10-01,0.09,79.16129032258064,3.3475806451612904,2488.8,0.0,69.85967741935484,75.0,45.5,,4110.4689,2005.6405,0.1393887524427879,0.13049193654166608,0.06311895856741509
San Diego,2001-11-01,0.7575000000000001,78.88125,3.5533333333333337,2253.0,0.0,64.00979166666667,80.0,54.0,,3201.8622,2196.7253,0.3484718811069697,0.29897201140172497,0.1684800748600589
San Diego,2001-12-01,0.57,73.41290322580645,3.713548387096774,2201.02,0.2,55.358870967741936,81.0,35.0,,1967.2341,1897.115,0.3484718811069697,0.29897201140172497,0.0
San Diego,2002-01-01,0.492,70.5373271889401,3.589953917050692,2105.68,0.0,56.94064516129032,79.0,52.0,,2927.4163,1034.9882,0.2758283037766066,0.24359561770003196,-0.055376393701693005
San Diego,2002-02-01,0.23,60.46428571428571,4.164285714285715,2799.975,0.75,54.791964285714286,73.5,60.0,,2867.6022,1365.4148,0.1379141518883033,0.12919689515057858,-0.11439872254945338
San Diego,2002-03-01,1.0,69.87096774193549,4.501612903225807,3349.975,0.0,58.33870967741935,56.0,30.0,,3505.759,2025.2479,0.1723926898603791,0.15904669464271778,0.0298497994921392
San Diego,2002-04-01,0.36,77.84666666666666,4.581666666666666,2820.76,0.0,64.01862068965518,59.0,35.0,,2099.6895,1453.99,0.3447853797207583,0.29623443134046923,0.13718773669775144
San Diego,2002-05-01,0.152,77.54193548387097,4.500645161290324,3349.6400000000003,0.0,67.21867572156198,57.0,31.0,,1729.657,2548.37,0.1034356139162275,0.09842859785899666,-0.19780583348147257
San Diego,2002-06-01,0.088,80.80666666666666,4.456,3003.38,0.0,72.07583333333334,60.0,44.0,,1766.397,3078.0232,0.1723926898603791,0.15904669464271778,0.060618096783721126
San Diego,2002-07-01,0.016,78.03033154121864,4.0357930107526885,2324.54,0.0,74.85936917562724,59.0,40.5,,2285.733,1123.61,0.1379141518883033,0.12919689515057858,-0.0298497994921392
San Diego,2002-08-01,0.02,78.50322580645161,4.005161290322581,2980.08,0.0,74.72387096774193,67.0,50.5,,2259.0891,2353.5915,0.1379141518883033,0.12919689515057858,0.0
San Diego,2002-09-01,0.166,75.74,3.1786666666666665,2287.38,0.0,73.614,62.0,59.0,,2282.5117,3031.7044,0.1034356139162275,0.09842859785899666,-0.030768297291581925
San Diego,2002-10-01,0.1399999999999999,75.5225806451613,3.04,2260.9,0.0,67.36258064516129,60.0,32.0,,4613.9221,1691.5396,0.1379141518883033,0.12919689515057858,0.030768297291581925
San Diego,2002-11-01,1.298,60.354942528735634,3.624,2609.84,0.0,62.152,71.0,49.0,,1658.9871,1672.7046,0.1034356139162275,0.09842859785899666,-0.030768297291581925
San Diego,2002-12-01,1.454,73.16129032258064,3.432903225806452,2554.16,0.0,56.98064516129032,83.0,52.0,,3403.952,1655.6175,0.206871227832455,0.188031248629692,0.08960265077069535
San Diego,2003-01-01,0.1,62.69677419354839,3.376129032258065,2514.12,0.4,56.90387096774193,76.0,59.0,,2628.4426,1093.415,0.0686176494200779,0.06636589680049622,-0.12166535182919579
San Diego,2003-02-01,4.002000000000001,69.97142857142858,3.7192857142857134,2500.0,0.0,58.30714285714286,56.0,35.0,,2620.431,448.925,0.0686176494200779,0.06636589680049622,0.0
San Diego,2003-03-01,1.672,72.49032258064516,3.639354838709677,2704.7200000000003,0.2,60.7258064516129,57.0,27.0,,3624.4105,708.0325,0.0343088247100389,0.03373340142559134,-0.032632495374904875
San Diego,2003-04-01,1.646,72.92,4.075333333333333,2933.7,0.0,63.086666666666666,46.0,24.0,,3021.873,2483.8463,0.1029264741301169,0.09796707814932952,0.06423367672373817
San Diego,2003-05-01,3.744,79.03225806451613,3.652258064516129,2716.62,0.0,67.11419354838709,58.0,29.5,,2838.6674,2144.345,0.0686176494200779,0.06636589680049622,-0.0316011813488333
San Diego,2003-06-01,0.544,81.77977011494252,3.761172413793103,2691.6400000000003,0.0,69.96868965517243,58.5,26.0,,3604.4477,7559.6075,0.1029264741301169,0.09796707814932952,0.0316011813488333
San Diego,2003-07-01,0.114,79.78064516129032,3.892903225806452,2899.74,0.0,74.80657568238215,63.0,51.0,,2876.1747,2384.4974,0.1715441235501948,0.15832264240513086,0.06035556425580134
San Diego,2003-08-01,0.122,76.43225806451613,3.967096774193549,2948.94,0.0,76.06193548387097,56.0,46.0,,3537.0852,2375.4938,0.3087794223903507,0.2690949642414856,0.11077232183635474
San Diego,2003-09-01,0.082,79.74114942528736,3.768574712643678,2693.0600000000004,0.0,74.4715172413793,66.0,39.5,,4753.8368,4714.33,0.2401617729702727,0.21524183318030993,-0.053853131061175674
San Diego,2003-10-01,0.078,72.76774193548388,3.550322580645161,2643.5,0.0,70.02645161290323,80.5,61.5,,3076.301,2490.0301,0.0343088247100389,0.03373340142559134,-0.1815084317547186
San Diego,2003-11-01,0.988,66.24,3.6446666666666654,2623.18,0.2,61.878,65.0,57.0,,2448.2342,1936.8984,0.2401617729702727,0.21524183318030993,0.1815084317547186
San Diego,2003-12-01,0.618,64.15483870967742,3.389032258064516,2519.88,0.2,56.39548387096775,79.0,54.0,,2577.2323,1749.4942,0.4460147212305066,0.36881130434208553,0.1535694711617756
San Diego,2004-01-01,0.256,69.01935483870969,3.3683870967741933,2505.6,0.0,54.847741935483874,77.0,47.5,,2400.3824,2104.16,0.17064805647222,0.1575574898874722,-0.21125381445461333
San Diego,2004-02-01,2.56,66.58620689655172,4.009655172413793,2792.52,0.0,55.32137931034483,60.0,47.0,,2930.1829,2401.2127,0.204777667766664,0.1862950418414517,0.028737551953979507
San Diego,2004-03-01,0.364,75.52903225806452,3.643870967741935,2707.88,0.0,61.77225806451613,69.0,39.5,,3493.2118,2497.891,0.102388833883332,0.09747949231025897,-0.08881554953119274
San Diego,2004-04-01,0.6439999999999999,72.13916666666667,4.032666666666667,2611.56,0.0,65.9725,57.5,46.0,,3903.5333,1967.8032,0.034129611294444,0.033560117645011905,-0.06391937466524707
San Diego,2004-05-01,0.09,69.12258064516129,4.383870967741936,3262.7200000000003,0.0,70.16774193548387,56.0,39.5,,2753.1267,2067.4162,0.068259222588888,0.06603042886666591,0.032470311221654
San Diego,2004-06-01,0.068,79.70476190476191,4.45,3202.16,0.0,72.34933333333333,58.0,44.5,,2584.3378,3489.8718,0.17064805647222,0.1575574898874722,0.0915270610208063
San Diego,2004-07-01,0.0,77.55483870967741,4.116774193548388,3061.1,0.0,75.57695291064145,56.0,29.0,,2489.2224,3041.1157,0.238907279061108,0.21422976454493534,0.056672274657463134
San Diego,2004-08-01,0.046,79.09677419354838,4.04,3007.1400000000003,0.0,76.7334724857685,58.0,39.0,,3465.9825,2845.8124,0.273036890355552,0.24140529822494602,0.02717553368001069
San Diego,2004-09-01,0.15,70.07666666666667,4.002666666666667,2883.6400000000003,0.0,76.78999999999999,59.0,38.0,,4552.9336,2143.5152,0.238907279061108,0.21422976454493534,-0.02717553368001069
San Diego,2004-10-01,4.126,81.92709677419354,3.73021505376344,2755.42,0.0,67.61529339477727,57.0,42.0,,5019.6662,1786.4121,0.17064805647222,0.1575574898874722,-0.056672274657463134
San Diego,2004-11-01,0.444,67.46285714285713,3.719047619047619,2220.16,0.0,59.60847619047619,64.0,43.5,,3286.8319,2351.0173,0.375425724238884,0.31876330082516735,0.16120581093769515
San Diego,2004-12-01,2.394,68.19068100358422,3.794336917562724,2448.86,0.0,54.84982078853047,70.0,48.0,,2555.3134,1909.2403,0.068259222588888,0.06603042886666591,-0.25273287195850147
San Diego,2005-01-01,4.0120000000000005,75.32187615869483,3.7077688172043017,2625.0,0.0,55.69112903225806,59.0,31.0,,3942.9732,1657.1299,0.136129663504488,0.12762745419431903,0.06159702532765313
San Diego,2005-02-01,4.882,77.0,4.149285714285714,2786.6,0.0,57.26642857142857,52.0,37.5,,7617.0036,3191.1064,0.136129663504488,0.12762745419431903,0.0
San Diego,2005-03-01,2.032,77.81290322580645,3.998709677419354,2972.16,0.0,61.211612903225806,51.0,37.5,,4820.5034,2141.8836,0.068064831752244,0.06584844258346556,-0.061779011610853474
San Diego,2005-04-01,1.14,73.56,4.138,2975.86,0.0,63.635333333333335,55.0,34.0,,3518.5672,2752.6914,0.17016207938061,0.1571422686004923,0.09129382601702674
San Diego,2005-05-01,0.214,78.67096774193548,4.013548387096774,2989.86,0.0,68.34158986175115,56.0,35.0,,2487.3678,3067.1313,0.238226911132854,0.21368044594277336,0.05653817734228106
San Diego,2005-06-01,0.0,79.76,4.346666666666667,3130.34,0.0,71.49619047619048,53.0,30.0,,2850.7689,4006.2985,0.136129663504488,0.12762745419431903,-0.08605299174845432
San Diego,2005-07-01,0.0,80.95483870967742,4.087290322580645,3018.04,0.0,75.44993548387097,58.5,31.0,,1331.605,1560.7115,0.136129663504488,0.12762745419431903,0.0
San Diego,2005-08-01,0.0,79.1858064516129,3.872430107526882,2864.4,0.0,75.38941935483872,60.0,26.0,,1999.8818,1071.9183,0.3062917428850981,0.26719239249606636,0.13956493830174732
San Diego,2005-09-01,0.1,75.2,3.7586666666666666,2704.54,0.0,71.98661538461538,58.5,54.0,,2934.5813,2060.9246,0.17016207938061,0.1571422686004923,-0.11005012389557406
San Diego,2005-10-01,0.53,75.71590656284761,3.585806451612904,2667.78,0.0,66.54322580645162,66.0,47.0,,2880.3058,4106.6857,0.272259327008976,0.24079431757329545,0.08365204897280315
San Diego,2005-11-01,0.156,60.38,3.4626666666666663,2492.94,0.0,61.845333333333336,66.5,42.0,,2612.3166,3568.3284,0.238226911132854,0.21368044594277336,-0.02711387163052209
San Diego,2005-12-01,0.3279999999999999,66.71612903225807,3.233548387096774,2407.6,0.0,58.44193548387096,73.0,60.0,,2575.7178,3310.2454,0.476453822265708,0.38964314657948035,0.175962700636707
San Diego,2006-01-01,0.8240000000000001,63.27964404894327,3.8374193548387097,2858.44,0.0,57.30291434927697,65.0,58.0,,1387.6898,2077.3413,0.3053653713633105,0.26648297964429146,-0.12316016693518889
San Diego,2006-02-01,1.502,64.5,3.738571428571429,2512.32,0.0,57.81142857142856,64.0,54.0,,1479.1319,1383.7665,0.0678589714140689,0.06565568258097171,-0.20082729706331975
San Diego,2006-03-01,1.688,77.49815668202766,4.37705069124424,2872.58,0.0,58.91350230414746,43.0,19.0,,2957.2823,2528.3033,0.2714358856562759,0.24014688042959684,0.17449119784862513
San Diego,2006-04-01,1.344,78.3,4.104,2955.84,0.0,63.23733333333333,40.0,19.0,,4105.0951,2579.113,0.0678589714140689,0.06565568258097171,-0.17449119784862513
San Diego,2006-05-01,0.5700000000000001,82.2709677419355,4.003225806451613,2979.44,0.0,68.57741935483871,58.0,37.5,,3225.3382,4044.5941,0.1017884571211034,0.09693472961850413,0.031279047037532426
San Diego,2006-06-01,0.0,79.29761904761905,3.9266666666666654,2828.24,0.0,73.15133333333333,60.5,45.0,,2911.0907,4305.2538,0.0678589714140689,0.06565568258097171,-0.031279047037532426
San Diego,2006-07-01,0.0,79.87393103448275,3.7251612903225806,2769.66,0.0,77.56774193548387,58.0,38.0,,3142.9337,3211.368,0.0339294857070344,0.03336657811964297,-0.03228910446132874
San Diego,2006-08-01,0.0,78.47096774193548,3.4890322580645163,2596.7,0.0,76.04645161290323,58.0,30.0,0.0,3946.9691,2497.5531,0.2035769142422069,0.18529788500007816,0.15193130688043519
San Diego,2006-09-01,0.022,77.38,3.354,2417.26,0.0,73.22066666666667,61.0,45.0,0.0,4086.3084,5808.4682,0.2714358856562759,0.24014688042959684,0.05484899542951868
San Diego,2006-10-01,0.5860000000000001,71.54193548387097,3.4303225806451616,2548.94,0.0,66.62451612903226,56.0,36.5,0.0,3984.513,5849.8773,0.2035769142422069,0.18529788500007816,-0.05484899542951868
San Diego,2006-11-01,0.302,69.45885057471264,3.144,2261.86,0.0,62.35066666666667,63.0,60.0,308.41,2885.7113,3521.7868,0.0678589714140689,0.06565568258097171,-0.11964220241910645
San Diego,2006-12-01,0.776,60.84516129032259,3.658064516129032,2720.1400000000003,0.2,54.82387096774194,69.0,50.0,49.0,2940.3683,2821.146,0.1357179428281379,0.12726499970598992,0.061609317125018215
San Diego,2007-01-01,0.456,54.87741935483871,3.909032258064516,2907.3,0.0,51.78451612903226,60.0,44.0,759.5,3614.6211,3127.4362,0.3360506387986592,0.28971797768855195,0.16245297798256203
San Diego,2007-02-01,1.506,73.70714285714286,3.906428571428571,2624.9,0.0,55.74,55.0,26.5,44.75,3211.4346,3699.3292,0.1344202555194637,0.12612173234811272,-0.16359624534043923
San Diego,2007-03-01,0.216,69.22666666666666,4.064516129032258,3025.56,0.8,59.833548387096776,55.0,31.5,1873.25,3867.5219,3406.295,0.1344202555194637,0.12612173234811272,0.0
San Diego,2007-04-01,0.542,80.35333333333332,3.8993333333333338,2807.78,0.0,63.16533333333334,56.0,35.5,544.8,3963.9382,4104.8263,0.1008151916395977,0.09605098864640821,-0.03007074370170451
San Diego,2007-05-01,0.018,75.47070967741936,4.187741935483872,3116.42,0.0,67.56064516129032,56.0,26.0,1186.5,2995.5712,5551.6423,0.3024455749187933,0.26424370868122615,0.16819272003481794
San Diego,2007-06-01,0.0,79.41619047619047,3.892380952380953,2770.2,0.0,71.27457142857142,57.0,34.0,52.25,2414.1913,5453.5951,0.0672101277597318,0.06504788616392587,-0.19919582251730028
San Diego,2007-07-01,0.0,79.81290322580645,3.7083870967741936,2759.76,0.0,75.19806451612904,55.0,31.0,292.35,4230.4718,14498.0437,0.2688405110389274,0.23810350001336633,0.17305561384944046
San Diego,2007-08-01,0.176,78.50322580645161,3.554838709677419,2646.9,0.0,76.2,57.5,34.0,51.89,4240.6955,11632.5101,0.1680253193993296,0.1553145617389994,-0.08278893827436692
San Diego,2007-09-01,0.074,75.74344827586206,3.3520000000000003,2414.2,0.0,72.84866666666667,55.0,29.0,530.95,4043.792,3730.7042,0.3024455749187933,0.26424370868122615,0.10892914694222675
San Diego,2007-10-01,0.146,68.4843010752688,3.910967741935484,2448.48,0.6,66.8458064516129,58.0,71.0,784.8,4077.5365,2652.5254,0.2688405110389274,0.23810350001336633,-0.02614020866785982
San Diego,2007-11-01,1.23,72.45,3.4450000000000003,1984.72,0.0,62.51416666666667,69.0,50.0,18.2,3560.4522,2011.2284,0.4032607665583911,0.33879864739822446,0.10069514738485813
San Diego,2007-12-01,0.6733333333333333,66.99740783410138,6.148322580645162,1956.0333333333333,0.1666666666666666,55.3394623655914,68.0,27.5,5.4,2954.546,2045.9697,0.2688405110389274,0.23810350001336633,-0.10069514738485813
San Diego,2008-01-01,1.538333333333333,69.27836484983315,3.3200399480675125,1849.3,0.1666666666666666,58.061743471582176,55.0,53.0,4.56,3987.0716,1552.1624,0.264715186313166,0.23484694767005387,-0.0032565523433124577
San Diego,2008-02-01,0.4233333333333333,72.82720306513411,3.709808429118774,1502.85,0.0,54.15724411603721,59.0,54.0,9.46,2195.6272,3098.8805,0.3639833811806032,0.310409375461858,0.07556242779180411
San Diego,2008-03-01,0.0833333333333333,57.61529271206691,3.2924731182795703,1172.6333333333334,0.0,59.49779928315413,62.0,48.0,22.65,2160.0405,2335.2264,0.4963409743371862,0.403022777603735,0.09261340214187702
San Diego,2008-04-01,0.0166666666666666,57.06622710622711,3.7144228473998298,1923.95,0.0,63.38484656084656,58.0,50.0,221.05,2223.0413,2738.2395,0.529430372626332,0.4248953606084691,0.021872583004734103
San Diego,2008-05-01,0.1233333333333333,68.36073775388292,3.620149071358748,2129.35,0.0,66.69363799283154,59.0,37.0,510.74,1864.1194,5937.3707,0.397072779469749,0.334379175889728,-0.09051618471874112
San Diego,2008-06-01,0.0,75.7455829228243,2.7253333333333334,1637.0166666666669,0.0,71.888,63.0,36.0,323.22,575.8496,247.5086,0.3308939828914575,0.28585088401777103,-0.04852829187195695
San Diego,2008-07-01,0.0,72.43446336121066,2.976254480286739,1850.35,0.0,76.13924731182796,73.5,42.0,202.07,4.7082,1204.7142,0.4963409743371862,0.403022777603735,0.11717189358596397
San Diego,2008-08-01,0.06,69.5778801843318,2.929611248966088,1823.3,0.1666666666666666,77.42414467253177,58.5,31.0,202.56,2497.6649,2308.4926,0.2978045846023117,0.26067405579409264,-0.14234872180964236
San Diego,2008-09-01,0.0233333333333333,76.24666666666667,2.6213333333333333,1571.7333333333331,0.0,74.5528,71.0,46.0,99.51,2048.4901,2633.7907,0.2316257880240202,0.20833507548493524,-0.0523389803091574
San Diego,2008-10-01,0.055,50.45511748307448,2.6934408602150537,1715.8,0.0,67.22048387096774,65.0,58.0,154.62,3205.4484,1393.6409,0.529430372626332,0.4248953606084691,0.21656028512353387
San Diego,2008-11-01,0.555,61.68214285714286,3.401666666666667,1983.3166666666664,0.0,62.88055555555556,64.5,29.5,30335.6,1617.1101,999.7309,0.2316257880240202,0.20833507548493524,-0.21656028512353387
San Diego,2008-12-01,1.79,67.05657962109575,3.332334869431643,2223.4166666666665,0.0,56.216609062980034,69.0,32.0,7.4,2935.5224,2191.9583,0.3308939828914575,0.28585088401777103,0.0775158085328358
San Diego,2009-01-01,0.0699999999999999,54.82669632925473,3.150322580645162,1952.3166666666664,0.0,54.80294193548387,60.0,63.0,16.51,731.2757,159.5846,0.4900034398241475,0.39877842856151335,0.11292754454374232
San Diego,2009-02-01,2.14,64.71428571428571,3.510119047619048,2075.016666666667,0.1666666666666666,55.71581262939959,59.0,39.0,28.55,1105.6853,1385.9384,0.261335167906212,0.2321708169915627,-0.16660761156995066
San Diego,2009-03-01,0.135,65.40860215053765,3.494229390681004,2584.9166666666665,0.1666666666666666,59.38819058212829,64.0,39.0,99.81,1196.5959,1375.2817,0.196001375929659,0.17898380597063693,-0.05318701102092577
San Diego,2009-04-01,0.1383333333333333,61.50833333333333,4.074404761904762,2894.8,0.0,63.062579365079365,61.0,49.0,241.63,1082.1696,2160.8496,0.261335167906212,0.2321708169915627,0.05318701102092577
San Diego,2009-05-01,0.0466666666666666,70.75806451612904,3.773655913978495,2126.0666666666666,0.0,70.21935483870968,69.0,49.0,685.68,1729.7266,2903.3511,0.4246696478475946,0.3539399607729328,0.12176914378137013
San Diego,2009-06-01,0.0,69.46666666666667,3.937777777777778,2837.566666666667,0.0,71.70333333333333,54.5,31.0,185.87,2467.2584,2889.4385,0.4246696478475946,0.3539399607729328,0.0
San Diego,2009-07-01,0.0066666666666666,66.86989247311828,3.8024731182795697,2641.4500000000003,0.0,76.57462365591398,66.0,54.0,849.84,2340.0468,1450.3762,0.4900034398241475,0.39877842856151335,0.04483846778858053
San Diego,2009-08-01,0.0,62.69471972225031,3.7059139784946233,2757.65,0.0,75.69301075268817,62.0,48.0,110.78,2672.3177,3708.2137,0.2286682719179355,0.2059308770772594,-0.19284755148425395
San Diego,2009-09-01,0.0133333333333333,62.75555555555555,3.3994444444444443,2449.7833333333333,0.0,75.37818181818183,61.0,45.0,579.79,1365.6803,1839.4373,0.3593358558710415,0.30699623919923535,0.10106536212197595
San Diego,2009-10-01,0.0533333333333333,61.07304412309974,3.5451612903225804,2635.016666666667,0.0,67.12440476190476,56.0,69.0,142.36,1360.3088,1540.2037,0.2940020638944886,0.2577397910499937,-0.04925644814924163
San Diego,2009-11-01,0.2666666666666666,58.18333333333334,3.235,2331.8166666666666,0.0,60.35333333333333,66.0,58.0,41.84,1380.7801,1875.7865,0.457336543835871,0.3766104846418375,0.11887069359184377
San Diego,2009-12-01,1.465,63.70286738351255,3.227347670250896,2391.8,0.1666666666666666,54.59268817204301,66.0,58.0,10.47,1605.7125,2187.5704,0.5226703358124241,0.4204655933668625,0.043855108725025016
San Diego,2010-01-01,3.091666666666667,64.19354838709677,3.5666666666666664,2651.6666666666665,0.3333333333333333,54.14014336917563,66.0,33.0,26.21,1996.6102,1860.2818,0.3868011832248195,0.3269997880334578,-0.0934658053334047
San Diego,2010-02-01,2.068333333333334,71.80952380952381,3.8946428571428577,2615.133333333333,0.0,56.36833333333334,55.0,47.0,0.6,1889.7061,1482.3903,0.2256340235478113,0.20345828034652078,-0.12354150768693703
San Diego,2010-03-01,0.3349999999999999,64.18817204301075,4.24247311827957,3155.7000000000003,0.0,59.1673579109063,53.0,47.5,8.84,1837.1628,3956.8276,0.4190346151602211,0.3499767919326808,0.14651851158616
San Diego,2010-04-01,1.4416666666666669,67.22948717948718,4.628119658119658,3247.683333333333,0.3333333333333333,63.09397435897436,55.5,31.0,19.44,1461.4295,3530.9093,0.3223343193540162,0.27939859853107246,-0.07057819340160831
San Diego,2010-05-01,0.0183333333333333,67.17741935483872,4.526881720430107,3370.333333333333,0.0,67.38707526881721,58.0,37.0,2148.92,990.8698,1083.0963,0.3545677512894178,0.30348240070103016,0.024083802169957702
San Diego,2010-06-01,0.6599999999999999,70.55555555555556,4.165,2999.6666666666665,0.0,72.99777777777778,65.5,38.0,263.86,2034.1149,1142.3656,0.4512680470956227,0.3724376895051827,0.06895528880415253
San Diego,2010-07-01,0.0166666666666666,70.32688172043011,3.913440860215054,2913.65,0.0,75.00564516129032,60.0,42.0,1442.48,1767.0281,1435.98,0.1934005916124097,0.1768068718426159,-0.1956308176625668
San Diego,2010-08-01,0.02,66.19743130227,3.936559139784946,2929.5,0.0,76.87096774193549,60.0,43.0,658.52,1536.0783,1498.5081,0.2256340235478113,0.20345828034652078,0.026651408503904878
San Diego,2010-09-01,0.1266666666666666,66.05555555555556,3.6927777777777777,2656.35,0.0,74.58000000000001,62.0,35.5,329.78000000000003,2636.321,1169.7138,0.3545677512894178,0.30348240070103016,0.10002412035450939
San Diego,2010-10-01,1.4516666666666669,73.64551521893013,3.3455197132616488,2476.983333333333,0.0,68.10316129032257,56.0,39.0,22.69,2803.3572,639.4265,0.257867455483213,0.22941779142625446,-0.0740646092747757
San Diego,2010-11-01,0.5566666666666666,57.81031746031746,3.5369047619047618,2420.866666666667,0.0,58.81848164906989,59.5,34.5,64.67,1241.8863,513.6395,0.3545677512894178,0.30348240070103016,0.0740646092747757
San Diego,2010-12-01,0.8433333333333333,71.32743314033637,2.7694086021505377,2051.5666666666666,0.1666666666666666,54.29240143369176,67.0,27.5,41.78,951.8841,547.7214,0.870302662255844,0.6261002692436719,0.32261786854264174
San Diego,2011-01-01,0.27,57.59139784946237,3.0930107526881723,2301.4500000000003,0.0,53.05419354838709,63.0,27.0,27.31,2268.4604,2220.386,0.5107301206280704,0.4125930575617164,-0.21350721168195552
San Diego,2011-02-01,1.1233333333333333,61.56569664902998,3.4654761904761906,2326.35,0.1666666666666666,53.10857142857143,56.0,19.0,4.66,1411.882,2902.2896,0.3192063253925439,0.277030287121787,-0.13556277043992937
San Diego,2011-03-01,1.1233333333333333,70.80645161290322,3.645814132104455,2657.2166666666667,0.0,58.26360513739545,60.0,25.0,10.08,1527.9426,2986.6738,0.5107301206280704,0.4125930575617164,0.13556277043992937
San Diego,2011-04-01,0.3166666666666666,67.8611111111111,3.6722222222222234,2644.5333333333333,0.0,63.58283950617284,60.5,26.0,17.45,1414.467,4010.6847,0.2234444277747808,0.20167018217004407,-0.21092287539167232
San Diego,2011-05-01,0.295,64.09659498207886,4.33010752688172,3221.083333333333,0.0,66.76000384024577,63.0,29.0,168.34,1145.5696,3386.1461,0.3511269579317984,0.3009390278654371,0.09926884569539302
San Diego,2011-06-01,0.0366666666666666,69.18333333333334,4.248888888888889,3058.05,0.0,71.397094017094,60.0,19.0,537.83,1939.7555,4996.9258,0.2872856928532896,0.25253588754827233,-0.04840314031716475
San Diego,2011-07-01,0.04,68.71198156682027,4.02258064516129,2992.2000000000003,0.0,75.5010752688172,59.0,31.5,625.26,1713.2771,3917.6453,0.3192063253925439,0.277030287121787,0.02449439957351468
San Diego,2011-08-01,0.0466666666666666,68.69670651928716,3.797507331378299,2682.4500000000003,0.0,76.80989736070381,64.0,23.5,1882.22,1388.4768,19390.6535,0.5426507531673248,0.4335022050314573,0.1564719179096703
San Diego,2011-09-01,0.0433333333333333,70.78638719855759,3.493486590038314,2502.133333333333,0.0,74.47333333333333,69.0,30.0,215.48,1798.0635,3293.0304,0.4149682230103071,0.34710707360650134,-0.08639513142495597
San Diego,2011-10-01,0.1133333333333333,66.05376344086022,3.497849462365592,2601.6833333333334,0.0,66.7,69.0,24.0,103.61,2098.2616,6490.9761,0.4149682230103071,0.34710707360650134,0.0
San Diego,2011-11-01,1.2466666666666666,64.85555555555555,3.6016666666666666,2591.9,0.0,58.90444444444445,65.0,28.0,30.51,1373.3956,2621.1083,0.3830475904710527,0.32428946313255075,-0.02281761047395059
San Diego,2011-12-01,0.475,58.70732526881721,3.493581989247312,2434.9500000000003,0.0,52.351915322580645,72.0,43.0,16.08,1710.3196,2274.1266,0.4468888555495616,0.3694156344363722,0.04512617130382146
San Diego,2012-01-01,0.425,57.20967741935484,3.3634408602150536,2502.6666666666665,0.0,53.25752688172043,69.0,44.0,46.59,1737.9598,3342.5663,0.4736196985379043,0.3877217540584304,0.018306119622058192
San Diego,2012-02-01,1.0116666666666667,62.77011494252874,3.971264367816092,2765.05,0.0,55.22701149425288,60.0,33.0,19.51,1310.3148,2465.2033,0.3473211122611299,0.2981182597089432,-0.08960349434948722
San Diego,2012-03-01,1.225,64.78568645784635,4.277956989247312,3182.7000000000003,0.1666666666666666,58.06935483870968,55.0,28.0,14.45,2000.1443,7393.6412,0.3157464656919362,0.27440415909343047,-0.023714100615512712
San Diego,2012-04-01,1.055,66.78333333333335,4.166111111111111,2999.7833333333333,0.1666666666666666,62.72888888888889,60.5,23.0,34.71,2583.9199,3714.3873,0.599918284814679,0.4699525559506914,0.19554839685726094
San Diego,2012-05-01,0.0866666666666666,69.60752688172043,4.070430107526882,3028.866666666667,0.0,68.60428187403994,70.0,32.0,500.98,1778.5185,4021.2487,0.505194345107098,0.40892202282542284,-0.06103053312526857
San Diego,2012-06-01,0.015,69.2388888888889,4.037222222222222,2905.2833333333333,0.0,72.345,63.0,33.0,2948.56,2575.5699,6780.503,0.3473211122611299,0.2981182597089432,-0.11080376311647966
San Diego,2012-07-01,0.005,70.40779437470205,3.806989247311827,2832.083333333333,0.0,75.15906426011266,62.0,31.0,228.54,1390.7172,4946.9179,0.3473211122611299,0.2981182597089432,0.0
San Diego,2012-08-01,0.02,73.38978494623656,3.526344086021505,2624.65,0.0,77.24086021505376,60.0,62.0,4685.849999999999,2127.0088,4516.6111,0.3473211122611299,0.2981182597089432,0.0
San Diego,2012-09-01,0.02,65.93703703703703,3.461111111111111,2495.2000000000003,0.0,75.77456349206349,64.0,34.5,559.77,1775.5041,5107.2276,0.4736196985379043,0.3877217540584304,0.08960349434948722
San Diego,2012-10-01,0.8316666666666667,62.622720897615714,3.4096774193548387,2536.6666666666665,0.0,67.93581633914225,56.0,22.0,30.45,1719.0164,4044.1015,0.1262985862767745,0.1189366688783035,-0.2687850851801269
San Diego,2012-11-01,0.2483333333333333,66.52088122605365,3.3294444444444444,2396.016666666667,0.0,61.16,67.0,27.0,125.0,1808.0704,2805.7307,0.252597172553549,0.2252191338445721,0.1062824649662686
San Diego,2012-12-01,1.695,73.68793828892005,3.4516129032258065,2566.7000000000003,0.0,56.61622172784576,66.0,23.0,12.39,1942.4502,2764.9449,0.252597172553549,0.2252191338445721,0.0
San Diego,2013-01-01,0.7266666666666666,53.17204301075268,3.646774193548387,2713.133333333333,0.1666666666666666,51.26002966258807,68.0,25.0,40.45,2362.0036,1964.8331,0.2188072317665589,0.19787270162556403,-0.027346432219008066
San Diego,2013-02-01,0.42,60.62037037037037,3.941909171075837,2631.883333333333,0.0,54.36567460317461,61.0,21.0,421.9,2151.4518,2648.0879,0.1562908798332563,0.14521736475097072,-0.05265533687459331
San Diego,2013-03-01,0.8483333333333333,69.09534050179211,3.767813620071685,2788.6,0.0,60.01096779811463,63.0,31.0,16.94,3052.4359,3741.6839,0.2813235836998615,0.24789359343585385,0.10267622868488313
San Diego,2013-04-01,0.0416666666666666,65.8124521072797,4.440651340996168,3180.55,0.0,64.04949400960895,60.5,46.5,133.54999999999998,1916.9568,5316.8096,0.343839935633164,0.2955311394974856,0.04763754606163176
San Diego,2013-05-01,0.28,67.62903225806451,4.35752688172043,3242.583333333333,0.0,69.96787492925863,62.0,32.5,4203.87,1747.1097,3355.9387,0.1875490557999076,0.1718915662207092,-0.12363957327677641
San Diego,2013-06-01,0.0,69.19425287356323,4.013333333333333,2890.583333333333,0.0,73.81777777777778,60.0,21.5,166.93,1678.012,2922.0609,0.1562908798332563,0.14521736475097072,-0.02667420146973848
San Diego,2013-07-01,0.01,72.94528779253638,3.61236559139785,2688.2833333333333,0.0,76.79913151364765,58.0,27.0,27797.4,2292.7239,17478.9851,0.2188072317665589,0.19787270162556403,0.05265533687459331
San Diego,2013-08-01,0.0066666666666666,70.32382133995037,3.3650537634408604,2505.433333333333,0.0,75.6994623655914,58.0,33.0,20564.65,2714.7391,3638.063,0.3750981115998153,0.3185250824637416,0.12065238083817759
San Diego,2013-09-01,0.0333333333333333,65.2913203654583,3.416111111111111,2458.4666666666667,0.0,75.18055555555556,56.5,29.0,48.23,3094.3811,2826.6269,0.2500654077332102,0.22319587613181074,-0.09532920633193087
San Diego,2013-10-01,0.445,64.16666666666667,3.418817204301076,2542.3166666666666,0.0,66.14998455073538,61.0,52.5,235.74,2609.5873,3440.665,0.2188072317665589,0.19787270162556403,-0.025323174506246715
San Diego,2013-11-01,0.3166666666666666,61.977394636015326,3.08,2215.7333333333336,0.0,60.90444444444445,68.0,24.5,14.44,1305.919,1511.6806,0.3125817596665127,0.27199600662275625,0.07412330499719222
San Diego,2013-12-01,0.2833333333333333,51.58064516129033,3.28010752688172,2442.6666666666665,0.0,54.329200638071605,69.0,26.0,7.050000000000001,1713.1509,1458.8676,0.1875490557999076,0.1718915662207092,-0.10010444040204705
San Diego,2014-01-01,0.1033333333333333,53.61827956989248,2.632258064516129,1957.1166666666668,0.0,54.90274790919952,72.0,28.0,57.65,2019.9581,3776.4656,0.3092042689978195,0.26941952440784245,0.09752795818713325
San Diego,2014-02-01,1.2483333333333333,66.81150793650794,3.274305555555556,2137.5,0.1666666666666666,57.69265873015873,61.5,30.0,21.55,1980.9489,3183.6331,0.3401246958976014,0.29276266627332054,0.02334314186547809
San Diego,2014-03-01,0.6433333333333334,66.41935483870968,3.6021505376344085,2681.2000000000003,0.0,61.72048984468339,58.0,45.0,466.61,3121.5829,3553.4452,0.2164429882984736,0.19593101679055255,-0.09683164948276798
San Diego,2014-04-01,0.4433333333333333,61.75344827586207,3.8761111111111113,2790.9833333333336,0.0,65.29619658119658,58.5,31.0,249.13,1638.2818,3264.0524,0.2782838420980375,0.24551842996334608,0.049587413172793526
San Diego,2014-05-01,0.0633333333333333,56.630824372759854,3.8532258064516127,2866.4,0.0,70.12240143369176,60.0,29.0,163.89,906.1103,4371.1872,0.3710451227973834,0.3155733123634389,0.0700548824000928
San Diego,2014-06-01,0.0533333333333333,67.82222222222222,3.8316666666666666,2758.083333333333,0.0,75.42137931034483,61.0,28.5,194.55,1294.4506,13044.4294,0.2164429882984736,0.19593101679055255,-0.11964229557288633
San Diego,2014-07-01,0.0533333333333333,69.47849462365592,3.508602150537634,2610.9500000000003,0.0,78.46424731182795,55.0,27.5,225.44,2129.015,9410.09,0.3092042689978195,0.26941952440784245,0.0734885076172899
San Diego,2014-08-01,0.08,70.24082313681869,3.4860215053763444,2591.4166666666665,0.0,77.13655913978495,55.0,51.5,15.9,4073.3709,13871.648,0.1546021344989097,0.1437558123342308,-0.12566371207361166
San Diego,2014-09-01,0.0316666666666666,68.8262315270936,3.3827777777777777,2435.2166666666667,0.0,77.175,54.5,25.0,33.72,5819.7091,9568.0637,0.2164429882984736,0.19593101679055255,0.05217520445632176
San Diego,2014-10-01,0.0916666666666666,64.49614695340502,2.9408602150537635,2188.1833333333334,0.0,70.47412186379928,64.0,29.0,10.7,4008.4861,19843.8429,0.1546021344989097,0.1437558123342308,-0.05217520445632176
San Diego,2014-11-01,0.645,55.33478260869565,3.216666666666667,2314.8166666666666,0.0,61.587777777777774,54.0,29.0,114.73,2477.8172,7900.7418,0.0309204268997819,0.030452021551678234,-0.11330379078255257
San Diego,2014-12-01,2.19,74.60215053763442,2.9263440860215053,2176.0333333333333,0.0,58.02580645161291,59.0,24.0,4.01,2279.9967,9643.8306,0.1236817075991277,0.11661053307636465,0.08615851152468643
San Diego,2015-01-01,0.415,62.53703703703704,2.6934886499402624,1753.6166666666668,0.0,54.922461170848266,62.0,26.0,6.98,3086.5302,13049.8073,0.2452444796234025,0.2193318798141918,0.10272134673782715
San Diego,2015-02-01,0.3433333333333333,68.83613824447157,3.190595238095238,1829.6,0.0,59.69238095238095,68.5,25.0,14.06,1962.311,2403.4124,0.2452444796234025,0.2193318798141918,0.0
San Diego,2015-03-01,1.0733333333333333,63.611935335980576,3.422043010752688,2545.1,0.0,63.112365591397854,66.0,22.0,27.93,1657.2492,6159.4224,0.1839333597175519,0.168842250855471,-0.050489628958720806
San Diego,2015-04-01,0.1533333333333333,61.61323207443897,3.7994444444444446,2733.35,0.0,65.6511111111111,60.5,24.0,1333.16,1228.7289,5885.4334,0.2452444796234025,0.2193318798141918,0.050489628958720806
San Diego,2015-05-01,0.4466666666666667,72.33870967741936,3.9844086021505376,2964.616666666667,0.0,68.30645161290322,52.0,16.0,33.47,2394.2241,6645.7519,0.2145889196704772,0.19440568182362022,-0.02492619799057158
San Diego,2015-06-01,0.0283333333333333,72.25799945265463,3.67,2643.1833333333334,0.0,74.41055555555556,56.0,27.0,300.81,1957.0744,20720.4143,0.3372111594821785,0.2905862209389288,0.09618053911530855
San Diego,2015-07-01,0.88,74.4206238854459,3.5456989247311825,2636.0666666666666,0.0,76.23548387096774,52.0,17.0,452.64,4942.4435,6584.0188,0.3678667194351038,0.3132523871404891,0.02266616620156031
San Diego,2015-08-01,0.035,70.01354042214257,3.2951612903225804,2451.0,0.0,77.73548387096774,63.0,33.0,1164.56,2692.6202,5947.7129,0.3372111594821785,0.2905862209389288,-0.02266616620156031
San Diego,2015-09-01,0.545,69.21769020251779,3.172777777777778,2283.933333333333,0.0,77.38666666666667,62.0,25.0,29.84,3435.8645,8132.964,0.2759000395763279,0.2436518429639219,-0.04693437797500688
San Diego,2015-10-01,0.4983333333333333,68.34127168046801,3.3155465949820786,2146.05,0.0,72.3844982078853,62.0,32.0,77.12,2341.1981,8505.338,0.4291778393409545,0.3570993414080533,0.11344749844413138
San Diego,2015-11-01,1.005,50.714468642871545,3.624310344827586,2451.1833333333334,0.1666666666666666,60.11554810557684,60.5,19.0,7.38,1416.0292,3843.8272,0.3678667194351038,0.3132523871404891,-0.04384695426756419
San Diego,2015-12-01,1.1416666666666666,57.3805256869773,3.438227660363367,2532.5,0.5,54.51038190582128,68.0,19.0,9.6,1370.9641,2844.5391,0.2145889196704772,0.19440568182362022,-0.11884670531686886
San Diego,2016-01-01,4.655,71.77419354838709,3.1935483870967745,2378.1833333333334,0.1666666666666666,54.33064516129033,66.0,21.5,124.17,2060.1887,3619.5003,0.3045898028207452,0.2658886640230387,0.07148298219941845
San Diego,2016-02-01,0.6716666666666667,51.953883813079216,3.112068965517241,2165.9166666666665,0.1666666666666666,57.35114942528736,63.0,19.0,11.75,1555.8214,3841.2603,0.3045898028207452,0.2658886640230387,0.0
San Diego,2016-03-01,0.8816666666666667,69.40322580645162,3.682258064516129,2738.5333333333333,0.0,62.2236559139785,58.0,22.5,27.09,1761.3776,5634.4702,0.0913769408462235,0.08744014749678816,-0.17844851652625052
San Diego,2016-04-01,0.6849999999999999,65.07366052423524,3.633888888888889,2613.4166666666665,0.0,65.36166666666666,58.5,30.0,20.51,1921.4533,8027.6828,0.2436718422565962,0.21806816711941845,0.1306280196226303
San Diego,2016-05-01,0.6566666666666667,72.1989247311828,3.5064516129032257,2610.4666666666667,0.0,68.44462365591399,51.0,18.0,111.04,2221.7467,6043.4596,0.1827538816924471,0.16784551744505988,-0.05022264967435858
San Diego,2016-06-01,0.02,69.59563492063492,3.4033333333333338,2449.3,0.0,74.26166666666667,66.0,29.5,339.06,1979.3188,15607.7792,0.2741308225386707,0.2422642383291548,0.07441872088409493
San Diego,2016-07-01,0.035,68.45161290322581,3.36236559139785,2499.5666666666666,0.0,78.23089605734766,62.0,25.0,242.5,2631.2124,6701.0637,0.1827538816924471,0.16784551744505988,-0.07441872088409493
San Diego,2016-08-01,0.0466666666666666,69.71505376344085,3.163440860215054,2353.2833333333333,0.0,79.65645161290323,62.0,27.0,1566.0,2412.2479,6137.8626,0.3959667436669688,0.33358718146828714,0.16574166402322726
San Diego,2016-09-01,0.3933333333333333,66.40659551176792,2.9672222222222224,2134.7833333333333,0.0,74.51555555555555,65.0,30.0,14.87,2374.0756,9591.7129,0.5787206253594159,0.4566147882446454,0.12302760677635827
San Diego,2016-10-01,0.1166666666666666,65.0074074074074,2.5696535244922343,1692.6666666666667,0.0,69.53372162485066,58.0,27.0,71.16,3207.463,8040.6558,0.639638585923565,0.4944758431132422,0.03786105486859681
San Diego,2016-11-01,1.0466666666666666,63.80655902207626,2.586666666666667,1549.0,0.0,62.986666666666665,62.0,26.0,9.59,1342.4683,5785.0497,0.5482616450773414,0.4371327822528249,-0.057343060860417294
San Diego,2016-12-01,3.0050000000000003,68.80304659498208,2.7139784946236563,2018.9166666666667,0.3333333333333333,55.99516129032258,67.0,22.0,4.11,1597.1475,4064.0743,0.2741308225386707,0.2422642383291548,-0.19486854392367012
San Diego,2017-01-01,2.603333333333333,74.63978494623656,2.8000000000000003,2081.116666666667,0.5,54.86344086021506,61.0,17.0,4.29,2263.3496,3744.6179,0.3340331834637783,0.2882068223443039,0.045942584015149085
San Diego,2017-02-01,3.6766666666666654,79.24404761904762,2.866666666666667,1927.1333333333328,0.0,58.24611344537815,54.0,15.0,11.02,2060.9004,6042.4726,0.273299877379455,0.24161185929586987,-0.046594963048434024
San Diego,2017-03-01,0.1466666666666666,65.6247311827957,2.705913978494624,2014.3333333333333,0.0,62.38580645161291,55.0,22.5,26.86,1974.6668,11185.4446,0.3036665304216167,0.2651807025961466,0.023568843300276754
San Diego,2017-04-01,0.03,64.36428571428571,3.09,2226.9500000000003,0.0,69.02833333333334,54.0,27.0,1529.08,1726.9657,6110.8848,0.2429332243372933,0.21747408971569315,-0.04770661288045347
San Diego,2017-05-01,0.995,68.37711213517666,3.126881720430108,2326.7166666666667,0.0,69.51781609195403,53.0,22.0,384.38,2391.5956,12088.8241,0.5162331017167484,0.41622903642704373,0.19875494671135058
San Diego,2017-06-01,0.0933333333333333,71.36111111111111,2.921666666666667,2103.7833333333333,0.0,74.66130268199234,54.0,21.0,6859.71,1566.7848,8007.6683,0.6073330608432335,0.47457632156155216,0.05834728513450843
San Diego,2017-07-01,0.0433333333333333,71.61290322580645,3.0021505376344084,2232.5166666666664,0.0,78.57741935483871,58.0,21.0,493.83,2254.8328,6780.5594,0.5769664078010717,0.45550300642306196,-0.0190733151384902
San Diego,2017-08-01,0.01,70.07641681640568,3.7446236559139785,2785.85,0.0,77.43492703533026,63.0,24.5,2388.26,2874.0682,6839.4059,0.7287996730118801,0.5474273370688508,0.09192433064578887
San Diego,2017-09-01,0.1816666666666666,67.42260536398467,3.922222222222222,2822.2000000000003,0.0,75.63833333333334,59.0,23.0,3832.96,2561.0171,8709.8118,1.0324662034334968,0.7092499342245803,0.16182259715572944
San Diego,2017-10-01,0.0466666666666666,60.552039744336746,3.503763440860215,2608.0,0.0,69.05494623655915,66.0,29.0,159.09,2144.6725,5575.4099,0.9413662443070118,0.6633919748506135,-0.04585795937396675
San Diego,2017-11-01,0.0483333333333333,65.38322538466217,3.102738095238095,2204.8,0.0,63.750277777777775,63.0,22.0,81.15,1888.955,5248.4518,1.3361327338551134,0.8484968843513493,0.18510490950073577
San Diego,2017-12-01,0.095,44.52279825908858,3.433294930875576,2503.25,0.0,55.487999231950845,73.0,29.0,264.42,1294.1646,2950.5248,1.4272326929815984,0.8867517989436331,0.038254914592283806
San Diego,2018-01-01,1.6733333333333336,59.281318749227545,3.5241935483870965,2623.083333333333,0.1666666666666666,56.55860215053764,64.0,25.5,13.47,1933.9951,4453.1256,1.0899261756670349,0.7371287427055085,-0.14962305623812455
San Diego,2018-02-01,0.5266666666666667,55.6741622574956,4.0184523809523816,2698.3,0.1666666666666666,56.89969135802469,58.0,23.5,115.13,2485.4022,5158.8456,0.6357902691391036,0.4921260326148368,-0.24500271009067176
San Diego,2018-03-01,1.0116666666666667,64.49402628434886,3.913361210673038,2837.4,0.0,59.9715850258861,50.0,13.0,12.49,2234.6622,6661.734,0.8174446317502762,0.5974314660001678,0.10530543338533105
San Diego,2018-04-01,0.1033333333333333,63.990038314176246,4.236111111111112,3047.2166666666667,0.0,65.70879310344827,63.5,20.5,163.39,1616.9914,4977.0516,0.5752388149353795,0.4544068893135524,-0.14302457668661545
San Diego,2018-05-01,0.1283333333333333,69.22043010752688,4.195161290322581,3121.866666666667,0.0,68.24301075268816,54.0,21.0,1413.76,1468.3487,15215.5582,0.6660659962409657,0.5104651565500689,0.05605826723651647
San Diego,2018-06-01,0.0699999999999999,68.17567049808429,4.042777777777778,2912.4166666666665,0.0,72.71222222222222,63.0,31.0,260.68,2115.5976,15661.9406,0.393584452324207,0.3318791705700893,-0.17858598597997954
San Diego,2018-07-01,0.2216666666666666,68.77435245510885,3.737749615975422,2544.1666666666665,0.0,77.59877112135176,61.0,23.0,493.02,2240.5103,7011.3082,0.6055145420372415,0.473444292144058,0.14156512157396867
San Diego,2018-08-01,0.0816666666666666,68.59964157706094,3.5396505376344085,2544.9333333333334,0.0,79.46299283154121,64.0,28.0,166.21,2653.168,7837.6204,0.8174446317502762,0.5974314660001678,0.12398717385610986
San Diego,2018-09-01,0.0233333333333333,70.28888888888889,3.277847222222222,2110.733333333333,0.0,75.28402777777778,66.0,29.5,83.97,3522.5362,7513.9,0.8174446317502762,0.5974314660001678,0.0
San Diego,2018-10-01,0.4633333333333334,64.68637717121588,3.2197990074441685,2228.583333333333,0.0,69.81904218362284,58.0,21.0,11.44,3244.5634,6443.8061,0.7568931775465519,0.5635470091475403,-0.03388445685262753
San Diego,2018-11-01,0.94,56.2135632183908,3.257816091954023,1494.65,0.3333333333333333,61.89232183908045,64.5,27.0,120.89,1893.8769,3768.1426,0.6963417233428278,0.5284740048938303,-0.03507300425370996
San Diego,2018-12-01,1.825,68.63870967741936,2.8316129032258064,1754.5833333333333,0.0,56.22516129032258,66.0,21.5,6.21,1728.8703,4577.5369,0.4844116336297933,0.3950184874343012,-0.13345551745952916
San Diego,2019-01-01,3.248333333333333,65.5815053763441,3.0812903225806454,1911.4,0.0,53.78967741935484,58.0,17.0,12.67,1943.5904,4974.3609,1.243412189927876,0.8079980058987543,0.4129795184644531
San Diego,2019-02-01,3.3216666666666668,69.34814814814816,3.49,1954.15,0.0,53.59571428571428,51.5,11.0,5.33,2518.1726,4028.6756,0.909813797508202,0.6470057490906526,-0.1609922568081017
San Diego,2019-03-01,1.745,68.2,3.281290322580645,2032.6500000000003,0.0,59.68387096774194,52.0,18.0,616.9399999999999,2195.3155,6066.6743,0.909813797508202,0.6470057490906526,0.0
San Diego,2019-04-01,0.6633333333333333,65.64666666666668,3.351999999999999,2014.3166666666664,0.0,66.096,63.5,21.0,89.47,1891.9173,8244.1289,0.7885052911737751,0.5813802381547035,-0.06562551093594904
San Diego,2019-05-01,0.8649999999999999,72.11827956989247,3.612096774193548,2218.5,0.0,67.89032258064516,55.0,15.0,152.27,2934.2034,15647.9261,0.909813797508202,0.6470057490906526,0.06562551093594904
San Diego,2019-06-01,0.035,71.86475095785441,3.376877394636015,2423.4500000000003,0.0,72.63883141762453,61.0,15.5,860.76,2816.2734,9586.4371,0.8794866709245952,0.6309986921771003,-0.01600705691355231
San Diego,2019-07-01,0.04,70.09623655913978,3.5150537634408603,2613.2166666666667,0.0,76.17204301075269,71.0,22.0,281.03,4498.9195,9735.4557,0.9704680506754156,0.6782711037053967,0.04727241152829642
San Diego,2019-08-01,0.015,70.3236559139785,3.3344086021505377,2478.8166666666666,0.0,77.21344086021504,68.0,22.5,294.99,6622.5345,6580.6411,1.1827579367606624,0.7805891858312095,0.10231808212581284
San Diego,2019-09-01,0.055,68.7298611111111,3.283333333333333,2364.6666666666665,0.0,74.88333333333334,65.0,30.0,745.65,3970.1204,8995.9263,1.4253749494295165,0.885986130758716,0.10539694492750651
San Diego,2019-10-01,0.0083333333333333,56.52757580929623,3.4526881720430107,2568.5333333333333,0.1666666666666666,66.8225806451613,70.0,35.0,1553.34,5703.4975,10234.8927,1.4253749494295165,0.885986130758716,0.0
San Diego,2019-11-01,2.248333333333333,61.5516339869281,3.178730158730159,2206.583333333333,0.0,60.649682539682544,73.5,26.5,52.53,3242.9991,5283.9432,1.0917765570098423,0.7380137321855675,-0.14797239857314848
San Diego,2019-12-01,2.85,71.30322580645161,3.4516129032258065,2140.1,0.1666666666666666,56.47870967741935,58.0,16.5,4.69,2473.7932,3643.7722,0.909813797508202,0.6470057490906526,-0.09100798309491498
San Diego,2020-01-01,0.3833333333333333,73.38064516129032,3.2238709677419357,1999.7,0.0,54.78304659498208,66.0,22.0,0.0,3743.4811,4919.7284,1.27325277887419,0.8212117480466242,0.17420599895597166
San Diego,2020-02-01,0.5966666666666667,59.66729135432284,3.3745689655172413,2179.5,0.0,56.42120689655172,64.0,32.0,0.0,1975.0415,5338.8464,1.3945149482907793,0.8731806835418593,0.05196893549523507
San Diego,2020-03-01,3.2433333333333336,72.01852180077987,3.618817204301075,2592.75,0.0,60.145607940446645,40.0,16.0,0.0,2443.1936,8529.3911,1.364199405936632,0.8604394470595255,-0.012741236482333829
San Diego,2020-04-01,3.421666666666667,72.72083333333333,3.5644444444444443,2565.15,0.0,64.786,61.0,20.5,0.0,1917.5176,8604.0124,1.1823061518117477,0.7803821854567083,-0.08005726160281712
San Diego,2020-05-01,0.255,68.70645161290322,3.460752688172043,2575.15,0.0,71.48709677419355,70.0,27.0,0.2,2210.4204,5334.5969,0.8488351859161266,0.6145558115559796,-0.16582637390072874
San Diego,2020-06-01,0.235,67.98849206349206,3.372777777777777,2429.0333333333333,0.0,74.11738095238094,62.5,24.0,11.3,2534.4731,7257.0801,1.27325277887419,0.8212117480466242,0.20665593649064462
San Diego,2020-07-01,0.2266666666666666,67.52889784946237,3.1521505376344088,2343.733333333333,0.0,76.73602150537634,67.0,21.0,106.08,2943.5718,8293.2439,0.8185196435619791,0.5980227874552912,-0.22318896059133297
San Diego,2020-08-01,0.0083333333333333,68.00333086145099,3.005376344086021,2232.9,0.0,78.50698924731182,74.0,27.0,0.1,3956.5905,5479.278,1.121675067103453,0.7522059026909017,0.15418311523561046
San Diego,2020-09-01,0.0066666666666666,63.082081807081806,3.1245299145299144,1920.85,0.0,74.96482905982906,87.0,56.5,0.0,3274.2266,5164.8304,1.1823061518117477,0.7803821854567083,0.028176282765806637
San Diego,2020-10-01,0.095,55.92369198901457,2.9717741935483875,2177.55,0.0,70.5613287250384,92.0,35.0,1.1,3937.3841,7892.0028,1.3338838635824848,0.8475337740927276,0.06715158863601922
San Diego,2020-11-01,1.471666666666667,57.6,3.224166666666666,2014.3666666666668,0.5,61.35722222222222,84.0,34.5,0.0,2285.7125,4862.0572,1.0913595247493055,0.7378143448102742,-0.10971942928245337
San Diego,2020-12-01,0.4216666666666667,51.946608767576514,3.469489247311828,2527.016666666667,0.1666666666666666,53.74890552995392,84.0,31.0,0.0,1775.5867,3544.2064,1.0913595247493055,0.7378143448102742,0.0
San Diego,2021-01-01,1.385,59.1505376344086,3.545161290322581,2636.4333333333334,0.6666666666666666,53.27580645161291,77.0,30.0,6.28,3125.113,4925.378,1.457577215152973,0.8991759927502487,0.16136164793997454
San Diego,2021-02-01,0.1266666666666666,62.11904761904762,3.431547619047619,2304.633333333333,0.0,56.02916666666667,65.0,35.0,12.3,2090.2099,4761.1262,1.3968448311882655,0.8741532187670801,-0.025022773983168656
San Diego,2021-03-01,0.8583333333333334,62.5620347394541,3.85,2864.616666666667,0.0,57.91774193548387,50.0,18.5,7.1000000000000005,2792.2014,3433.8059,1.1235491033470832,0.7530887942839576,-0.12106442448312249
San Diego,2021-04-01,0.1566666666666666,63.16111111111112,3.485,2510.833333333333,0.0,64.77666666666667,59.5,23.0,14.03,1811.4681,5791.8236,0.6073238396470719,0.4745705845908912,-0.2785182096930664
San Diego,2021-05-01,0.0483333333333333,67.87096774193549,3.703763440860216,2755.9500000000003,0.0,69.04784946236559,59.0,24.0,122.92,2570.196,7423.6693,1.1235491033470832,0.7530887942839576,0.2785182096930664
San Diego,2021-06-01,0.0083333333333333,67.22777777777777,3.4966666666666666,2516.733333333333,0.0,73.75833333333333,55.5,26.0,365.61,3068.1936,19788.4226,1.0931829113647296,0.7386858316018007,-0.014402962682156906
San Diego,2021-07-01,0.055,67.59139784946237,3.3591397849462368,2496.9,0.0,79.19516129032257,56.0,22.5,155.94,4079.3003,5270.7128,1.1235491033470832,0.7530887942839576,0.014402962682156906
San Diego,2021-08-01,0.0766666666666666,66.48028673835125,3.2086021505376343,2388.4166666666665,0.0,79.30378197997776,64.0,27.5,109.4,3618.302,5861.2273,1.1842814873117904,0.7812869357093268,0.02819814142536925
San Diego,2021-09-01,0.4466666666666667,65.50555555555555,3.222222222222222,2320.0333333333333,0.0,76.98633333333333,63.0,24.5,26.59,3944.3379,4474.9884,1.1539152953294367,0.767287253601381,-0.013999682107945888
San Diego,2021-10-01,0.87,58.25806451612903,3.112365591397849,2315.4500000000003,0.0,66.86075268817204,55.0,22.0,8.43,2389.2536,7201.9941,0.75915479955884,0.5648334661805072,-0.20245378742087372
San Diego,2021-11-01,0.1333333333333333,57.80555555555555,2.612777777777778,1879.216666666667,0.0,62.19055555555556,62.0,29.5,12.93,1792.5517,5194.5377,1.2753800632588512,0.8221470992229382,0.25731363304243093
San Diego,2021-12-01,2.9599999999999995,70.17629928315412,2.684923835125448,1955.15,0.1666666666666666,55.47085573476702,62.0,29.0,4.07,1955.1392,2407.7635,1.305746255241205,0.8354043790366139,0.013257279813675749
San Diego,2022-01-01,0.2183333333333333,62.35698924731182,2.419569892473118,1267.5166666666669,0.0,55.25534050179211,59.0,19.0,42.0,2570.2048,3045.4384,1.125882829069686,0.7541871650753195,-0.08121721396129444
San Diego,2022-02-01,0.3533333333333333,48.375,3.279464285714286,1468.9333333333334,0.1666666666666666,54.81875,54.5,22.0,162.0,2067.1805,4126.5101,0.9433072351664936,0.6643912820156883,-0.08979588305963115
San Diego,2022-03-01,0.8316666666666667,58.77784946236559,2.9368951612903222,1684.9666666666665,0.0,59.694637096774194,58.0,21.0,58.0,1931.0384,5473.7946,0.9433072351664936,0.6643912820156883,0.0
San Diego,2022-04-01,0.165,62.36620689655173,3.128,1877.7166666666665,0.0,64.92,56.5,20.5,57.0,2344.9408,5466.1313,0.8520194382148976,0.6162766319652881,-0.048114650050400165
San Diego,2022-05-01,0.03,64.10052862969437,3.6494549499443822,2246.233333333333,0.0,70.07305895439377,62.0,26.0,626.0,2406.033,2668.4571,1.2475998916718145,0.8098629320586342,0.1935863000933461
San Diego,2022-06-01,0.1233333333333333,65.58824049513706,3.804321839080459,2273.616666666667,0.0,76.09142528735632,62.5,29.5,435.0,2197.6568,4715.2116,1.095453563419154,0.7397700279938819,-0.07009290406475233
San Diego,2022-07-01,0.2033333333333333,67.20645161290324,3.7251612903225806,2311.583333333333,0.0,78.78028673835125,56.0,18.0,60171.0,2731.7631,4418.5252,1.156312094720218,0.7683993989342968,0.028629370940414844
San Diego,2022-08-01,0.1433333333333333,67.1488320355951,3.605806451612904,2234.016666666667,0.0,81.9393870967742,59.0,39.0,123.0,4244.8792,8478.5304,1.4910340168760707,0.9126978920985127,0.14429849316421595
San Diego,2022-09-01,4.185,67.44659593280282,3.396666666666667,2037.6833333333336,0.0,79.08892592592593,56.5,42.0,87331.0,2640.2045,23726.6481,1.03459503211809,0.7102967976749771,-0.2024010944235356
San Diego,2022-10-01,0.695,71.5047311827957,3.2141935483870965,1991.5166666666669,0.0,71.9321198156682,63.0,51.0,20.0,2578.56,15622.7187,0.8215901725643656,0.5997098408057416,-0.11058695686923548
San Diego,2022-11-01,1.76,55.74363636363637,3.7489629629629633,2234.983333333333,0.3333333333333333,58.01815384615385,59.5,55.5,14.0,1825.4839,13451.5136,0.8215901725643656,0.5997098408057416,0.0
San Diego,2022-12-01,0.8783333333333333,67.07817836812144,3.040407470288625,1829.7333333333336,0.0,54.359614776652414,65.0,45.0,4.0,2155.984,8856.0394,1.095453563419154,0.7397700279938819,0.14006018718814028
San Diego,2023-01-01,4.1433333333333335,69.03870967741936,3.868709677419355,2232.633333333333,0.1666666666666666,53.4963870967742,56.0,31.0,110.0,1913.7287,1674.5856,1.0011841277729387,0.6937390692457418,-0.046030958748140116
San Diego,2023-02-01,2.545,59.55661375661376,4.231428571428571,2371.116666666667,0.6666666666666666,52.736428571428576,55.0,48.5,28.0,2035.8808,2601.3534,0.8191506499960408,0.5983697163352989,-0.0953693529104429
San Diego,2023-03-01,3.965,71.2258064516129,3.9483870967741934,2449.35,0.3333333333333333,57.02451612903226,53.0,29.0,6.0,2029.8886,8203.5913,1.3349121703639184,0.847974276008247,0.24960455967294815
San Diego,2023-04-01,0.3966666666666666,66.83333333333333,3.261333333333333,1956.45,0.1666666666666666,63.23588505747127,66.0,42.5,72.0,1730.7653,8665.2039,1.304573257401102,0.8348955215215557,-0.01307875448669138
San Diego,2023-05-01,0.5633333333333334,70.7869623655914,3.264247311827957,2094.083333333333,0.0,69.1916129032258,56.0,21.0,700.0,2100.1781,4861.9289,1.3349121703639184,0.847974276008247,0.01307875448669138
San Diego,2023-06-01,0.8683333333333333,69.4484126984127,3.0238888888888886,2179.65,0.0,72.61739463601533,52.5,21.0,315.0,2441.9311,4947.1723,1.0011841277729387,0.6937390692457418,-0.15423520676250524
San Diego,2023-07-01,0.94,67.36860215053764,2.8268817204301078,2103.766666666667,0.0,78.02043010752688,57.0,26.0,12215.0,3492.8974,3433.19,1.3349121703639184,0.847974276008247,0.15423520676250524
San Diego,2023-08-01,2.075,70.24480286738351,3.2263440860215056,2400.4666666666667,0.1666666666666666,78.59408602150538,57.0,32.0,727.0,3577.1219,4297.2795,1.1528786925870205,0.7668058733610713,-0.08116840264717573
San Diego,2023-09-01,0.1466666666666666,69.05724637681159,2.8911111111111114,2081.1166666666663,0.0,76.10095238095238,62.5,43.5,77.0,2728.3131,5809.1241,0.940506301847306,0.6629489193594564,-0.10385695400161488
San Diego,2023-10-01,0.7183333333333333,59.531844499586434,2.99247311827957,2224.333333333333,0.0,69.30248904818798,67.0,54.0,2627.0,2681.2616,1668.5393,1.2135565185126531,0.7946005064139603,0.13165158705450386
San Diego,2023-11-01,1.3866666666666667,44.36825396825397,2.9655555555555555,2135.6,0.0,62.04420634920635,63.5,52.5,148.0,6528.2257,5608.1646,0.7888117370332245,0.5815515653576228,-0.21304894105633754
San Diego,2023-12-01,1.32,56.52150537634409,2.92741935483871,2180.65,0.0,57.48633667037449,70.0,48.0,80.0,2084.3303,1614.4069,1.395589996289551,0.8736295455310055,0.2920779801733827
San Diego,2024-01-01,2.4483333333333337,57.623449131513645,2.854301075268817,2123.7833333333333,0.1666666666666666,55.26957387495022,63.0,34.0,4.0,3267.0991134894166,1371.1043757873863,1.355973878519204,0.856954178511919,-0.01667536701908645
San Diego,2024-02-01,2.6283333333333334,61.5933908045977,2.8522988505747127,1985.5,0.0,57.5316091954023,56.0,28.0,3.0,2803.312810663379,1942.7972491126484,1.7476996656469743,1.010764076410216,0.1538098978982969
San Diego,2024-03-01,2.151666666666667,61.333333333333336,3.1881720430107525,2373.9166666666665,0.1666666666666666,61.21523297491039,54.0,29.0,83.0,2836.0738410256454,4388.466086160405,1.0245135971033987,0.705329472744827,-0.3054346036653889
San Diego,2024-04-01,0.3566666666666667,66.77333333333334,3.0400000000000005,2189.9,0.0,66.45597222222223,58.5,29.5,26.0,2513.445515605084,4410.714362211897,1.3861066313751864,0.8696630131109953,0.1643335403661682
San Diego,2024-05-01,0.1266666666666666,67.13279569892474,2.999462365591398,2230.483333333333,0.0,71.05810931899642,58.0,31.0,343.0,3034.7668659135365,6276.877279743716,1.2053101142392926,0.7908681403881018,-0.07879487272289343
San Diego,2024-06-01,0.0483333333333333,69.7,3.042777777777778,2188.383333333333,0.0,77.04152046783626,61.5,33.0,51622.0,3005.731734052415,8094.030734755115,1.506637642799116,0.9189422705560399,0.12807413016793812
San Diego,2024-07-01,0.0066666666666666,70.72043010752688,2.755376344086021,2051.233333333333,0.0,79.7885028949545,58.0,32.0,16685.0,4054.2604956180794,3935.3856685844485,1.4765048899431334,0.9068482475821157,-0.012094022973924257
San Diego,2024-08-01,1.2716666666666667,68.24193548387096,3.0107526881720426,2239.233333333333,0.0,80.07225422427035,62.0,43.0,430056.0,4325.807183034631,3879.032225305753,1.838097924214921,1.0431340827989992,0.13628583521688353
San Diego,2024-09-01,0.04,66.97587680518716,3.206851851851852,2265.616666666667,0.0,77.83254576415497,61.5,33.5,78695.0,3846.2985060842966,6634.481877370228,1.506637642799116,0.9189422705560399,-0.12419181224295928
San Diego,2024-10-01,0.175,66.40203106332139,2.736559139784946,1800.1166666666668,0.0,69.52071855265403,72.0,59.0,538.0,3848.0621249278997,5235.1600387374665,1.4765048899431334,0.9068482475821157,-0.012094022973924257
San Diego,2024-11-01,0.2016666666666666,56.42222222222222,3.1894444444444443,2294.516666666667,0.1666666666666666,60.312,67.5,54.0,4584.0,3109.5028641184194,3501.186901126518,2.07915994706278,1.124656815323812,0.2178085677416962
San Diego,2024-12-01,0.3966666666666667,65.63944892473118,3.028259408602151,2128.866666666667,0.1666666666666666,57.192258064516125,81.0,51.0,127.0,2446.666798563003,1368.625214085419,1.6874341599350096,0.9885868945248513,-0.13606992079896063
San Luis Obispo,2001-01-01,6.803333333333334,72.07624521072798,3.541935483870968,2637.233333333333,0.0,49.1757865392274,75.0,18.0,,866.6087,342.8375,1.5906976004326698,0.9519271832413156,-0.03665971128353562
San Luis Obispo,2001-02-01,4.463333333333334,72.86728395061728,4.035082706766917,2393.333333333333,0.0,50.5670582010582,29.5,12.5,,1494.5369,834.51,0.3976744001081674,0.3348097126138423,-0.6171174706274734
San Luis Obispo,2001-03-01,2.853333333333333,76.05029239766083,4.076548899129544,2779.7000000000003,0.3333333333333333,57.57434715821813,49.0,13.0,,7998.5469,752.5,1.9883720005408367,1.0947287576942872,0.7599190450804449
San Luis Obispo,2001-04-01,1.4666666666666668,74.9639846743295,4.337777777777778,3124.566666666667,0.0,58.54333333333333,39.0,16.0,,11882.6886,1222.1875,0.3976744001081674,0.3348097126138423,-0.7599190450804449
San Luis Obispo,2001-05-01,0.1399999999999999,67.39784946236558,3.960215053763441,2944.866666666667,0.0,66.39032258064516,55.5,24.0,,15520.2418,1108.0486,1.1930232003245025,0.7852810486431302,0.4504713360292879
San Luis Obispo,2001-06-01,0.02,62.5816091954023,4.001111111111111,2881.9666666666667,0.0,69.67111111111112,43.0,21.5,,13063.1056,785.5647,0.3976744001081674,0.3348097126138423,-0.4504713360292879
San Luis Obispo,2001-07-01,0.0033333333333333,73.52222222222223,3.8236559139784942,2842.5,0.0,70.85376344086022,31.0,17.0,,8841.5033,2590.25,1.5906976004326698,0.9519271832413156,0.6171174706274734
San Luis Obispo,2001-08-01,0.0,70.86245519713262,3.693548387096774,2747.4,0.0,70.58420467185762,29.0,20.0,,6674.0043,678.1381,1.5906976004326698,0.9519271832413156,0.0
San Luis Obispo,2001-09-01,0.02,70.59961685823755,3.598222222222222,2436.9,0.0,68.39133333333334,38.0,21.0,,6262.7863,27.25,2.3860464006490045,1.21966298729366,0.2677358040523443
San Luis Obispo,2001-10-01,0.3966666666666666,72.65022137887412,3.2020240354206195,2113.866666666667,0.0,63.46951296647692,47.0,29.0,,5185.7266,370.0,1.9883720005408367,1.0947287576942872,-0.12493422959937273
San Luis Obispo,2001-11-01,3.5700000000000003,81.36153256704982,3.259463601532566,2217.6,0.0,59.61397701149425,66.0,17.0,,2428.4729,336.0,3.18139520086534,1.4306449709558013,0.3359162132615141
San Luis Obispo,2001-12-01,2.72,78.34408602150538,3.530107526881721,2627.0666666666666,0.0,52.36774193548388,55.0,15.0,,1013.2392,372.75,1.1930232003245025,0.7852810486431302,-0.6453639223126711
San Luis Obispo,2002-01-01,0.9133333333333334,71.02150537634408,3.546236559139785,2639.6666666666665,0.0,50.95392273994424,64.0,16.0,,1204.1803,39.75,3.9512729025655617,1.5996446955561288,0.8143636469129986
San Luis Obispo,2002-02-01,0.73,67.89285714285714,3.723809523809523,2503.9666666666667,0.0,52.18823809523809,31.0,18.0,,2423.4328,177.8,1.1853818707696684,0.7817905825081601,-0.8178541130479686
San Luis Obispo,2002-03-01,1.5,72.9032258064516,3.934408602150538,2929.1,0.3333333333333333,54.54408602150537,44.0,17.0,,7038.5005,372.05,0.7902545805131123,0.5823578334901669,-0.19943274901799324
San Luis Obispo,2002-04-01,0.67,74.34444444444445,3.604444444444444,2237.5,0.0,59.84814814814814,47.0,17.5,,12840.9178,292.375,0.7902545805131123,0.5823578334901669,0.0
San Luis Obispo,2002-05-01,0.3733333333333333,71.25806451612904,4.19247311827957,3119.1,0.0,62.88817204301075,50.5,20.0,,10081.8675,613.8072,1.9756364512827809,1.0904579493214444,0.5081001158312775
San Luis Obispo,2002-06-01,0.0533333333333333,66.81111111111112,4.27,3077.433333333333,0.0,67.56666666666666,49.0,22.0,,10305.8016,19369.3,1.1853818707696684,0.7817905825081601,-0.3086673668132842
San Luis Obispo,2002-07-01,0.04,68.16129032258065,3.929032258064516,2927.2666666666664,0.0,70.0763440860215,37.0,22.0,,8198.827,349.18,1.1853818707696684,0.7817905825081601,0.0
San Luis Obispo,2002-08-01,0.0366666666666666,70.76344086021506,3.746236559139785,2789.5333333333333,0.0,68.96774193548386,58.0,28.0,,6347.6533,136.9081,2.765891031795893,1.3259844950834416,0.5441939125752815
San Luis Obispo,2002-09-01,0.02,64.47777777777777,3.4811111111111117,2506.0,0.0,66.96333333333332,32.0,30.0,,5492.1198,415.0,0.7902545805131123,0.5823578334901669,-0.7436266615932747
San Luis Obispo,2002-10-01,0.0,73.41935483870968,3.1086021505376347,2313.7000000000003,0.0,61.5752688172043,50.0,29.0,,4857.2401,607.625,1.5805091610262243,0.9479867286976981,0.36562889520753117
San Luis Obispo,2002-11-01,1.7666666666666668,66.9888888888889,3.77,2083.833333333333,0.6666666666666666,57.53777777777778,57.0,24.0,,1256.062,859.0,0.7902545805131123,0.5823578334901669,-0.36562889520753117
San Luis Obispo,2002-12-01,4.323333333333333,81.6989247311828,3.63763440860215,1315.6333333333334,0.0,53.064516129032256,34.0,15.0,,764.5523,427.0,1.1853818707696684,0.7817905825081601,0.19943274901799324
San Luis Obispo,2003-01-01,0.1566666666666666,76.3010752688172,3.57741935483871,2660.9666666666667,0.0,54.79462365591397,57.5,18.5,,1618.2509,406.0375,3.141270801102586,1.421002697523691,0.6392121150155308
San Luis Obispo,2003-02-01,1.7266666666666668,70.71428571428571,3.6940476190476192,2484.9,0.0,53.99880952380952,37.0,19.0,,3081.2279,7.0,0.7853177002756465,0.5795963827421466,-0.8414063147815443
San Luis Obispo,2003-03-01,1.7533333333333332,72.75268817204301,4.049462365591398,3011.7666666666664,0.0,57.07419354838709,29.0,18.0,,5768.6957,108.0,0.0,0.0,-0.5795963827421466
San Luis Obispo,2003-04-01,1.1733333333333331,74.43888888888888,4.083333333333333,2512.6,0.0,59.51833333333334,24.5,12.5,,8603.3453,332.5,0.7853177002756465,0.5795963827421466,0.5795963827421466
San Luis Obispo,2003-05-01,1.2166666666666666,69.55913978494624,4.196774193548387,3117.4666666666667,0.0,64.50967741935484,40.0,20.0,,11208.0149,77.6,1.963294250689116,1.086301572026901,0.5067051892847543
San Luis Obispo,2003-06-01,0.6633333333333333,70.63333333333334,3.865555555555556,2786.2666666666664,0.0,68.73,52.5,20.0,,10026.4578,1073.8125,1.1779765504134698,0.778396257884154,-0.3079053141427469
San Luis Obispo,2003-07-01,0.18,61.53763440860215,3.6655913978494623,2727.7666666666664,0.0,71.89892473118279,44.0,23.0,,11374.2975,245.5256,1.570635400551293,0.9441531059175539,0.16575684803339985
San Luis Obispo,2003-08-01,0.0733333333333333,68.49462365591398,3.6408602150537632,2710.633333333333,0.0,71.68817204301075,37.5,20.0,,7502.5411,533.4831,1.963294250689116,1.086301572026901,0.14214846610934706
San Luis Obispo,2003-09-01,0.1033333333333333,67.54444444444444,3.2264367816091952,2302.766666666667,0.0,69.32222222222222,52.0,25.5,,5521.6877,318.75,2.748611950964763,1.3213856250518317,0.23508405302493074
San Luis Obispo,2003-10-01,0.2333333333333333,58.30107526881721,3.212903225806452,2388.633333333333,0.0,64.73225806451613,43.0,33.0,,3917.8955,29.3891,3.926588501378233,1.5946467609706505,0.27326113591881884
San Luis Obispo,2003-11-01,1.0666666666666669,70.14444444444445,3.333333333333333,2396.5,0.3333333333333333,56.63999999999999,57.0,17.5,,1255.1351,109.8292,4.711906201653879,1.74255280362337,0.14790604265271945
San Luis Obispo,2003-12-01,2.7466666666666666,75.20430107526882,3.288172043010753,2443.266666666667,0.0,53.2010752688172,52.0,14.0,,1289.8329,141.7288,3.926588501378233,1.5946467609706505,-0.14790604265271945
San Luis Obispo,2004-01-01,1.0333333333333334,74.76344086021506,3.339784946236559,2484.7333333333336,0.0,50.94623655913978,64.0,14.0,,1425.9264,59.2143,3.89344421862468,1.5878963947433977,-0.00675036622725278
San Luis Obispo,2004-02-01,4.22,78.01768346595932,3.4748894783377544,2066.133333333333,0.3333333333333333,52.15172413793103,36.0,13.0,,1633.4975,52.0749,2.336066531174808,1.2047924276953577,-0.38310396704804006
San Luis Obispo,2004-03-01,0.4133333333333334,74.08120133481647,3.7225806451612895,2769.866666666667,0.0,59.87204301075269,37.0,21.0,,11523.2416,298.5114,2.725410953037276,1.3151771687094194,0.1103847410140617
San Luis Obispo,2004-04-01,0.0133333333333333,66.65555555555555,3.772222222222222,2715.7000000000003,0.0,62.68555555555556,47.0,22.5,,11301.7228,465.2814,3.89344421862468,1.5878963947433977,0.27271922603397836
San Luis Obispo,2004-05-01,0.18,64.3763440860215,4.211827956989247,3135.7333333333336,0.0,66.25591397849462,39.5,20.0,,8113.3724,238.965,6.229510749799488,1.9781713644203403,0.39027496967694253
San Luis Obispo,2004-06-01,0.1833333333333333,65.95555555555556,4.176666666666667,3002.4,0.0,69.27666666666666,39.0,20.5,,10286.8261,939.3471,1.94672210931234,1.0806934031819262,-0.8974779612384141
San Luis Obispo,2004-07-01,0.0766666666666666,69.04301075268818,3.7053763440860217,2756.833333333333,0.0,71.78709677419356,39.0,19.0,,7595.9716,1785.2918,1.94672210931234,1.0806934031819262,0.0
San Luis Obispo,2004-08-01,0.0,69.97849462365592,3.6365591397849455,2706.3,0.0,71.26021505376345,30.0,19.0,,4823.9439,753.7819,3.504099796762212,1.5049880479547542,0.42429464477282797
San Luis Obispo,2004-09-01,0.0066666666666666,60.18888888888889,3.401111111111111,2450.2333333333336,0.0,68.09777777777778,33.0,27.5,,2988.123,30.1875,3.114755374899744,1.4145793851930235,-0.09040866276173065
San Luis Obispo,2004-10-01,2.316666666666667,73.2795698924731,3.4741935483870967,2585.633333333333,0.0,62.61935483870968,38.0,17.0,,1759.5173,11.0889,3.114755374899744,1.4145793851930235,0.0
San Luis Obispo,2004-11-01,2.2,74.03333333333333,2.986666666666667,2150.2000000000003,0.0,55.29079365079365,58.0,15.0,,966.3435,210.25,2.336066531174808,1.2047924276953577,-0.20978695749766585
San Luis Obispo,2004-12-01,7.080000000000001,70.75268817204301,3.854838709677419,2868.866666666667,1.0,51.09892473118279,65.0,16.0,,1090.0122,17.0392,1.557377687449872,0.9389823926559523,-0.26581003503940537
San Luis Obispo,2005-01-01,4.666666666666667,80.02150537634408,3.411827956989247,2535.1,0.3333333333333333,52.13225806451613,51.0,12.0,,1625.241,169.2324,0.7733503470409683,0.572870608835454,-0.36611178382049825
San Luis Obispo,2005-02-01,5.3,80.22619047619048,3.3976190476190475,2284.4666666666667,0.0,54.66190476190476,35.0,11.0,,3355.6737,278.9423,1.1600255205614525,0.7701200367010227,0.19724942786556865
San Luis Obispo,2005-03-01,3.2533333333333334,77.88172043010752,3.69247311827957,2749.366666666667,0.0,58.48817204301074,31.0,11.0,,13371.0372,1134.876,1.5467006940819366,0.9347986759715534,0.16467863927053072
San Luis Obispo,2005-04-01,1.403333333333333,71.92222222222222,4.043333333333334,2908.933333333333,0.0,59.64333333333334,25.5,13.0,,21958.4344,5164.8684,1.1600255205614525,0.7701200367010227,-0.16467863927053072
San Luis Obispo,2005-05-01,1.4533333333333334,72.00286738351254,4.26236559139785,3170.9,0.3333333333333333,66.2494623655914,39.5,14.0,,13792.1923,7507.4641,0.7733503470409683,0.572870608835454,-0.19724942786556865
San Luis Obispo,2005-06-01,0.0,71.57222222222222,3.918888888888889,2665.9666666666667,0.0,69.21388888888889,32.0,15.5,,12812.9469,17383.4783,1.1600255205614525,0.7701200367010227,0.19724942786556865
San Luis Obispo,2005-07-01,0.0,69.27956989247312,3.574193548387097,2655.866666666667,0.0,73.35698924731183,50.0,19.0,,11025.6368,27302.1439,2.320051041122905,1.1999801566424213,0.4298601199413986
San Luis Obispo,2005-08-01,0.0,69.40860215053765,3.3559139784946237,2498.4666666666667,0.0,72.11935483870967,43.0,19.0,,5411.829,7427.6271,2.7067262146433886,1.3101490651269179,0.11016890848449656
San Luis Obispo,2005-09-01,0.0066666666666666,68.88888888888889,3.353333333333333,2418.233333333333,0.0,67.28333333333335,45.0,21.5,,3399.6626,5849.7784,3.866751735204841,1.5824267197300217,0.2722776546031038
San Luis Obispo,2005-10-01,0.0666666666666666,65.64516129032258,3.505376344086021,2608.866666666667,0.0,62.90645161290322,40.0,21.0,,2577.5714,4366.4161,6.57347794984823,2.0246524004930477,0.44222568076302604
San Luis Obispo,2005-11-01,0.2133333333333333,61.08888888888888,3.265555555555556,2349.133333333333,0.0,58.00555555555555,43.0,19.0,,1757.5602,2437.1337,9.666879338012103,2.3671435518714934,0.34249115137844566
San Luis Obispo,2005-12-01,0.4633333333333334,69.79735318444996,3.6037220843672455,2155.1,0.3333333333333333,53.82894954507858,43.0,16.0,,1737.7238,439.8119,3.093401388163873,1.4093762596856132,-0.9577672921858802
San Luis Obispo,2006-01-01,1.856666666666667,71.70967741935483,3.788172043010752,2817.7666666666664,0.3333333333333333,52.2247311827957,54.0,11.0,,1886.497,356.2444,6.525961811606998,2.0183586179631816,0.6089823582775684
San Luis Obispo,2006-02-01,1.53,64.34523809523809,4.263095238095239,2865.7000000000003,0.3333333333333333,53.24404761904762,49.0,15.5,,2864.4497,1262.3771,4.222681172216293,1.653010904553681,-0.3653477134095007
San Luis Obispo,2006-03-01,5.04,78.03225806451613,3.97741935483871,2957.1,0.0,53.25464669738864,28.0,9.0,,5074.189,1848.0602,1.919400532825588,1.071378298226343,-0.581632606327338
San Luis Obispo,2006-04-01,3.333333333333333,77.58888888888889,4.001111111111111,2879.2666666666664,0.0,58.63888888888889,18.0,9.5,,13703.875,7370.0372,1.1516403196953529,0.766230490642445,-0.3051478075838979
San Luis Obispo,2006-05-01,1.22,71.64516129032258,3.930107526881721,2920.4,0.0,65.39354838709677,46.5,19.0,,35964.8255,10439.8168,1.919400532825588,1.071378298226343,0.3051478075838979
San Luis Obispo,2006-06-01,0.045,72.19166666666666,3.935,2159.4,0.0,69.94458333333333,40.0,19.0,,29678.3278,11867.594,4.222681172216293,1.653010904553681,0.581632606327338
San Luis Obispo,2006-07-01,0.0,70.37903225806451,3.5725806451612905,2657.65,0.0,71.57177419354838,51.0,19.0,,17990.0606,16166.1051,7.293722024737233,2.1154988460391557,0.4624879414854748
San Luis Obispo,2006-08-01,0.0,74.78225806451613,3.665322580645161,2725.45,0.0,70.36451612903225,36.0,19.0,0.0,13261.4693,12690.5615,9.213122557562825,2.3236734186769836,0.2081745726378279
San Luis Obispo,2006-09-01,0.0225,71.64166666666667,3.6366666666666654,2618.95,0.0,67.45444444444445,44.0,23.5,0.0,11142.5215,4549.7174,5.758201598476764,1.9107568189328015,-0.41291659974418216
San Luis Obispo,2006-10-01,0.05,67.20967741935485,3.475806451612903,2588.7,0.0,61.63729032258065,48.0,15.0,6.46,7173.2101,5145.3601,9.213122557562825,2.3236734186769836,0.41291659974418216
San Luis Obispo,2006-11-01,0.3675,65.35833333333333,3.9475,2841.775,0.0,58.314827586206896,57.0,15.5,8.58,2081.9652,1203.3124,6.142081705041881,1.9660042891854923,-0.3576691294914913
San Luis Obispo,2006-12-01,2.085,61.96774193548387,3.9225806451612906,2918.1,0.25,51.07569124423963,66.0,15.0,3.0,2029.018,769.5185,9.213122557562825,2.3236734186769836,0.3576691294914913
San Luis Obispo,2007-01-01,0.805,59.28225806451613,3.864516129032258,2872.425,0.25,49.05262096774193,59.0,29.0,4.1,1790.5653,758.9274,6.850097043041444,2.0605258938887907,-0.2631475247881929
San Luis Obispo,2007-02-01,1.9675,75.40178571428572,3.8017857142857134,2553.325,0.0,52.94375,32.5,18.0,0.0,4789.315,1724.1868,6.850097043041444,2.0605258938887907,0.0
San Luis Obispo,2007-03-01,0.465,68.12903225806451,3.841935483870968,2859.925,0.0,57.13580069124424,41.0,28.5,46.6,13439.9678,5491.0578,3.425048521520722,1.4872812437151917,-0.573244650173599
San Luis Obispo,2007-04-01,0.6100000000000001,70.625,4.170833333333333,3003.675,0.0,60.18333333333334,33.0,44.0,32.300000000000004,19100.5787,12089.8634,2.6639266278494502,1.2985354214611187,-0.188745822254073
San Luis Obispo,2007-05-01,0.1649999999999999,69.58870967741936,4.122580645161291,3067.95,0.0,64.5008064516129,42.0,43.0,4.72,20642.1436,12280.7952,0.0,0.0,-1.2985354214611187
San Luis Obispo,2007-06-01,0.0,68.53333333333333,4.065,2930.975,0.0,67.42416666666666,37.0,50.5,137.06,15342.2485,16450.4728,1.1416828405069073,0.7615918940723186,0.7615918940723186
San Luis Obispo,2007-07-01,0.0,69.5241935483871,3.9951612903225806,2975.225,0.0,69.94354838709678,28.0,18.5,108.07,13580.7119,17516.3471,1.522243787342543,0.9251488971622904,0.1635570030899718
San Luis Obispo,2007-08-01,0.0725,69.83064516129032,3.6225806451612894,2694.425,0.0,69.33790322580646,34.0,20.5,11.55,11277.0234,12624.6908,1.9028047341781784,1.0656774193210863,0.14052852215879585
San Luis Obispo,2007-09-01,0.0,66.91666666666666,3.724166666666666,2680.05,0.0,67.38881578947368,31.0,28.0,11.3,11356.4591,21016.2025,1.1416828405069073,0.7615918940723186,-0.30408552524876764
San Luis Obispo,2007-10-01,0.36,63.5,3.878225806451613,2888.55,0.25,61.49677419354839,33.0,27.0,62.1,7534.7097,9933.3558,4.566731362027629,1.7168080526081968,0.9552161585358782
San Luis Obispo,2007-11-01,0.09,63.458333333333336,3.7,2659.675,0.0,57.74583333333333,68.0,26.5,1.85,4636.1015,3986.4276,1.522243787342543,0.9251488971622904,-0.7916591554459064
San Luis Obispo,2007-12-01,2.7025,64.17170698924731,4.176915322580645,2916.9,0.25,50.618389976958525,48.0,39.0,0.0,2160.0648,1110.2444,0.0,0.0,-0.9251488971622904
San Luis Obispo,2008-01-01,8.692499999999999,70.08064516129033,4.614516129032258,3432.625,1.5,49.95090322580646,48.0,16.0,1.0,2939.4191,2189.8062,2.252607393057464,1.1794569494781646,1.1794569494781646
San Luis Obispo,2008-02-01,3.0375,68.86206896551724,4.258620689655173,2963.75,0.0,51.26120689655173,38.5,21.5,1.6,5306.8857,3010.1752,1.126303696528732,0.7543851185084,-0.42507183096976464
San Luis Obispo,2008-03-01,0.125,63.20967741935484,4.268548387096774,3175.4,0.0,55.19460511679644,34.5,40.0,1.45,13865.0881,4007.4804,1.8771728275478867,1.0568081549055368,0.30242303639713686
San Luis Obispo,2008-04-01,0.2025,62.475,4.3725000000000005,3148.05,0.0,58.25333333333333,34.0,39.0,4.85,24742.6197,8014.3162,1.126303696528732,0.7543851185084,-0.30242303639713686
San Luis Obispo,2008-05-01,0.0125,69.13709677419355,4.009677419354839,2983.175,0.0,62.774193548387096,46.0,26.0,32.0,25223.2208,9953.3792,1.8771728275478867,1.0568081549055368,0.30242303639713686
San Luis Obispo,2008-06-01,0.0,61.58218390804598,4.144166666666667,2985.625,0.0,66.76916666666666,57.0,53.0,329.7,17943.6449,13249.6261,2.252607393057464,1.1794569494781646,0.12264879457262778
San Luis Obispo,2008-07-01,0.0,72.16935483870967,3.8322580645161297,2852.725,0.0,68.99536290322581,52.0,20.0,52.62,19275.1119,12580.9048,1.126303696528732,0.7543851185084,-0.42507183096976464
San Luis Obispo,2008-08-01,0.0,71.48387096774194,3.587903225806452,2667.8500000000004,0.0,68.74226403823178,43.0,20.0,1354.48,19278.4549,8696.7515,1.8771728275478867,1.0568081549055368,0.30242303639713686
San Luis Obispo,2008-09-01,0.0,69.70833333333333,3.3483333333333336,2408.75,0.0,66.43760869565217,46.0,21.0,6.01,14832.8655,4952.0648,2.628041958567042,1.2886930973919237,0.2318849424863869
San Luis Obispo,2008-10-01,0.0,55.266129032258064,3.782258064516129,2810.65,0.0,61.87472191323693,42.0,37.0,121.47,8069.2063,1519.6689,3.378911089586196,1.4768000837963275,0.18810698640440382
San Luis Obispo,2008-11-01,0.3399999999999999,64.95,3.8441666666666654,2770.3,0.0,58.58,53.0,24.0,1.0,2864.7362,823.6945,6.006953048153237,1.9469029486599725,0.47010286486364494
San Luis Obispo,2008-12-01,1.2075,69.57258064516128,3.794354838709677,2823.875,0.0,51.86451612903225,53.0,11.0,0.12,2116.5764,332.3921,4.8806493516245055,1.7716671897629017,-0.17523575889707077
San Luis Obispo,2009-01-01,0.595,54.572580645161295,3.9112903225806455,2908.175,0.5,50.836612903225806,63.5,25.0,1.0,1839.5658,1284.3914,3.356392996326614,1.4716444205435575,-0.30002276921934423
San Luis Obispo,2009-02-01,3.4425,72.125,3.7401785714285714,2514.4,0.25,51.40625,22.5,8.5,0.0,6561.5409,714.8789,1.1187976654422047,0.7508487888574429,-0.7207956316861146
San Luis Obispo,2009-03-01,1.2275,66.94354838709677,4.209677419354839,3128.95,0.0,54.783815350389325,38.0,25.0,0.0,9001.6467,2989.8407,2.6105278860318117,1.2838539904720745,0.5330052016146316
San Luis Obispo,2009-04-01,0.5125,65.225,4.1466666666666665,2984.575,0.0,57.27166666666666,39.0,48.5,5.2,18231.8178,5178.6006,1.1187976654422047,0.7508487888574429,-0.5330052016146316
San Luis Obispo,2009-05-01,0.27,69.93548387096774,4.054838709677419,3015.3,0.0,63.52903225806452,39.5,32.0,8.11,21201.0813,7593.1989,2.6105278860318117,1.2838539904720745,0.5330052016146316
San Luis Obispo,2009-06-01,0.105,73.19166666666666,3.91,2814.125,0.0,65.5925,38.5,16.0,84.33,18885.9309,14896.821,2.9834604411792127,1.3821508991197669,0.09829690864769236
San Luis Obispo,2009-07-01,0.0,69.86290322580645,3.812903225806452,2837.525,0.0,68.20241935483871,53.0,19.0,22.16,18467.5905,27376.5167,1.1187976654422047,0.7508487888574429,-0.631302110262324
San Luis Obispo,2009-08-01,0.0025,68.54838709677419,3.6637096774193534,2729.875,0.0,67.43896889400922,52.0,19.0,3395.5,14548.5302,17241.5557,2.237595330884409,1.1748308724251582,0.4239820835677153
San Luis Obispo,2009-09-01,0.0125,66.525,3.506666666666667,2523.425,0.0,66.06827586206897,42.0,13.0,6.3,14178.6,2908.2683,3.356392996326614,1.4716444205435575,0.29681354811839933
San Luis Obispo,2009-10-01,1.775,63.87096774193549,4.291935483870968,3193.525,0.25,61.68122119815668,52.0,23.0,1.65,10152.659,2096.9134,3.356392996326614,1.4716444205435575,0.0
San Luis Obispo,2009-11-01,0.0825,61.3,3.690833333333333,2658.725,0.25,55.49698275862069,59.5,24.5,1.3,5070.993,1442.1956,2.237595330884409,1.1748308724251582,-0.29681354811839933
San Luis Obispo,2009-12-01,2.1075,73.66935483870968,3.47016129032258,2578.75,0.0,50.961155913978494,61.0,14.0,1.0,2451.4446,416.4441,2.9834604411792127,1.3821508991197669,0.2073200266946087
San Luis Obispo,2010-01-01,5.235,73.91935483870968,3.7435483870967743,2782.525,0.0,51.69516129032258,32.0,18.0,0.0,3082.4322,563.271,6.301057094990289,1.9880191452036629,0.605868246083896
San Luis Obispo,2010-02-01,4.195,78.26785714285714,3.846428571428571,2582.875,0.25,53.3375,45.0,18.0,0.0,5916.4535,1206.397,3.7065041735237,1.548945418762144,-0.43907372644151876
San Luis Obispo,2010-03-01,1.315,68.43548387096774,3.857258064516129,2871.35,0.0,55.20978865406006,51.0,30.5,23.0,14502.404,1463.4305,1.48260166940948,0.9093070705434865,-0.6396383482186576
San Luis Obispo,2010-04-01,2.5475,72.23448275862069,4.17735632183908,2987.25,0.0,58.0176724137931,52.0,31.0,1.0,22780.383,5234.2027,3.7065041735237,1.548945418762144,0.6396383482186576
San Luis Obispo,2010-05-01,0.455,68.73387096774194,4.294354838709677,3195.425,0.0,61.7269623655914,58.0,40.0,2.26,19742.7055,6966.8206,0.0,0.0,-1.548945418762144
San Luis Obispo,2010-06-01,0.165,72.25833333333334,4.0025,2878.425,0.0,66.10583333333334,56.0,37.0,89.78,18488.1252,16321.1425,2.2239025041142195,1.1705925835277626,1.1705925835277626
San Luis Obispo,2010-07-01,0.3,75.67741935483872,3.8024193548387095,2827.575,0.0,67.09120370370371,43.0,12.0,117.75,19551.5762,29357.5461,4.077154590876069,1.6247509847583492,0.4541584012305866
San Luis Obispo,2010-08-01,0.0925,72.7258064516129,3.640322580645161,2706.975,0.0,66.85849058477675,35.0,9.0,89.85,13427.7756,21766.1181,3.7065041735237,1.548945418762144,-0.07580556599620514
San Luis Obispo,2010-09-01,0.0475,66.76666666666667,3.5066666666666664,2523.6000000000004,0.0,65.13351851851851,43.5,22.0,6.81,11722.4333,3643.0475,5.93040667763792,1.9359184951218298,0.3869730763596857
San Luis Obispo,2010-10-01,1.7225,72.84038978494624,3.3801075268817207,2377.4,0.0,62.80897177419354,41.0,23.0,3.36,12942.377,2042.9109,14.08471585939006,2.71368203646346,0.7777635413416304
San Luis Obispo,2010-11-01,1.5074999999999998,66.87757352941176,3.660968137254902,2270.325,0.25,56.67446078431372,54.0,21.0,156.0,3870.5501,835.798,9.636910851161618,2.3643301082211154,-0.34935192824234473
San Luis Obispo,2010-12-01,7.23,78.35483870967742,3.7225806451612895,2077.575,0.25,54.34946236559139,47.0,14.0,0.0,1724.6122,146.5529,5.93040667763792,1.9359184951218298,-0.42841161309928566
San Luis Obispo,2011-01-01,1.7525,66.65255376344086,3.6877016129032256,2476.1,0.0,51.71411290322581,55.0,25.0,2.0,2422.9671,3000.5952,3.320567595687689,1.4633867815160548,-0.47253171360577495
San Luis Obispo,2011-02-01,3.4675,67.02678571428572,4.167857142857143,2800.9,0.0,51.5125,53.0,23.0,0.1,4231.1824,1508.633,1.1068558652292295,0.7451967249022842,-0.7181900566137707
San Luis Obispo,2011-03-01,5.745,76.16935483870967,4.07983870967742,3036.2,0.0,54.799032258064514,54.0,21.0,0.0,11888.1672,1671.3514,2.2137117304584595,1.167426571462793,0.42222984656050877
San Luis Obispo,2011-04-01,0.3374999999999999,70.10833333333333,3.4691666666666667,2501.225,0.0,59.72416666666667,66.5,46.0,0.0,20147.4308,9663.8889,2.582663685534869,1.2761065699862224,0.10867999852342947
San Luis Obispo,2011-05-01,1.07,70.29032258064517,3.9612903225806457,2943.6,0.0,62.08467741935484,64.0,44.0,1216.06,22336.6673,31748.1181,1.8447597753820493,1.045478626537696,-0.23062794344852633
San Luis Obispo,2011-06-01,1.2325,76.34166666666667,3.96,2850.575,0.0,65.9389880952381,52.5,26.0,33.78,21622.1134,89886.6141,4.79637541599333,1.7572327939262955,0.7117541673885994
San Luis Obispo,2011-07-01,0.4225,74.62096774193549,3.7524193548387097,2789.95,0.0,69.04758064516129,53.0,22.0,311.79,29115.9168,169766.0055,9.223798876910248,2.324718225777981,0.5674854318516855
San Luis Obispo,2011-08-01,0.2275,75.79838709677419,3.645967741935484,2711.2,0.0,68.06370967741935,51.0,19.0,301.62,23208.0867,153852.3594,3.689519550764099,1.545330136009045,-0.779388089768936
San Luis Obispo,2011-09-01,0.3525,74.975,3.3375000000000004,2400.575,0.0,66.795,54.0,25.0,56.55,11199.4998,40215.3798,6.641135191375379,2.0335461773992902,0.4882160413902452
San Luis Obispo,2011-10-01,1.1825,70.54699666295883,3.414321468298109,2500.375,0.0,63.77711345939934,54.0,28.0,3.98,10206.4064,6443.6593,10.330654742139478,2.427511861732057,0.3939656843327666
San Luis Obispo,2011-11-01,2.295,70.89166666666667,3.450833333333333,2486.525,0.0,56.07666666666667,48.5,21.5,63.11,2863.4904,1044.2389,9.59275083198666,2.360169883387998,-0.06734197834405897
San Luis Obispo,2011-12-01,0.1675,61.846774193548384,3.4661290322580647,2579.775,0.25,50.19093437152392,68.0,31.0,9.02,1377.8346,459.3938,8.11694301168102,2.210134551807867,-0.15003533158013083
San Luis Obispo,2012-01-01,2.5225,63.13554590570719,3.559460297766749,2540.575,0.0,50.567879298121234,56.0,33.0,28.59,1819.6941,1935.8267,8.389843182887638,2.2396285926427666,0.029494040834899593
San Luis Obispo,2012-02-01,0.52,64.7844827586207,3.9146551724137937,2723.275,0.0,52.53103448275862,52.0,31.0,8.2,2962.591,4558.1235,4.377309486723985,1.6821881536798164,-0.5574404389629501
San Luis Obispo,2012-03-01,1.985,70.39516129032259,3.4016129032258062,2533.675,0.0,54.0008064516129,34.0,17.0,4.8500000000000005,8437.0757,2347.7635,4.377309486723985,1.6821881536798164,0.0
San Luis Obispo,2012-04-01,2.12,70.07011494252873,3.2816954022988507,2337.675,0.0,58.65431034482759,51.0,28.0,0.25,19770.9631,7872.6239,4.012533696163653,1.6119415150367562,-0.07024663864306024
San Luis Obispo,2012-05-01,0.405,69.95161290322581,3.564516129032258,2652.225,0.0,63.07983870967742,61.0,38.0,6.13,35001.3663,79484.2575,1.8238789528016603,1.0381114549735306,-0.5738300600632256
San Luis Obispo,2012-06-01,0.315,69.425,3.6833333333333336,2648.875,0.0,65.43666666666667,56.0,30.5,49.900000000000006,26312.7572,184612.2492,1.0943273716809965,0.7392324381853812,-0.29887901678814943
San Luis Obispo,2012-07-01,0.3175,73.28948832035596,3.052419354838709,2270.975,0.0,67.58717677931388,44.0,19.0,2602.97,34892.2666,151785.8634,2.5534305339223247,1.2679134844578344,0.5286810462724532
San Luis Obispo,2012-08-01,0.09,68.60483870967742,3.537903225806452,2634.3,0.0,70.20725806451613,36.0,21.0,79.25,17466.9631,145135.8683,2.5534305339223247,1.2679134844578344,0.0
San Luis Obispo,2012-09-01,0.02,72.475,3.2205434782608693,2148.0,0.0,69.16311594202898,46.0,24.5,23.35,9430.3058,21848.2592,2.918206324482657,1.3656339788001068,0.09772049434227248
San Luis Obispo,2012-10-01,0.5150000000000001,67.35483870967741,3.581451612903226,2667.9,0.25,66.57524193548387,41.0,26.0,3.0,6447.1434,10290.6246,2.5534305339223247,1.2679134844578344,-0.09772049434227248
San Luis Obispo,2012-11-01,1.185,67.2,3.7633333333333328,2705.65,0.0,59.09444444444444,44.5,22.5,23.4,2748.192,1881.7438,2.5534305339223247,1.2679134844578344,0.0
San Luis Obispo,2012-12-01,3.2975,76.28225806451613,3.479838709677419,2585.425,0.0,53.95063667232598,37.0,13.0,0.0,2177.2862,1308.0961,2.1886547433619925,1.1595991173070246,-0.10831436715080978
San Luis Obispo,2013-01-01,0.97,63.44354838709677,3.418548387096774,2542.7,0.0,49.38802270011947,58.0,23.0,0.0,1504.4423,2353.1228,2.17654698076658,1.1557947517194638,-0.0038043655875608096
San Luis Obispo,2013-02-01,0.5725,69.21428571428572,3.365178571428572,2263.7,0.0,50.88660714285714,56.5,30.0,4.0,2864.5131,7249.4233,2.17654698076658,1.1557947517194638,0.0
San Luis Obispo,2013-03-01,0.625,70.19354838709677,3.603225806451613,2679.95,0.0,55.84112903225807,45.0,24.0,2.4,13012.6196,10288.2908,1.8137891506388164,1.034532027185121,-0.12126272453434273
San Luis Obispo,2013-04-01,0.37,69.865,3.9033333333333338,2813.1,0.0,59.88166666666667,56.5,39.5,12.1,27148.509,17576.7324,2.17654698076658,1.1557947517194638,0.12126272453434273
San Luis Obispo,2013-05-01,0.465,67.32258064516128,4.161290322580646,3095.625,0.0,63.89919354838709,67.0,56.0,30.05,28665.8191,38203.5644,2.17654698076658,1.1557947517194638,0.0
San Luis Obispo,2013-06-01,0.185,69.29281609195402,3.8821264367816086,2773.075,0.0,67.35686781609195,42.5,24.5,119.9,27050.4215,38385.1501,1.4510313205110532,0.8965088831306094,-0.2592858685888544
San Luis Obispo,2013-07-01,0.1625,75.18621700879766,3.671774193548387,2734.15,0.0,70.28306451612903,42.0,24.0,1.85,26722.5348,68766.1597,0.3627578301277633,0.3095104627742276,-0.5869984203563818
San Luis Obispo,2013-08-01,0.13,75.12625139043382,3.537903225806452,2630.925,0.0,69.27177419354838,52.0,20.0,50.05,16194.0725,35212.3429,0.3627578301277633,0.3095104627742276,0.0
San Luis Obispo,2013-09-01,0.13,67.8528735632184,3.599166666666666,2586.8,0.0,67.97833333333332,59.5,40.0,1.82,7909.4662,9680.0377,1.4510313205110532,0.8965088831306094,0.5869984203563818
San Luis Obispo,2013-10-01,0.2525,67.82862903225806,3.335483870967742,2478.6,0.0,61.61693548387097,62.0,35.0,0.55,6599.4967,2130.7461,2.9020626410221064,1.3615052956400036,0.46499641250939416
San Luis Obispo,2013-11-01,0.2174999999999999,69.68666666666667,3.0891666666666664,2221.45,0.0,56.66833333333334,60.0,39.0,0.55,3867.0599,5651.7965,0.7255156602555266,0.5455259392930769,-0.8159793563469266
San Luis Obispo,2013-12-01,0.245,48.76827956989247,3.603225806451613,2683.75,0.0,50.47096774193548,67.0,37.0,7.2,2490.1577,882.1177,1.4510313205110532,0.8965088831306094,0.3509829438375325
San Luis Obispo,2014-01-01,0.035,53.60483870967742,3.318548387096774,2467.325,0.25,51.97258064516129,70.0,50.0,3.75,2818.1365,2647.3806,0.718881420509687,0.5416737423516099,-0.35483514077899947
San Luis Obispo,2014-02-01,3.46,71.70535714285714,4.007142857142857,2693.3,0.25,54.54017857142857,55.5,23.5,3.9,7421.1933,1910.2815,1.437762841019374,0.8910807502894664,0.3494070079378565
San Luis Obispo,2014-03-01,1.6649999999999998,68.94086021505376,3.817741935483871,2837.775,0.25,57.899827188940094,61.0,32.0,190.0,17196.9641,9913.1288,0.718881420509687,0.5416737423516099,-0.3494070079378565
San Luis Obispo,2014-04-01,0.3775,70.06920289855071,3.840208333333333,2594.525,0.0,60.70695652173913,61.0,35.0,65.02,27712.2163,15202.7413,1.437762841019374,0.8910807502894664,0.3494070079378565
San Luis Obispo,2014-05-01,0.1675,61.153225806451616,4.02983870967742,2994.8,0.0,63.721774193548384,68.0,47.0,2.97,20408.2958,24609.4075,0.718881420509687,0.5416737423516099,-0.3494070079378565
San Luis Obispo,2014-06-01,0.3,73.94722222222222,3.8333333333333335,2758.675,0.0,67.45,62.0,31.0,9.32,23381.9106,21403.4945,1.437762841019374,0.8910807502894664,0.3494070079378565
San Luis Obispo,2014-07-01,0.1725,74.9399641577061,3.56774193548387,2654.6,0.0,70.90241935483871,48.0,18.0,103.45,17873.4105,34765.799,0.718881420509687,0.5416737423516099,-0.3494070079378565
San Luis Obispo,2014-08-01,0.1175,72.50967741935483,3.5,2605.2,0.0,71.0008064516129,48.0,19.0,6.9,10476.5556,30660.9632,0.718881420509687,0.5416737423516099,0.0
San Luis Obispo,2014-09-01,0.145,75.30833333333334,3.4066666666666663,2454.3,0.0,69.69416666666666,52.0,28.0,0.65,11991.0606,38434.6473,1.0783221307645303,0.731560900279931,0.18988715792832112
San Luis Obispo,2014-10-01,0.8325,61.9728494623656,3.121774193548388,2324.4,0.0,66.0508064516129,55.0,43.0,1.37,5963.2952,16296.7754,0.3594407102548435,0.3070733727049161,-0.42448752757501496
San Luis Obispo,2014-11-01,0.4525,67.82499999999999,3.205,2304.0,0.0,59.9225,54.0,26.0,0.0,2998.1143,1709.4801,0.3594407102548435,0.3070733727049161,0.0
San Luis Obispo,2014-12-01,4.782500000000001,77.33426028921023,3.8013070077864297,2791.725,0.25,56.485233592880974,47.0,18.0,0.0,2860.9781,3801.6214,0.0,0.0,-0.3070733727049161
San Luis Obispo,2015-01-01,0.2625,66.77419354838709,3.204032258064516,2381.825,0.0,53.15887096774193,60.0,29.0,0.1,4710.8017,4490.6185,1.7853189650863024,1.0243623964751958,1.0243623964751958
San Luis Obispo,2015-02-01,1.23,76.34546703296704,3.413392857142857,2291.7,0.0,56.93125,57.0,25.5,1.0,9221.1896,4521.2174,0.0,0.0,-1.0243623964751958
San Luis Obispo,2015-03-01,0.2275,66.67043010752688,3.634677419354839,2703.975,0.0,58.94838709677419,60.0,30.0,3.22,16026.844,10114.3299,0.7141275860345209,0.5389042549983172,0.5389042549983172
San Luis Obispo,2015-04-01,0.775,64.70833333333333,3.940833333333333,2835.775,0.0,60.516666666666666,57.0,33.5,14.72,37291.6265,25305.9941,1.7853189650863024,1.0243623964751958,0.4854581414768786
San Luis Obispo,2015-05-01,0.275,76.33870967741936,3.928225806451613,2923.0,0.0,63.42338709677419,54.0,28.0,75.02,26250.8151,25687.089,1.0711913790517813,0.7281239871501695,-0.2962384093250263
San Luis Obispo,2015-06-01,0.4049999999999999,73.63796296296296,3.674166666666667,2646.1000000000004,0.0,67.81416666666667,45.5,25.5,4.41,25556.7999,35511.1753,2.1423827581035626,1.1449813523069112,0.41685736515674177
San Luis Obispo,2015-07-01,1.2975,76.69242610837438,3.702419354838709,2757.875,0.0,71.33951612903226,45.0,21.0,11.11,31389.1413,28299.6369,0.0,0.0,-1.1449813523069112
San Luis Obispo,2015-08-01,0.33,73.76751946607342,3.5266129032258062,2624.5,0.0,71.73790322580645,55.0,34.0,3.59,11991.1186,35312.6213,1.4282551720690415,0.8871729632554284,0.8871729632554284
San Luis Obispo,2015-09-01,0.2625,64.79163473818646,3.3583333333333334,2419.45,0.0,69.80083333333334,45.0,35.5,1089.47,9086.9031,26336.9303,3.927701723189865,1.5948726974492804,0.707699734193852
San Luis Obispo,2015-10-01,0.3925,70.57069892473118,3.316935483870968,2469.55,0.0,67.09354838709677,53.0,35.0,1.46,8671.6182,5070.1153,2.8565103441380835,1.3497627186489403,-0.24510997880034013
San Luis Obispo,2015-11-01,1.245,61.91666666666666,3.900833333333333,2808.9,0.25,58.06999999999999,55.0,24.0,1.0,3723.9946,3805.5138,3.213574137155344,1.4383112512232992,0.0885485325743589
San Luis Obispo,2015-12-01,1.85,68.94354838709677,3.612903225806452,2688.225,0.0,52.52688172043011,55.0,20.0,0.0,2860.7011,5101.2266,4.284765516207125,1.6648282505436214,0.2265169993203222
San Luis Obispo,2016-01-01,4.0775,81.54838709677419,3.295967741935484,2451.125,0.0,52.10909090909091,51.0,19.0,0.0,4275.1505,4416.4866,1.774345798704018,1.020414971190651,-0.6444132793529704
San Luis Obispo,2016-02-01,1.0575,62.85057471264368,3.963793103448276,2757.775,0.25,53.33965517241379,53.0,25.0,2.0,6000.2107,7937.7361,2.8389532779264286,1.3451997455685731,0.3247847743779222
San Luis Obispo,2016-03-01,3.77,77.12903225806451,3.790322580645161,2819.6,0.25,55.86935483870968,39.0,23.0,1.0,17346.6054,7144.1709,3.193822437667232,1.4336125943558315,0.08841284878725841
San Luis Obispo,2016-04-01,0.58,69.32672413793104,3.5791666666666666,2576.25,0.0,60.99666666666667,50.5,39.5,1.03,33054.3243,15967.3156,3.548691597408036,1.5148396306000413,0.0812270362442098
San Luis Obispo,2016-05-01,0.3125,78.4758064516129,3.596774193548387,2676.2,0.0,64.19795506912442,37.0,23.0,3937.58,28426.8004,24426.4529,1.774345798704018,1.020414971190651,-0.4944246594093904
San Luis Obispo,2016-06-01,0.1924999999999999,66.85948275862069,3.5791666666666666,2576.975,0.0,68.28333333333333,54.5,39.0,353.27,26755.1722,28818.0375,4.96816823637125,1.7864400522446275,0.7660250810539766
San Luis Obispo,2016-07-01,0.1575,70.7741935483871,3.29758064516129,2455.85,0.0,69.66129032258064,39.0,26.0,132242.63999999998,31958.9037,31447.1417,6.032775715593661,1.9505814665278345,0.16414141428320694
San Luis Obispo,2016-08-01,0.2725,75.65322580645162,3.1870967741935483,2371.075,0.0,69.4758064516129,54.0,31.0,64.68,13074.0813,21710.5943,14.904504709113748,2.7666023841386593,0.8160209176108248
San Luis Obispo,2016-09-01,0.1925,66.10833333333333,3.191666666666667,2299.05,0.0,67.33916666666667,52.0,33.0,12.62,11522.2775,22149.1328,11.00094395196491,2.484985309357998,-0.28161707478066145
San Luis Obispo,2016-10-01,2.22,68.225,3.4798387096774195,2487.825,0.25,63.89193548387097,34.0,26.0,5.39,8044.6045,8842.2333,18.453196306521782,2.9680113910885577,0.48302608173055983
San Luis Obispo,2016-11-01,1.7325,72.725,2.9675,2136.0,0.0,59.25,45.0,25.5,0.02,4653.2038,7308.6461,16.323981348076963,2.852091746699582,-0.11591964438897584
San Luis Obispo,2016-12-01,2.1525000000000003,73.16811414392059,3.336724565756824,2205.7,0.5,53.48691066997519,50.0,19.0,8.11,2084.9329,4800.0241,7.097383194816072,2.091540947114118,-0.7605507995854639
San Luis Obispo,2017-01-01,8.78,76.90683912861331,3.6625654587348135,2506.95,0.25,51.56385106828655,44.0,18.0,0.0,3513.4547,5845.5564,3.895625566636446,1.5883420648827926,-0.5031988822313254
San Luis Obispo,2017-02-01,5.035,82.31239824989825,3.7845238095238094,2183.2,0.25,54.557226190476186,35.0,15.0,0.1,4502.2312,4503.5516,2.47903445149592,1.2467547988215266,-0.341587266061266
San Luis Obispo,2017-03-01,1.4675,69.05833333333334,4.091612903225807,2615.2,0.0,57.16543010752688,34.0,27.0,0.0,11340.1009,8586.8189,4.249773345421578,1.65818490337093,0.4114301045494033
San Luis Obispo,2017-04-01,1.19,67.82222222222222,3.765555555555556,2032.85,0.0,59.782222222222224,60.0,44.0,13.12,25341.9231,13811.5665,4.603921124206709,1.7234665534661273,0.06528165009519737
San Luis Obispo,2017-05-01,0.7050000000000001,74.42684331797236,3.778571428571429,2722.7,0.0,63.52957949308755,56.0,33.0,87.14,36029.3595,18110.8766,2.833182230281052,1.343695327736626,-0.3797712257295014
San Luis Obispo,2017-06-01,0.1725,71.56666666666666,3.825,2755.825,0.0,68.05333333333333,57.5,37.5,80.49,34257.5457,37628.9979,6.020512239347235,1.9488361839436255,0.6051408562069995
San Luis Obispo,2017-07-01,0.175,70.73602150537634,3.3266129032258065,2474.425,0.0,70.31048387096774,54.0,23.0,50533.86,27734.2209,62975.0469,9.561990027198547,2.3572617100690474,0.40842552612542193
San Luis Obispo,2017-08-01,0.1925,75.509390063033,3.263709677419355,2427.2,0.0,70.34193548387097,55.0,24.0,138.02,17071.0288,32920.1269,10.978581142339076,2.4831201501423,0.12585844007325253
San Luis Obispo,2017-09-01,0.2525,66.91264090177134,3.310833333333333,2384.0,0.0,69.45333333333333,57.5,41.5,99.46,9974.7639,29452.7367,10.978581142339076,2.4831201501423,0.0
San Luis Obispo,2017-10-01,0.1725,54.04171301446051,3.509677419354839,2612.625,0.25,63.72741935483872,59.0,50.0,1.64,5461.6945,11068.9341,34.35233454215775,3.565364430958526,1.082244280816226
San Luis Obispo,2017-11-01,0.2625,67.85008210180624,3.2367857142857144,2227.425,0.75,60.30940476190476,48.0,26.5,0.1699999999999999,3842.1444,3508.2796,31.16500453309157,3.4708790457953826,-0.09448538516314331
San Luis Obispo,2017-12-01,0.15,46.89516129032258,3.274193548387097,2436.025,0.25,53.03387096774193,66.0,51.0,1.05,1493.399,2880.9166,34.35233454215775,3.565364430958526,0.09448538516314331
San Luis Obispo,2018-01-01,2.09,69.41242319508449,3.3204032258064515,2302.05,0.25,54.64588709677419,47.0,22.0,0.1,4307.109,3694.0803,24.37043054427295,3.233584344073141,-0.33178008688538485
San Luis Obispo,2018-02-01,0.225,59.28257275132275,3.725000000000001,2507.8,0.0,54.28303571428572,55.0,28.0,16.06,6634.4457,5539.5414,7.063892911383464,2.0873964314024747,-1.1461879126706664
San Luis Obispo,2018-03-01,5.2175,76.78360215053763,3.574955197132617,2416.4,0.5,54.884408602150536,19.0,12.0,0.1,9871.6628,2392.3567,9.88945007593685,2.387794437592374,0.3003980061898992
San Luis Obispo,2018-04-01,0.605,73.91529304029304,4.064358974358974,2557.75,0.0,60.55897435897436,50.5,40.5,51.52,23558.488,5940.6508,7.417087556952636,2.1302638725696124,-0.2575305650227615
San Luis Obispo,2018-05-01,0.1925,78.60777649769585,3.511943164362519,2428.0,0.0,64.06721774193548,47.0,38.0,11.36,35445.7467,9690.3966,6.004308974675944,1.9465255274820128,-0.18373834508759956
San Luis Obispo,2018-06-01,0.2024999999999999,71.72166666666666,3.33,2396.575,0.0,67.52250000000001,49.0,39.0,361.42,24684.4716,25386.7071,5.2979196835375975,1.8402193699042169,-0.10630615757779593
San Luis Obispo,2018-07-01,0.2675,72.64227614015573,3.2806451612903227,2440.475,0.0,70.9733870967742,43.0,29.0,4.35,21433.7934,28038.009,6.71069826581429,2.0426087497278376,0.2023893798236207
San Luis Obispo,2018-08-01,0.2575,71.59102999434069,3.195161290322581,2378.525,0.0,71.38064516129032,58.0,38.0,705.04,13358.6779,49214.5691,11.302228658213542,2.509780437689812,0.4671716879619745
San Luis Obispo,2018-09-01,0.1675,74.065,3.141666666666667,2263.35,0.0,68.24833333333333,52.5,35.0,474.11,9963.1145,15607.7212,10.24264472150602,2.4197141122955514,-0.09006632539426063
San Luis Obispo,2018-10-01,0.3249999999999999,66.51612903225806,3.3161290322580643,2467.525,0.0,64.6241935483871,51.0,35.0,170.12,7638.9195,6405.0136,10.595839367075197,2.4506463585208276,0.030932246225276128
San Luis Obispo,2018-11-01,2.225,60.49166666666667,3.44,2472.475,0.25,59.344166666666666,50.0,42.5,7.49,2967.7572,2434.0153,13.774591177197754,2.69290889300733,0.24226253448650237
San Luis Obispo,2018-12-01,0.7050000000000001,70.80645161290323,3.7225806451612895,2767.1,0.0,54.379838709677415,49.0,16.0,0.0,2090.5494,4273.5506,9.536255430367676,2.3548222077279437,-0.33808668527938623
San Luis Obispo,2019-01-01,4.109999999999999,75.10483870967742,3.7983870967741935,2829.3,0.0,52.97096774193548,41.0,15.0,3.6,3087.9526,2433.8453,8.492749315272087,2.2505282772268576,-0.10429393050108615
San Luis Obispo,2019-02-01,4.705,76.32142857142857,4.375,2936.9,1.0,51.42321428571429,26.0,13.5,0.0,5593.2219,1518.1659,2.830916438424029,1.343104053531797,-0.9074242236950605
San Luis Obispo,2019-03-01,3.24,73.7741935483871,3.80483870967742,2830.8,0.0,55.02258064516129,27.0,19.0,0.1,9157.3099,2764.739,3.892510102833039,1.5877054852492813,0.24460143171748427
San Luis Obispo,2019-04-01,0.305,76.50833333333333,3.4466666666666668,2479.4,0.0,60.785,41.0,25.5,54.56,20023.313,7691.9531,5.661832876848058,1.8963946534238136,0.3086891681745323
San Luis Obispo,2019-05-01,1.02,78.48387096774194,3.5338709677419358,2631.125,0.0,63.00806451612903,36.0,18.0,33.07,35328.9179,12698.2913,3.538645548030036,1.5126286301034717,-0.38376602332034193
San Luis Obispo,2019-06-01,0.0075,75.76410256410256,3.3291666666666666,2396.775,0.0,67.69666666666666,33.5,22.0,2726.3300000000004,37284.627,19690.7057,4.246374657636044,1.6575372966673418,0.14490866656387014
San Luis Obispo,2019-07-01,0.01,73.18548387096774,3.4145161290322577,2542.15,0.0,69.85967741935484,39.0,19.0,626.55,31518.6872,41969.7136,7.785020205666078,2.1730480216553203,0.5155107249879785
San Luis Obispo,2019-08-01,0.025,75.03091397849462,3.178225806451613,2360.7,0.0,70.7733870967742,32.0,21.0,25.36,17222.851,40800.7161,7.785020205666078,2.1730480216553203,0.0
San Luis Obispo,2019-09-01,0.0125,65.68988095238095,3.285,2365.85,0.0,69.34916666666668,51.0,34.0,268.48,8891.1511,21295.856,10.262072089287106,2.421440627920722,0.24839260626540183
San Luis Obispo,2019-10-01,0.0,50.476612903225806,3.304838709677419,2456.975,0.0,63.45806451612904,52.0,48.0,94.6,6284.2795,6692.9723,15.570040411332156,2.8075962702606128,0.38615564233989064
San Luis Obispo,2019-11-01,1.6275,66.725,2.9691666666666667,2139.475,0.0,58.745000000000005,53.0,38.5,2.12,3409.9841,1252.4573,14.86231130172615,2.7639459370974815,-0.04365033316313127
San Luis Obispo,2019-12-01,2.3675,76.70161290322581,3.2120967741935487,2390.95,0.0,53.83387096774194,33.0,14.0,2.87,3206.0345,2975.0068,9.9082075344841,2.3895154906993175,-0.37443044639816403
San Luis Obispo,2020-01-01,0.285,72.5,3.421774193548387,2546.0,0.0,51.65241935483871,37.0,18.0,0.0,5416.7492,2790.9892,6.373215499660096,1.9978539067995684,-0.39166158389974903
San Luis Obispo,2020-02-01,0.0775,62.07758620689655,3.186206896551724,2221.025,0.0,53.07931034482759,49.0,28.0,0.0,5742.6722,4267.2875,5.3110129163834126,1.8422961892460883,-0.15555771755348013
San Luis Obispo,2020-03-01,2.1950000000000003,76.33064516129032,3.3629032258064515,2503.175,0.0,55.46774193548387,28.0,13.0,0.0,8571.5886,5357.4906,6.0191479719012015,1.9486418391475548,0.10634564990146655
San Luis Obispo,2020-04-01,0.7150000000000001,74.23333333333333,3.5733333333333333,2570.9,0.0,59.16,41.0,23.0,0.0,14793.7277,13238.7149,4.602877860865624,1.7232803694638106,-0.22536146968374426
San Luis Obispo,2020-05-01,0.485,68.69382647385984,3.5911290322580647,2671.35,0.0,65.69516129032257,56.0,39.0,0.0,28604.5108,31993.8771,7.081350555177884,2.089559006483402,0.3662786370195916
San Luis Obispo,2020-06-01,0.1875,69.7259236453202,3.4266666666666667,2465.95,0.0,68.83083333333335,49.5,24.5,0.0,33674.8202,23893.9273,2.8325402220711533,1.3435278267044948,-0.7460311797789074
San Luis Obispo,2020-07-01,0.1125,73.06451612903226,3.178225806451613,2364.9,0.0,70.61451612903225,34.0,19.0,0.4,31998.4975,41328.55,4.2488103331067295,1.6580014477073781,0.31447362100288334
San Luis Obispo,2020-08-01,0.26,71.46274370026525,2.95,2194.85,0.0,71.75322580645161,55.0,22.0,0.1,15319.9155,44144.2637,3.540675277588942,1.513075740549661,-0.14492570715771702
San Luis Obispo,2020-09-01,0.265,71.4245670995671,2.5758333333333336,1855.95,0.0,69.39083333333333,59.5,49.0,0.0,9594.2873,25904.6047,2.8325402220711533,1.3435278267044948,-0.16954791384516632
San Luis Obispo,2020-10-01,0.135,63.57200460829493,2.614516129032258,1942.975,0.0,67.19354838709677,56.0,47.0,0.0,25045.2581,9775.04,5.3110129163834126,1.8422961892460883,0.4987683625415935
San Luis Obispo,2020-11-01,0.4649999999999999,59.297413793103445,3.2075,2310.0,0.25,58.994166666666665,53.0,23.0,0.0,3632.4681,4794.2023,6.373215499660096,1.9978539067995684,0.15555771755348013
San Luis Obispo,2020-12-01,1.23,60.36290322580645,3.0943548387096773,2301.7,0.5,54.49141935483871,53.0,23.0,0.0,2554.7381,3488.6638,8.851688193972354,2.287642830749367,0.2897889239497986
San Luis Obispo,2021-01-01,2.8125,65.58704115684094,3.7193548387096778,2768.25,0.75,54.819018817204295,49.0,22.0,0.0,2991.9133,1935.1022,5.747126436781609,1.9091167011735126,-0.3785261295758544
San Luis Obispo,2021-02-01,0.36,62.83928571428572,3.382142857142857,2272.5,0.0,55.52738095238095,45.0,23.5,0.0,7539.1987,3198.4737,8.620689655172413,2.2639159518348917,0.3547992506613791
San Luis Obispo,2021-03-01,1.15,69.95967741935485,3.075806451612903,2291.125,0.0,57.13716397849463,44.0,26.0,0.0,9108.3753,3424.2151,3.951149425287356,1.5996197567534551,-0.6642961950814366
San Luis Obispo,2021-04-01,0.005,73.80833333333334,3.1833333333333336,2292.55,0.0,59.56,55.5,34.5,4.180000000000001,16523.4279,10731.6035,4.669540229885057,1.7351080262481409,0.13548826949468573
San Luis Obispo,2021-05-01,0.0075,72.83870967741936,3.4064516129032256,2533.0,0.0,63.91182795698925,54.0,32.0,1202.06,22797.5508,14471.837,6.82471264367816,2.0572870128992853,0.3221789866511444
San Luis Obispo,2021-06-01,0.01,70.68706896551724,3.6125,2598.925,0.0,68.76555555555554,41.5,22.0,39.0,27044.9171,19712.8609,3.2327586206896552,1.4428539366881559,-0.6144330762111294
San Luis Obispo,2021-07-01,0.03,73.48763440860215,3.007258064516129,2241.3,0.0,71.92903225806451,36.0,19.0,7.88,20263.2578,41573.3222,4.669540229885057,1.7351080262481409,0.292254089559985
San Luis Obispo,2021-08-01,0.0925,74.93548387096774,2.8685483870967743,2130.475,0.0,71.87741935483871,46.0,25.0,3.63,13472.4065,25295.2114,5.028735632183908,1.796537309181768,0.06142928293362715
San Luis Obispo,2021-09-01,0.1325,73.05,2.7633333333333336,1989.2,0.0,70.41888888888889,48.0,32.0,1.32,10887.5798,9214.6819,3.2327586206896552,1.4428539366881559,-0.35368337249361215
San Luis Obispo,2021-10-01,1.875,64.85483870967741,3.067741935483871,2284.2,0.0,64.31290322580645,43.0,28.0,8.75,7991.3244,5775.5322,5.387931034482759,1.8544104341897223,0.4115564975015664
San Luis Obispo,2021-11-01,0.25,62.13333333333333,3.255833333333334,2344.825,0.5,60.98888888888889,51.5,19.5,2.11,3344.5131,2348.6647,4.310344827586206,1.669656772427155,-0.18475366176256736
San Luis Obispo,2021-12-01,5.615,80.67741935483872,2.869354838709677,2135.825,0.25,55.75432551319648,43.0,13.0,0.0,4526.2767,2055.9689,6.465517241379311,2.0102947174560706,0.34063794502891565
San Luis Obispo,2022-01-01,0.065,66.32258064516128,2.757258064516129,2051.625,0.0,54.43963133640553,59.0,26.0,688.0,4660.451,1464.0046,4.301537799763416,1.6679969293712025,-0.3422977880848681
San Luis Obispo,2022-02-01,0.0225,55.23214285714286,3.058928571428571,2058.0,0.0,54.79384920634921,55.5,31.0,36.0,4075.4007,3188.4884,1.79230741656809,1.0268682850595436,-0.6411286443116588
San Luis Obispo,2022-03-01,0.752,67.66036866359448,3.5576958525345623,2215.04,0.0,57.04222350230415,53.0,35.0,248.0,8830.1846,2928.72,5.018460766390652,1.794831539981255,0.7679632549217115
San Luis Obispo,2022-04-01,0.258,65.77333333333334,4.028666666666667,2899.96,0.8,60.83166666666666,55.5,42.5,229671.0,12641.3796,7977.2813,5.376922249704269,1.8526855749590225,0.05785403497776742
San Luis Obispo,2022-05-01,0.042,62.19354838709678,4.226451612903226,3141.98,0.6,65.23548387096774,63.0,48.0,894.0,29015.0464,14875.0588,3.9430763164497975,1.5979878735035937,-0.2546977014554288
San Luis Obispo,2022-06-01,0.042,60.227717569786535,3.918,2821.44,0.0,70.12951149425288,57.0,31.5,4577.0,26441.8155,18187.1781,3.58461483313618,1.5227060963206718,-0.07528177718292195
San Luis Obispo,2022-07-01,0.136,68.20645161290322,3.50258064516129,2604.12,0.0,71.75645161290322,28.0,20.0,594.0,22403.7435,29296.8585,5.735383733017887,1.9073747841884632,0.3846686878677914
San Luis Obispo,2022-08-01,0.1716666666666666,64.37903225806451,4.012754912866147,2947.5166666666664,0.0,72.56042379539876,26.0,21.0,301.0,17811.6272,10781.5629,4.659999283077034,1.7334237655502485,-0.17395101863821472
San Luis Obispo,2022-09-01,0.9633333333333334,64.3752733686067,3.794444444444444,2730.1666666666665,0.0,70.64505747126437,52.0,28.5,127.0,11355.2743,3443.1287,3.9430763164497975,1.5979878735035937,-0.13543589204665474
San Luis Obispo,2022-10-01,0.0383333333333333,67.6989247311828,3.324193548387097,2474.6666666666665,0.0,64.65967741935485,44.0,28.0,76.0,10651.6875,7590.3416,5.735383733017887,1.9073747841884632,0.30938691068486945
San Luis Obispo,2022-11-01,1.038333333333333,61.74444444444444,3.745,2698.883333333333,0.0,54.31055555555556,51.5,24.0,13.0,2839.4982,1390.9731,3.9430763164497975,1.5979878735035937,-0.30938691068486945
San Luis Obispo,2022-12-01,7.113333333333333,82.92098010134718,3.536021505376344,2632.1,0.6666666666666666,51.534408602150535,34.0,13.0,3.0,955.8062,1616.9336,3.58461483313618,1.5227060963206718,-0.07528177718292195
San Luis Obispo,2023-01-01,8.711666666666668,81.12007168458781,4.032795698924731,2999.566666666667,0.6666666666666666,50.91182795698924,35.0,18.0,0.0,1634.8212,1167.0291,4.6676121573344345,1.7347678927642893,0.21206179644361756
San Luis Obispo,2023-02-01,3.803333333333333,71.69642857142857,3.997619047619048,2684.0333333333333,0.0,49.1202380952381,41.5,21.5,2.0,5273.9803,716.8994,3.231423801231532,1.4425385324582727,-0.29222936030601665
San Luis Obispo,2023-03-01,6.62,80.9731182795699,4.217741935483871,3139.333333333333,0.3333333333333333,52.45591397849463,28.0,13.0,1.0,4522.7261,1275.8172,2.1542825341543543,1.1487610641592543,-0.2937774682990184
San Luis Obispo,2023-04-01,0.005,71.57222222222222,4.105,2956.316666666667,0.5,58.25833333333333,52.5,30.5,38.0,12541.8571,2949.7647,2.872376712205806,1.353868456057298,0.20510739189804372
San Luis Obispo,2023-05-01,0.3266666666666667,75.78494623655914,4.10752688172043,3054.5,0.0,64.0494623655914,17.0,15.0,717.0,31481.3872,13144.8571,2.51332962318008,1.2565641984236988,-0.09730425763359918
San Luis Obispo,2023-06-01,0.1083333333333333,75.0111111111111,4.066666666666666,2929.116666666667,0.0,66.97722222222222,20.0,16.0,1730.0,33173.0705,14923.6119,2.1542825341543543,1.1487610641592543,-0.10780313426444454
San Luis Obispo,2023-07-01,0.0,62.22043010752688,3.746774193548387,2788.116666666667,0.0,72.08924731182796,28.0,23.0,3651.0,25861.3548,34458.9249,2.51332962318008,1.2565641984236988,0.10780313426444454
San Luis Obispo,2023-08-01,0.06,68.415770609319,3.685483870967742,2740.866666666667,0.0,72.1483870967742,33.0,20.0,42114.0,27435.9167,34029.149,4.6676121573344345,1.7347678927642893,0.4782036943405905
San Luis Obispo,2023-09-01,0.085,74.69444444444444,3.245,2334.4166666666665,0.0,68.94500000000001,49.0,22.5,294.0,17750.6469,6856.8872,3.590470890257257,1.523982609280402,-0.21078528348388725
San Luis Obispo,2023-10-01,0.0916666666666666,63.38046594982078,3.1166666666666667,2320.4500000000003,0.0,64.40860215053763,42.0,31.0,393.0,11679.0996,3427.8888,9.335224314668867,2.335557897268671,0.811575287988269
San Luis Obispo,2023-11-01,1.07,59.6588122605364,3.193888888888889,2299.0666666666666,0.0,57.21055555555555,41.5,23.0,620.0,3012.6899,910.3406,22.61996660862072,3.162092397077308,0.8265344998086368
San Luis Obispo,2023-12-01,3.545,72.34205289828205,3.040860215053764,2262.266666666667,0.1666666666666666,53.663440860215054,38.0,19.0,374.0,1892.2412,580.3822,25.1332962318008,3.2632102189857446,0.10111782190843677
San Luis Obispo,2024-01-01,2.583333333333333,79.38709677419355,3.1451612903225805,2342.9666666666667,0.0,52.432795698924735,29.0,14.0,3.0,4070.2013270887473,1830.1372880361832,18.661671080869635,2.9786711101337477,-0.28453910885199685
San Luis Obispo,2024-02-01,4.1433333333333335,83.35488505747126,3.4166666666666665,2379.0666666666666,0.6666666666666666,53.58908045977011,24.0,15.0,10.0,6076.302054494315,1926.881003191188,11.125226990518437,2.4952881575158137,-0.48338295261793407
San Luis Obispo,2024-03-01,2.818333333333334,78.58064516129032,3.6526881720430096,2719.0333333333333,0.3333333333333333,55.79354838709677,26.0,17.0,7.0,8722.824700438481,1897.8591582217923,6.8186875103177504,2.0565167029156464,-0.4387714546001673
San Luis Obispo,2024-04-01,2.1633333333333336,76.70555555555556,3.95,2845.816666666667,0.0,58.99555555555556,38.0,21.5,892.0,16756.567145499823,4861.626908078134,7.177565800334475,2.1013945269079004,0.04487782399225404
San Luis Obispo,2024-05-01,0.0966666666666666,72.84946236559139,3.916129032258064,2912.7666666666664,0.0,64.43548387096774,40.0,20.0,7269.0,30318.56278408486,13829.796733358524,7.536444090351199,2.144344538226206,0.04295001131830567
San Luis Obispo,2024-06-01,0.0083333333333333,65.39444444444445,4.151666666666666,2988.4166666666665,0.0,69.25944444444444,40.0,24.0,10155.0,30742.92586909737,16205.796651207042,8.254200670384646,2.2250775749681595,0.08073303674195342
San Luis Obispo,2024-07-01,0.2116666666666666,62.83870967741935,3.6736559139784943,2731.433333333333,0.0,72.68978494623656,23.0,19.0,25025.0,25879.633384915716,31538.678464409506,8.971957250418093,2.299776878690439,0.07469930372227962
San Luis Obispo,2024-08-01,0.3066666666666667,62.26344086021505,3.824193548387097,2843.4,0.0,72.27096774193548,44.0,23.0,1255.0,16998.081758720567,19968.21306649536,13.6373750206355,2.683578190587504,0.3838013118970647
San Luis Obispo,2024-09-01,0.15,67.71590038314177,3.3938888888888887,2443.983333333333,0.0,69.68444444444445,35.0,21.0,692.0,11195.814034228011,5079.2615665052635,17.943914500836186,2.9414827454331856,0.25790455484568175
San Luis Obispo,2024-10-01,0.0383333333333333,60.9516129032258,3.194086021505376,2378.083333333333,0.0,66.21137992831541,41.0,31.0,906.0,11754.867299428175,6391.534484856753,19.02054937088636,2.9967592146137894,0.055276469180603804
San Luis Obispo,2024-11-01,1.5650000000000002,66.68888888888888,3.480555555555556,2505.4666666666667,0.0,56.27,43.5,23.0,565.0,3439.6865666976537,1665.8531928982575,22.96821056107032,3.1767283923876057,0.17996917777381638
San Luis Obispo,2024-12-01,0.6766666666666667,74.32795698924731,3.339247311827957,2487.883333333333,0.3333333333333333,53.68516129032258,52.0,22.0,114.0,2878.4139953119757,1725.4022246017603,25.12148030117066,3.262757975894663,0.08602958350705725
Tulare,2001-01-01,,,,,,,122.0,62.5,,17923.0209,31083.7981,0.8039209906450395,0.5899626239213699,-2.672795351973293
Tulare,2001-02-01,,,,,,,56.0,15.5,,15235.9692,1064.4822,0.5359473270966929,0.4291473418827304,-0.16081528203863948
Tulare,2001-03-01,,,,,,,60.5,42.0,,31041.9392,21045.8658,0.5359473270966929,0.4291473418827304,0.0
Tulare,2001-04-01,,,,,,,58.0,31.0,,69037.4968,983.8063,0.2679736635483464,0.23742008572705123,-0.19172725615567918
Tulare,2001-05-01,,,,,,,58.0,50.5,,48884.6828,2024.3338,1.0718946541933858,0.7284634805339496,0.4910433948068984
Tulare,2001-06-01,,,,,,,46.0,42.0,,36669.1033,2955.8281,1.3398683177417323,0.8500946533167976,0.12163117278284796
Tulare,2001-07-01,,,,,,,53.0,39.0,,39307.3103,6290.6704,1.3398683177417323,0.8500946533167976,0.0
Tulare,2001-08-01,,,,,,,55.0,50.0,,6947.7205,25160.0878,2.143789308386772,1.1454288584495385,0.2953342051327409
Tulare,2001-09-01,,,,,,,61.0,57.0,,9495.5273,7138.5445,3.215683962580158,1.4388118469919684,0.29338298854242995
Tulare,2001-10-01,,,,,,,73.0,66.0,,9460.32,59704.9806,3.215683962580158,1.4388118469919684,0.0
Tulare,2001-11-01,,,,,,,45.0,59.0,,573.8962,2254.98,3.215683962580158,1.4388118469919684,0.0
Tulare,2001-12-01,,,,,,,88.0,22.0,,710.0834,2917.4788,2.143789308386772,1.1454288584495385,-0.29338298854242995
Tulare,2002-01-01,,,,,,,117.0,38.0,,7700.583,308.222,0.7903722126206636,0.5824235382476799,-0.5630053202018586
Tulare,2002-02-01,,,,,,,112.0,45.0,,13600.3149,34382.8005,0.7903722126206636,0.5824235382476799,0.0
Tulare,2002-03-01,0.39,59.72727272727273,3.2363636363636363,853.0,0.0,,79.0,31.0,,26112.4802,13675.8311,0.5269148084137757,0.4232492345123702,-0.15917430373530972
Tulare,2002-04-01,0.4,54.8,3.78,2725.9,0.0,,73.5,43.0,,75162.2882,807.2125,1.8442018294482148,1.0452824761769168,0.6220332416645467
Tulare,2002-05-01,0.05,42.96774193548387,3.690322580645161,2747.8,0.0,74.18333333333334,72.0,37.0,,68647.0818,899.3055,3.6884036588964295,1.5450921532813156,0.4998096771043987
Tulare,2002-06-01,0.0,42.03333333333333,3.41,2455.8,0.0,80.64,76.0,45.0,,32747.6676,1257.2702,0.5269148084137757,0.4232492345123702,-1.1218429187689454
Tulare,2002-07-01,0.0,42.935483870967744,2.870967741935484,2140.5,0.0,84.66774193548386,84.0,47.0,,9917.7251,12881.775,3.4249462546895417,1.4872581325532597,1.0640088980408895
Tulare,2002-08-01,0.0,44.483870967741936,2.8193548387096774,2094.1,0.0,81.37741935483871,78.5,54.0,,9300.6884,1304.055,2.3711166378619906,1.2152440360277112,-0.2720140965255484
Tulare,2002-09-01,0.0,44.36666666666667,2.933333333333333,2106.5,0.0,76.95333333333333,66.0,60.0,,9878.7988,4509.345,2.3711166378619906,1.2152440360277112,0.0
Tulare,2002-10-01,0.0,57.58064516129032,2.5290322580645164,1879.1,0.0,65.0741935483871,88.5,66.0,,3730.2549,1721.15,2.1076592336551028,1.1338697848132002,-0.08137425121451103
Tulare,2002-11-01,0.93,80.6896551724138,2.3,1654.5,0.0,56.59,117.0,60.0,,2134.9792,4495.5564,2.6345740420688784,1.290491921744643,0.15662213693144267
Tulare,2002-12-01,1.48,81.64516129032258,2.6516129032258067,1973.1,0.0,51.15161290322581,71.0,19.0,,1485.2221,62856.6765,2.3711166378619906,1.2152440360277112,-0.07524788571693164
Tulare,2003-01-01,0.19,92.25806451612904,2.596774193548387,1930.1,0.0,51.62580645161291,89.5,36.0,,9462.1313,279.3863,1.543436151904986,0.9335159825103271,-0.28172805351738417
Tulare,2003-02-01,1.04,77.57142857142857,3.1392857142857147,2107.1,0.0,53.16785714285714,77.0,20.0,,11982.7199,13191.3369,2.5723935865083103,1.273235843536628,0.3397198610263009
Tulare,2003-03-01,0.43,63.67741935483871,3.832258064516129,2853.3,0.0,58.880645161290325,58.0,30.0,,11656.9651,9897.0089,2.5723935865083103,1.273235843536628,0.0
Tulare,2003-04-01,1.34,61.266666666666666,3.996666666666667,2875.4,0.0,63.34333333333333,39.0,19.0,,25672.768,1114.5876,2.315154227857479,1.1985041467961737,-0.07473169674045432
Tulare,2003-05-01,0.51,49.45161290322581,3.774193548387097,2805.3,0.0,71.48064516129033,61.0,29.0,,25957.8539,5588.1231,1.800675510555817,1.0298606418540819,-0.1686435049420918
Tulare,2003-06-01,0.0,41.53333333333333,3.86,2779.3,0.0,80.74666666666667,62.5,35.0,,31425.7841,3803.316,1.028957434603324,0.7075220821136818,-0.32233855974040004
Tulare,2003-07-01,0.0,41.354838709677416,3.138709677419355,2332.2,0.0,83.28709677419356,65.0,44.0,,12617.9747,4930.1483,2.8296329451591413,1.3427689618268475,0.6352468797131656
Tulare,2003-08-01,0.0,47.58064516129032,3.416129032258065,2549.7,0.0,82.19677419354838,61.0,44.0,,5059.9464,3330.5055,4.373069097064127,1.681399271716875,0.3386303098900276
Tulare,2003-09-01,0.0,46.7,3.0266666666666664,2176.3,0.0,78.35666666666665,70.0,63.0,,761.3886,6326.774,3.858590379762465,1.5807483505247593,-0.10065092119211583
Tulare,2003-10-01,0.17,51.54838709677419,2.793548387096774,2077.2,0.0,69.34193548387097,85.0,58.0,,1313.2119,40625.8792,4.8875478143657896,1.7728395806455735,0.1920912301208142
Tulare,2003-11-01,0.38,74.26666666666667,2.51,1807.0,0.0,56.71333333333334,86.5,36.5,,1007.6488,33470.8565,4.8875478143657896,1.7728395806455735,0.0
Tulare,2003-12-01,1.14,80.16129032258064,2.938709677419354,2186.7,0.0,51.670967741935485,69.0,30.0,,8754.6763,11120.7961,4.115829738413296,1.6323396029464754,-0.14049997769909806
Tulare,2004-01-01,0.89,86.74193548387096,2.7870967741935484,2070.6,0.0,49.690322580645166,94.0,29.0,,27231.9969,16092.3137,3.2644779597514977,1.4503197724558974,-0.18201983049057802
Tulare,2004-02-01,1.83,74.41379310344827,3.1758620689655173,2211.5,0.0,51.66206896551724,70.0,10.0,,10732.5425,1419.7255,2.0089095136932293,1.1015777253091428,-0.3487420471467546
Tulare,2004-03-01,0.47,65.3225806451613,3.267741935483871,2429.8,0.0,61.096774193548384,85.0,46.0,,20816.7273,6083.9929,2.7622505813281903,1.3250173372007772,0.22343961189163442
Tulare,2004-04-01,0.3,45.9,3.77,2721.0,0.0,66.44666666666667,61.0,35.0,,25952.5505,7018.1297,3.7667053381748055,1.561655361468648,0.23663802426787073
Tulare,2004-05-01,0.0,41.96774193548387,4.148387096774194,3091.6,0.0,70.81935483870969,50.0,34.0,,63314.4699,15965.0237,3.515591648963152,1.5075362190287445,-0.054119142439903456
Tulare,2004-06-01,0.0,44.23333333333333,3.89,2803.9,0.0,76.08,57.5,37.5,,11693.9286,28343.9602,3.2644779597514977,1.4503197724558974,-0.05721644657284708
Tulare,2004-07-01,0.0,41.516129032258064,3.4000000000000004,2523.5,0.0,80.00322580645161,60.0,44.0,,3679.4391,25971.8032,3.013364270539844,1.3896298597891275,-0.06068991266676993
Tulare,2004-08-01,0.0,44.96774193548387,3.3806451612903223,2507.7,0.0,78.2290322580645,56.0,49.5,,934.7957,9960.0016,3.7667053381748055,1.561655361468648,0.17202550167952047
Tulare,2004-09-01,0.0,43.6,3.16,2276.2,0.0,73.18,62.0,56.0,,788.2808,5241.2093,4.017819027386459,1.612995382604059,0.05134002113541114
Tulare,2004-10-01,1.58,66.96774193548387,2.832258064516129,2111.2,0.0,66.25161290322582,66.0,42.0,,1231.2582,2717.7857,2.511136892116537,1.2559398859211084,-0.35705549668295067
Tulare,2004-11-01,0.39,79.43333333333334,2.566666666666667,1847.3,0.0,55.91,90.0,31.0,,793.3054,816.8148,4.520046405809766,1.708386267103262,0.4524463811821535
Tulare,2004-12-01,1.5500000000000005,84.58064516129032,2.838709677419355,2114.1,0.0,49.693548387096776,81.0,22.0,,536.0553,1176.5375,3.2644779597514977,1.4503197724558974,-0.25806649464736453
Tulare,2005-01-01,2.56,90.03225806451613,2.7,2010.0,0.0,50.92580645161291,66.0,12.0,,31893.6765,1524.9341,1.9609284996445813,1.085502901460317,-0.36481687099558036
Tulare,2005-02-01,1.58,82.07142857142857,2.939285714285714,1980.0,0.0,54.614285714285714,77.0,32.5,,18023.6746,2300.3649,1.4706963747334365,0.9045000439946805,-0.1810028574656365
Tulare,2005-03-01,1.61,74.51612903225806,3.393548387096774,2524.1,0.0,61.41612903225807,64.0,19.0,,40866.4751,6989.0201,1.4706963747334365,0.9045000439946805,0.0
Tulare,2005-04-01,1.29,60.53333333333333,3.71,2666.0,0.0,63.91666666666666,55.5,19.0,,19830.2968,14563.0376,0.9804642498222907,0.683331286829959,-0.2211687571647215
Tulare,2005-05-01,0.12,57.54838709677419,3.5580645161290323,2644.0,0.0,72.35483870967742,58.0,31.0,,47267.714,60184.4765,0.4902321249111454,0.39893189635456483,-0.2843993904753942
Tulare,2005-06-01,0.0,47.2,3.9166666666666665,2818.6,0.0,75.83999999999999,53.0,41.0,,24914.8841,85765.32,0.7353481873667181,0.5512080776256306,0.1522761812710658
Tulare,2005-07-01,0.0,45.774193548387096,3.041935483870968,2263.7,0.0,83.10967741935484,68.0,52.0,,12438.8328,80836.8016,1.2255803122778637,0.8000176961189178,0.2488096184932872
Tulare,2005-08-01,0.0,43.45161290322581,3.2,2381.7,0.0,81.15806451612903,62.0,50.0,,8532.9185,19205.6902,2.941392749466873,1.3715341505594778,0.57151645444056
Tulare,2005-09-01,0.0,50.3,3.1633333333333336,2269.6,0.0,72.36333333333333,62.0,56.0,,1341.8487,3154.2572,4.166973061744736,1.6422870357719557,0.27075288521247787
Tulare,2005-10-01,2.26,59.45161290322581,2.8483870967741933,2118.3,0.0,65.62903225806451,67.5,54.5,,3773.624,4075.0444,5.6376694364781725,1.8927609133952654,0.25047387762330975
Tulare,2005-11-01,3.16,66.55172413793103,2.4766666666666666,1782.8,0.0,57.41666666666666,92.5,49.0,,1611.0886,2845.0089,3.676740936833591,1.5426014863252024,-0.350159427070063
Tulare,2005-12-01,0.8400000000000001,80.10714285714286,2.5733333333333333,1854.5,0.0,52.13333333333333,84.0,32.0,,4087.1446,871.0026,5.882785498933745,1.929023439038969,0.38642195271376645
Tulare,2006-01-01,1.55,84.03225806451613,3.106451612903226,2314.6,0.0,50.61612903225806,79.0,34.0,,60444.7236,2775.3623,4.579184953280262,1.7190427000042003,-0.20998073903476855
Tulare,2006-02-01,0.52,67.85714285714286,3.2214285714285715,2168.1,0.0,52.725,93.0,31.0,,20445.6961,2643.5338,3.1331265469812326,1.4190341537352382,-0.3000085462689621
Tulare,2006-03-01,2.23,74.29032258064517,3.509677419354839,2607.8,0.0,55.332258064516125,48.0,12.0,,42493.0884,4890.6846,2.892116812598061,1.3589531773877663,-0.06008097634747189
Tulare,2006-04-01,1.17,70.4,3.78,2717.7,0.0,63.34,46.0,11.0,,74591.4455,6574.831,0.964038937532687,0.67500303536339,-0.6839501420243763
Tulare,2006-05-01,0.12,48.903225806451616,3.812903225806452,2834.2,0.0,72.18064516129031,70.0,49.0,,36388.325,57954.586,1.2050486719158586,0.7907495820864231,0.11574654672303308
Tulare,2006-06-01,0.0,42.66666666666666,3.81,2740.6,0.0,76.83,64.5,47.5,,26403.9416,93059.9452,3.615146015747576,1.529343506836224,0.7385939247498009
Tulare,2006-07-01,0.0,42.2258064516129,3.4645161290322584,2580.4,0.0,82.26129032258065,66.0,50.5,,14323.092,60585.1586,1.6870681406822023,0.9884506887022838,-0.5408928181339402
Tulare,2006-08-01,0.0,45.38709677419355,3.267741935483871,2439.2,0.0,78.49032258064516,63.0,50.0,0.0,3050.4998,20891.5632,4.579184953280262,1.7190427000042003,0.7305920113019165
Tulare,2006-09-01,0.0,46.266666666666666,3.18,2290.4,0.0,73.78,65.0,60.0,0.0,1272.5196,5670.3328,6.748272562728809,2.047469923388677,0.3284272233844767
Tulare,2006-10-01,0.0,62.25806451612903,2.7225806451612904,2034.4,0.0,64.94137931034483,73.0,35.0,1841.61,2567.3119,3648.1986,6.98928229711198,2.078100930601233,0.03063100721255596
Tulare,2006-11-01,0.0,74.6,2.6266666666666665,1893.8,0.0,57.288,84.5,46.0,55.3,3303.3276,2049.1856,5.302214156429778,1.840901025053759,-0.23719990554747405
Tulare,2006-12-01,0.0,72.38709677419355,2.8161290322580643,2094.1,0.0,47.11935483870968,88.0,42.0,80.1,30120.9116,1842.3122,5.54322389081295,1.8784299936749236,0.037528968621164616
Tulare,2007-01-01,0.0,66.36666666666666,2.683333333333333,1931.5,0.0,42.333333333333336,107.0,37.0,262.6,43783.3201,1633.6731,5.922205903254844,1.9347344909791862,0.05630449730426257
Tulare,2007-02-01,1.21,69.8695652173913,3.530434782608696,1945.1,0.0,51.83913043478261,75.0,27.0,10.1,14857.5397,2626.576,4.500876486473682,1.7049074407188147,-0.22982705026037142
Tulare,2007-03-01,1.16,59.96774193548387,3.2580645161290325,2426.4,0.0,58.79032258064516,66.0,32.5,362.35,38326.8794,7000.127,3.553323541952907,1.5158574150958475,-0.18905002562296724
Tulare,2007-04-01,2.0700000000000003,52.16666666666666,3.816666666666667,2757.9,0.0,63.61379310344827,55.5,34.5,172.4,33743.1464,23950.0157,1.8951058890415504,1.0630216868816325,-0.452835728214215
Tulare,2007-05-01,2.21,38.354838709677416,3.935483870967742,2929.0,0.0,70.3741935483871,59.0,34.5,187.35,18875.1802,80323.9247,2.6057705974321315,1.2825355058501442,0.21951381896851174
Tulare,2007-06-01,0.0,38.8,3.8233333333333337,2751.0,0.0,75.73666666666666,58.0,36.0,185.25,19051.3053,86329.4647,3.3164353058227127,1.4624299009343533,0.17989439508420912
Tulare,2007-07-01,0.0,42.774193548387096,3.43225806451613,2555.2,0.0,80.19032258064516,58.0,32.0,180.2,8018.4385,58477.781,4.2639882503434885,1.6608889619429203,0.19845906100856703
Tulare,2007-08-01,0.0,43.70967741935484,3.290322580645161,2449.4,0.0,78.71290322580644,63.0,44.0,97.4,4072.0359,18850.7951,3.790211778083101,1.566574622988923,-0.09431433895399732
Tulare,2007-09-01,0.0,54.1,3.41,2459.9,0.0,74.27,63.0,37.0,112.1,5375.2021,15002.8327,1.4213294167811628,0.8843167351107813,-0.6822578878781417
Tulare,2007-10-01,1.66,60.63333333333333,2.996666666666667,2149.2,0.0,64.5551724137931,61.5,42.0,27.5,42982.7164,3667.5143,1.4213294167811628,0.8843167351107813,0.0
Tulare,2007-11-01,2.01,70.2,2.583333333333333,1863.1,0.0,57.95,136.5,63.0,12.5,78962.9844,2066.9629,2.3688823613019374,1.2145810458278103,0.330264310717029
Tulare,2007-12-01,0.4,75.5,2.560714285714286,1725.4,0.0,46.19230769230769,82.0,17.0,5.7,22928.8416,828.6615,5.685317667124651,1.89991372881527,0.6853326829874598
Tulare,2008-01-01,1.62,78.3225806451613,3.177419354838709,2365.1,0.0,47.8551724137931,59.0,32.5,4.1,109804.7194,210.8731,2.096519079488356,1.1302786030073384,-0.7696351258079317
Tulare,2008-02-01,1.27,75.03448275862068,3.2413793103448274,2259.9,0.0,51.05862068965517,68.0,40.0,8.68,40356.621,3155.9185,2.5624122082635465,1.270437901996675,0.14015929898933654
Tulare,2008-03-01,0.52,59.193548387096776,3.7193548387096778,2764.6,0.0,57.60645161290322,60.0,32.0,767.98,34087.5545,10407.6127,3.028305337038737,1.3933457756176102,0.12290787362093525
Tulare,2008-04-01,0.3,48.56666666666667,3.923333333333334,2821.6,0.0,62.07,55.5,32.0,45.81,48088.5639,23722.6624,3.2612519014263315,1.4495629906831544,0.056217215065544224
Tulare,2008-05-01,0.0,46.354838709677416,3.9064516129032256,2905.7,0.0,70.36774193548388,58.0,39.0,1562.87,31139.9971,67629.4941,3.494198465813927,1.50278733518541,0.05322434450225555
Tulare,2008-06-01,0.0,38.5,3.49,2510.7,0.0,75.41000000000001,61.0,50.0,235.16,20196.1962,76574.9831,4.891877852139498,1.7735747672482705,0.2707874320628605
Tulare,2008-07-01,0.0,45.16129032258065,3.138709677419355,2337.2,0.0,80.96774193548387,73.0,47.0,132.63,9222.9092,85878.1117,4.193038158976712,1.6473189129916859,-0.1262558542565846
Tulare,2008-08-01,0.0,40.96774193548387,3.1516129032258067,2345.5,0.0,79.71612903225805,58.0,44.5,1009.14,6184.2535,22858.8428,6.056610674077474,1.9539648617392211,0.30664594874753526
Tulare,2008-09-01,0.0,47.5,2.813333333333333,2031.2,0.0,74.66333333333334,67.5,58.0,94.97,2847.0559,8594.0045,3.028305337038737,1.3933457756176102,-0.5606190861216109
Tulare,2008-10-01,0.16,51.87096774193548,2.764516129032258,2053.1,0.0,66.0225806451613,73.0,62.0,163.91,11450.6278,2386.7958,5.3577709809146885,1.8496778412224715,0.4563320656048613
Tulare,2008-11-01,1.04,81.4,2.0466666666666664,1475.3,0.0,57.95,92.5,52.0,18.3,38011.3399,1107.5467,2.795358772651141,1.3337789446271298,-0.5158988965953417
Tulare,2008-12-01,0.49,84.80645161290323,2.129032258064516,1586.7,0.0,48.170967741935485,77.0,29.0,0.0,8605.7106,1690.3817,6.056610674077474,1.9539648617392211,0.6201859171120914
Tulare,2009-01-01,0.38,81.51612903225806,1.932258064516129,1440.2,0.0,48.14516129032258,92.0,37.5,1.0,57671.0212,2683.0922,3.661436152562891,1.539323587902876,-0.4146412738363452
Tulare,2009-02-01,0.2799999999999999,73.17857142857143,2.817857142857143,1891.4,0.0,51.48214285714285,44.5,10.5,974.1,35141.077,3559.788,4.347955431168433,1.6767143254668322,0.13739073756395626
Tulare,2009-03-01,0.04,58.41935483870968,3.264516129032258,2425.9,0.0,58.57419354838709,54.0,31.0,63.52,25152.1489,13327.8063,3.661436152562891,1.539323587902876,-0.13739073756395626
Tulare,2009-04-01,0.02,48.0,3.756666666666667,2703.1,0.0,63.623333333333335,53.0,28.0,38.05,51115.5852,31073.0352,3.20375663349253,1.4359785620651573,-0.10334502583771865
Tulare,2009-05-01,0.05,44.96774193548387,3.393548387096774,2526.4,0.0,73.71290322580644,55.0,36.0,60.46,26077.2153,69768.7435,4.5767951907036135,1.718614272814055,0.2826357107488977
Tulare,2009-06-01,0.08,44.16666666666666,3.8866666666666654,2800.3,0.0,77.47333333333333,53.0,33.0,123.8,23087.4839,63908.9571,7.322872305125782,2.1190074242367682,0.40039315142271326
Tulare,2009-07-01,0.0,39.0,3.0866666666666664,1111.2,0.0,80.1,61.0,40.0,278.43,8351.0936,24837.8299,5.949833747914697,1.9387177381272322,-0.180289686109536
Tulare,2009-08-01,0.0,23.33333333333333,4.016666666666667,575.3,0.0,78.0,61.0,48.0,35.22,5232.6812,14511.4453,5.263314469309155,1.8347095129340734,-0.10400822519315889
Tulare,2009-09-01,0.0,40.45454545454545,3.2409090909090907,1711.9,0.0,76.21176470588235,55.0,56.0,122.83,1414.6437,8927.5752,3.661436152562891,1.539323587902876,-0.2953859250311974
Tulare,2009-10-01,0.21,59.12903225806452,2.7870967741935484,2071.8,0.0,65.80322580645162,59.0,50.0,15.22,32284.3951,1257.7631,4.119115671633252,1.6329817037494025,0.09365811584652661
Tulare,2009-11-01,0.2,67.8,2.6133333333333337,1880.5,0.0,56.34333333333333,82.5,35.0,7.2,44146.2261,5881.6613,2.9749168739573486,1.380003835675644,-0.25297786807375844
Tulare,2009-12-01,1.3,81.16129032258064,2.548387096774193,1900.2,0.0,48.403225806451616,80.0,26.0,5.01,30942.4565,348.5336,3.661436152562891,1.539323587902876,0.15931975222723183
Tulare,2010-01-01,2.7,85.74193548387096,2.938709677419354,2184.2,0.0,49.76451612903226,66.0,25.0,1.0,81733.6835,997.8072,2.256959334106718,1.1807940405258572,-0.3585295473770187
Tulare,2010-02-01,2.08,82.60714285714286,2.9535714285714287,1982.5,0.0,54.71785714285714,55.5,26.0,1.0,37221.1736,4588.732,2.48265526751739,1.2477950107511304,0.06700097022527318
Tulare,2010-03-01,0.85,64.7741935483871,3.42258064516129,2544.4,0.0,59.63548387096775,52.0,21.0,1.61,63917.8406,12478.967,1.5798715338747025,0.9477396046219891,-0.3000554061291413
Tulare,2010-04-01,1.19,62.66666666666666,3.5933333333333333,2584.6,0.0,63.6,58.0,19.0,1.7200000000000002,69323.6006,29273.5705,1.8055674672853743,1.03160582414122,0.0838662195192309
Tulare,2010-05-01,0.16,49.54838709677419,3.725806451612903,2775.3,0.0,69.49677419354839,56.0,20.0,63.09,15237.0623,41676.0868,1.3541756004640308,0.856190602684625,-0.17541522145659505
Tulare,2010-06-01,0.0,43.7,3.3433333333333333,2401.6,0.0,77.77,53.5,26.0,829.64,21854.7349,82785.6236,2.48265526751739,1.2477950107511304,0.3916044080665054
Tulare,2010-07-01,0.0,43.32258064516129,3.05483870967742,2268.7,0.0,81.75483870967743,62.0,36.0,362.78,8557.5809,44712.857,4.739614601624108,1.7473920655031143,0.4995970547519839
Tulare,2010-08-01,0.0,43.483870967741936,3.0806451612903225,2289.8,0.0,78.90645161290323,55.0,38.0,63.17,3526.0355,24384.4254,2.7083512009280617,1.3105873576003786,-0.43680470790273573
Tulare,2010-09-01,0.0,49.43333333333333,2.76,1985.0,0.0,73.76,60.0,53.0,46.11,1684.8563,9100.6632,5.642398335266795,1.8934730933434065,0.5828857357430279
Tulare,2010-10-01,0.0,62.483870967741936,2.806451612903226,2092.5,0.0,68.69354838709677,64.0,44.0,17.45,16842.5281,3443.7519,8.57644546960553,2.2593064865560444,0.36583339321263786
Tulare,2010-11-01,0.0,74.4,2.3833333333333333,1710.8,0.0,56.69666666666667,64.5,19.0,5.21,56777.104,3232.3787,5.642398335266795,1.8934730933434065,-0.36583339321263786
Tulare,2010-12-01,6.05,84.6774193548387,2.42258064516129,1810.0,0.0,52.23548387096774,63.0,27.0,0.0,32448.6538,281.2757,4.513918668213436,1.7072755624408518,-0.18619753090255475
Tulare,2011-01-01,0.88,89.80645161290323,2.2161290322580647,1654.1,0.0,49.2483870967742,84.0,29.0,0.0,101310.4212,545.1702,2.0120139589057326,1.1026089443577622,-0.6046666180830895
Tulare,2011-02-01,0.51,67.78571428571429,2.8428571428571425,1908.2,0.0,51.65714285714286,61.0,21.0,6.21,34636.6334,6872.7835,0.4471142130901628,0.3695713754882728,-0.7330375688694895
Tulare,2011-03-01,1.82,70.6774193548387,3.429032258064516,2546.7,0.0,57.332258064516125,56.0,17.0,1255.65,48448.344,20284.1391,0.8942284261803256,0.6388115926555151,0.26924021716724233
Tulare,2011-04-01,0.57,58.82758620689656,3.475,2329.6,0.0,65.42068965517241,54.0,19.0,26.46,73810.6923,30921.7994,1.3413426392704886,0.8507245422882799,0.21191294963276475
Tulare,2011-05-01,0.28,49.483870967741936,3.606666666666667,2593.6,0.0,69.64516129032258,54.0,23.0,578.14,31005.3793,56550.9536,0.6706713196352443,0.5132255334587478,-0.3374990088295321
Tulare,2011-06-01,0.49,51.13333333333333,3.21,2306.5,0.0,76.44666666666667,61.0,25.0,459.21,35502.271,81774.5362,1.56489974581557,0.9419193924068572,0.4286938589481094
Tulare,2011-07-01,0.0,49.41379310344828,3.1392857142857147,2104.3,0.0,81.00322580645161,60.0,33.0,287.03000000000003,18244.9896,121612.5894,2.4591281719958955,1.2410165839074083,0.29909719150055114
Tulare,2011-08-01,0.0,48.483870967741936,2.9566666666666666,2136.0,0.0,79.21935483870968,56.0,35.5,130.93,4576.6996,32412.3938,3.800470811266384,1.568713998784256,0.32769741487684767
Tulare,2011-09-01,0.09,50.46666666666667,3.08,2222.6,0.0,75.73666666666666,62.5,56.0,5749.55,2740.4399,14905.3069,4.024027917811465,1.614231986039683,0.045517987255426995
Tulare,2011-10-01,0.26,66.03333333333333,2.6666666666666665,1915.5,0.0,68.30333333333333,80.0,38.0,57.32,12579.834,28599.4389,5.365370557081954,1.8508724482380958,0.23664046219841284
Tulare,2011-11-01,0.67,79.26666666666667,2.62,1892.0,0.0,56.38,76.0,21.0,19.86,18434.7518,12785.8806,4.024027917811465,1.614231986039683,-0.23664046219841284
Tulare,2011-12-01,0.01,69.7741935483871,2.3741935483870966,1768.5,0.0,45.270967741935486,114.0,48.0,64.05,27075.1342,507.0587,2.235571065450814,1.174205439561042,-0.44002654647864103
Tulare,2012-01-01,0.45,69.64516129032258,2.693548387096774,2004.8,0.0,46.906451612903226,98.0,54.5,33.42,101398.6265,1326.884,2.8843060470585624,1.356944344198754,0.18273890463771214
Tulare,2012-02-01,0.09,62.241379310344826,3.086206896551724,2150.6,0.0,52.189655172413794,56.0,23.0,23.32,34520.274,13474.6616,3.1061757429861445,1.4124921191873945,0.055547774988640386
Tulare,2012-03-01,1.39,62.80645161290322,3.57741935483871,2656.0,0.0,56.38709677419355,42.0,27.0,102.56,48911.6017,23195.1914,2.6624363511309808,1.298128595661387,-0.11436352352600743
Tulare,2012-04-01,2.32,62.310344827586206,3.6366666666666654,2617.8,0.0,63.333333333333336,59.5,23.0,21.52,76428.4566,33320.0279,4.437393918551635,1.6932998869926117,0.39517129133122464
Tulare,2012-05-01,0.0,46.903225806451616,3.351612903225807,2492.6,0.0,72.03225806451613,59.0,33.0,175.93,28818.8451,60635.3372,1.996827263348236,1.0975541501530364,-0.5957457368395753
Tulare,2012-06-01,0.0,41.766666666666666,3.55,2561.8,0.0,77.21666666666667,55.5,37.0,646.3000000000001,26332.131,148542.9486,3.3280454389137257,1.465116040313866,0.36756189016082974
Tulare,2012-07-01,0.0,41.516129032258064,3.425806451612903,2547.3,0.0,80.15483870967742,59.0,30.0,239.17,12216.5891,105076.72,3.1061757429861445,1.4124921191873945,-0.05262392112647163
Tulare,2012-08-01,0.0,38.32258064516129,3.2225806451612904,2398.3,0.0,83.65806451612903,61.0,44.0,255.45,4362.1633,40319.2726,3.3280454389137257,1.465116040313866,0.05262392112647163
Tulare,2012-09-01,0.0,44.93333333333333,2.953333333333333,2126.4,0.0,76.56333333333333,63.0,55.0,32.0,1327.6859,7310.8708,2.440566655203399,1.2356361831694016,-0.2294798571444645
Tulare,2012-10-01,0.0,59.61290322580645,2.8,2073.1,0.0,68.04838709677419,61.0,39.0,10.1,3982.7031,7753.2499,2.218696959275817,1.1689766066225435,-0.06665957654685806
Tulare,2012-11-01,0.25,72.2,2.493333333333333,1791.0,0.0,57.876666666666665,74.0,17.0,107.36,9478.8953,5779.4392,1.3312181755654904,0.8463909530848485,-0.3225856535376951
Tulare,2012-12-01,1.62,81.41935483870968,1.8193548387096776,1354.9,0.0,50.25483870967742,59.0,19.5,2.0,33953.0992,7022.6938,3.549915134841308,1.5151085811056852,0.6687176280208368
Tulare,2013-01-01,0.58,74.38709677419355,2.851612903225807,2117.6,0.0,40.39032258064516,84.0,32.0,15.55,107157.3089,8388.2076,3.084841967952899,1.4072830416280033,-0.10782553947768192
Tulare,2013-02-01,0.7000000000000001,68.14285714285714,3.0142857142857147,2018.8,0.0,48.11071428571428,67.5,30.0,3.22,26792.7344,7325.7011,1.1017292742688924,0.7427604698065303,-0.664522571821473
Tulare,2013-03-01,0.8200000000000001,61.483870967741936,3.329032258064516,2470.3,0.0,56.32258064516129,60.0,25.0,12.12,69923.3654,24844.2932,1.1017292742688924,0.7427604698065303,0.0
Tulare,2013-04-01,0.06,49.96666666666667,3.673333333333334,2647.4,0.0,62.03333333333333,56.0,25.0,244.52,75765.3562,40884.2179,1.3220751291226711,0.8424612381022643,0.09970076829573393
Tulare,2013-05-01,0.5700000000000001,45.64516129032258,3.7161290322580647,2765.4,0.0,64.8258064516129,53.0,25.0,85.35,29872.1967,70914.5732,2.86449611309912,1.3518313017677037,0.5093700636654395
Tulare,2013-06-01,0.0,43.4,3.443333333333334,2480.2,0.0,69.54666666666667,59.0,34.0,363.9,22373.1561,211559.3898,3.084841967952899,1.4072830416280033,0.05545173986029961
Tulare,2013-07-01,0.01,39.516129032258064,3.303225806451613,2451.9,0.0,79.2709677419355,59.0,39.0,277.63,12571.2313,91056.4235,2.86449611309912,1.3518313017677037,-0.05545173986029961
Tulare,2013-08-01,0.0,45.45161290322581,3.3096774193548386,2468.3,0.0,77.8,56.0,35.0,183.07,4903.8219,41649.6293,1.7627668388302278,1.016232655420756,-0.3355986463469478
Tulare,2013-09-01,0.0,49.8,3.1366666666666663,2262.2,0.0,74.5,56.0,49.0,21.5,2077.8126,11620.5963,1.9831126936840064,1.0929672834593138,0.0767346280385579
Tulare,2013-10-01,0.2,55.0,2.8870967741935485,2144.3,0.0,63.93870967741936,61.0,47.0,7.95,2186.6405,7292.9738,1.7627668388302278,1.016232655420756,-0.0767346280385579
Tulare,2013-11-01,0.81,66.9,2.41,1727.5,0.0,55.82,80.5,50.5,7.78,11934.4934,4248.4854,1.9831126936840064,1.0929672834593138,0.0767346280385579
Tulare,2013-12-01,0.04,68.2258064516129,2.5161290322580645,1870.3,0.0,49.85806451612903,130.0,57.0,5.65,24607.4578,3529.2827,2.6441502582453422,1.2931232129727726,0.20015592951345873
Tulare,2014-01-01,0.09,62.41935483870968,2.438709677419354,1817.1,0.0,48.71290322580645,143.0,70.0,137.21,104887.4892,2608.61,2.8451681384940306,1.346817331128703,0.053694118155930504
Tulare,2014-02-01,0.8300000000000001,70.14285714285714,3.0500000000000003,2051.0,0.0,53.57857142857143,70.5,25.0,2.8,42362.9875,14202.0471,1.5320136130352473,0.9290148806637042,-0.41780245046499886
Tulare,2014-03-01,0.86,59.483870967741936,3.383870967741936,2515.9,0.0,57.68064516129032,59.0,27.0,10.8,88374.6521,33513.3433,1.0942954378823195,0.7392171903103018,-0.18979769035340244
Tulare,2014-04-01,0.35,52.0,3.253333333333333,2344.2,0.0,51.90333333333333,57.5,21.0,119.07,53988.2459,61325.7788,1.3131545254587833,0.8386121883929654,0.09939499808266361
Tulare,2014-05-01,0.04,39.193548387096776,3.435483870967742,2552.5,0.0,56.564516129032256,55.0,34.0,33.1,39441.2381,98698.9956,2.8451681384940306,1.346817331128703,0.5082051427357377
Tulare,2014-06-01,0.0,32.86666666666667,3.5866666666666664,2576.9,0.0,61.63076923076923,57.0,41.0,92.8,23472.5944,268835.2475,1.750872700611711,1.011918207011977,-0.33489912411672607
Tulare,2014-07-01,0.0,37.1,3.5354838709677416,2631.1,0.0,67.52788461538461,58.0,43.0,27.73,10553.7217,58812.2404,2.407449963341103,1.225964200208132,0.21404599319615492
Tulare,2014-08-01,0.0,36.12903225806452,3.609677419354839,2681.7000000000003,0.0,73.425,57.0,45.0,116.65,4778.1611,34146.9713,1.969731788188175,1.0884716417293365,-0.13749255847879538
Tulare,2014-09-01,0.0,43.46666666666667,3.0266666666666664,2178.2,0.0,81.11999999999999,58.5,57.0,12.24,1322.0767,13466.1102,1.5320136130352473,0.9290148806637042,-0.15945676106563234
Tulare,2014-10-01,0.07,52.064516129032256,2.7225806451612904,2027.4,0.0,73.99354838709678,56.0,58.0,14.55,3621.2043,5644.7512,2.8451681384940306,1.346817331128703,0.41780245046499886
Tulare,2014-11-01,0.47,73.23333333333333,2.466666666666667,1776.0,0.0,59.24333333333333,77.0,39.0,0.2,11305.9342,1251.8815,2.407449963341103,1.225964200208132,-0.12085313092057115
Tulare,2014-12-01,0.5700000000000001,81.63333333333334,2.864516129032258,2131.2,0.0,52.3,60.0,25.0,2.1,36813.4409,5356.0874,1.0942954378823195,0.7392171903103018,-0.48674700989783015
Tulare,2015-01-01,0.68,88.74074074074075,2.496774193548388,1864.4,0.0,48.900000000000006,90.0,40.0,2.26,120565.7311,910.6776,1.5239422208192277,0.9258220525069698,0.18660486219666805
Tulare,2015-02-01,0.31,76.77777777777777,3.007142857142857,2021.7,0.0,57.06071428571429,87.0,29.5,7000.71,51153.454,12704.1599,0.4354120630912079,0.36145195997128127,-0.5643700925356885
Tulare,2015-03-01,0.13,55.67741935483871,3.290322580645161,2441.7,0.0,64.04230769230769,61.0,34.0,6.51,56466.1193,37289.9965,2.830178410092852,1.3429113843773086,0.9814594244060273
Tulare,2015-04-01,0.22,45.766666666666666,3.88,2797.0,0.0,71.89,58.5,33.0,16.91,57371.2277,40396.1169,1.5239422208192277,0.9258220525069698,-0.4170893318703388
Tulare,2015-05-01,0.56,45.483870967741936,4.145161290322581,3077.3,0.0,78.63548387096773,52.0,25.0,148.38,66465.9912,100287.8139,2.830178410092852,1.3429113843773086,0.4170893318703388
Tulare,2015-06-01,0.01,36.43333333333333,3.503333333333333,2519.4,0.0,88.13846153846154,53.5,29.0,228.38,40009.9431,281008.0483,1.3062361892736238,0.8356168403979292,-0.5072945439793795
Tulare,2015-07-01,0.02,38.80645161290322,3.987096774193548,2963.8,0.0,87.07125506072875,47.0,42.0,423.86,17275.8895,103089.9745,3.26559047318406,1.450580617593921,0.6149637771959919
Tulare,2015-08-01,0.0,39.064516129032256,3.335483870967741,2491.4,0.0,86.00404858299595,58.0,55.0,28.06,9748.0299,64811.4875,1.5239422208192277,0.9258220525069698,-0.5247585650869513
Tulare,2015-09-01,0.03,38.8,3.046666666666667,2194.3,0.0,84.93684210526315,57.5,66.0,211.37,1887.731,13106.5743,3.0478844416384554,1.3981943845516172,0.47237233204464735
Tulare,2015-10-01,1.15,61.2258064516129,2.7096774193548385,2009.9,0.0,74.81666666666666,62.0,45.0,17.01,6011.0718,4214.8971,3.701002536275268,1.5477757915600925,0.14958140700847533
Tulare,2015-11-01,1.22,72.1,2.28,1644.4,0.0,54.486666666666665,67.5,27.5,30.46,7304.8393,6522.3389,2.830178410092852,1.3429113843773086,-0.20486440718278387
Tulare,2015-12-01,1.48,77.58064516129032,2.603225806451613,1937.7,0.0,45.9741935483871,71.0,25.0,0.63,23571.2618,5545.3242,1.3062361892736238,0.8356168403979292,-0.5072945439793795
Tulare,2016-01-01,2.2300000000000004,82.12903225806451,2.7580645161290325,2062.6,0.0,49.03548387096774,60.0,19.0,3.1100000000000003,99369.424,12524.5395,3.679518286123671,1.5431951743164118,0.7075783339184827
Tulare,2016-02-01,0.07,72.44827586206897,2.893103448275862,2014.8,0.0,54.2,71.0,34.0,2.43,62387.2412,20737.3353,1.7315380169993744,1.0048648267503282,-0.5383303475660837
Tulare,2016-03-01,0.6900000000000001,64.2258064516129,3.480645161290323,2594.4,0.0,62.94516129032258,47.0,21.0,3.81,70493.1373,37498.1372,1.298653512749531,0.8323235222651622,-0.17254130448516602
Tulare,2016-04-01,0.36,52.03333333333333,3.523333333333333,2541.6,0.0,71.51666666666667,52.5,28.0,215.38,55505.417,60031.3522,2.38086477337414,1.2181315268815618,0.38580800461639964
Tulare,2016-05-01,0.34,46.64516129032258,4.090322580645161,3047.1,0.0,77.68387096774192,49.0,33.0,498.73,54179.9246,104803.2393,1.7315380169993744,1.0048648267503282,-0.2132667001312336
Tulare,2016-06-01,0.0,36.333333333333336,3.606666666666667,2591.6,0.0,86.42333333333333,58.5,39.0,77.48,48362.9957,253426.6268,1.947980269124296,1.0811202813346434,0.07625545458431526
Tulare,2016-07-01,0.0,34.645161290322584,3.425806451612903,2550.6,0.0,85.53999999999999,62.0,39.5,5965.72,19711.8544,105943.9358,3.246633781873827,1.4461266177741419,0.3650063364394984
Tulare,2016-08-01,0.0,37.903225806451616,3.183870967741936,2372.8,0.0,83.07666666666667,65.0,52.5,7131.63,6374.7229,50106.5994,4.328845042498436,1.6731345247343212,0.22700790696017936
Tulare,2016-09-01,0.0,40.96666666666667,3.2266666666666666,2323.6,0.0,75.86333333333333,59.0,63.0,1397.9,5830.209,12636.7135,6.709709815872576,2.0424805494963216,0.3693460247620004
Tulare,2016-10-01,0.37,59.4,2.8161290322580643,2022.1,0.0,68.61379310344827,55.0,53.0,101.01,4728.3115,5351.6943,9.090574589246716,2.311601779151141,0.2691212296548193
Tulare,2016-11-01,0.07,72.8,2.5133333333333336,1804.2,0.0,58.61,88.5,51.0,2.45,6330.8288,4213.1349,8.657690084996872,2.267754497994355,-0.04384728115678582
Tulare,2016-12-01,1.65,79.36666666666666,2.556666666666666,1839.2,0.0,47.92,81.0,32.0,0.01,29037.5559,13875.6493,9.307016841371638,2.332824910027478,0.0650704120331227
Tulare,2017-01-01,2.72,79.56666666666666,3.109677419354839,2312.5,0.0,48.39354838709678,52.0,11.0,1.02,85638.8705,2031.6947,5.369623396093492,1.8515403463439402,-0.48128456368353767
Tulare,2017-02-01,2.43,75.82142857142857,3.396428571428572,2279.2,0.0,53.725,52.0,12.0,1.75,67985.9903,23391.2887,1.5034945509061777,0.9176875761951911,-0.933852770148749
Tulare,2017-03-01,0.41,67.3225806451613,3.2516129032258063,2416.0,0.0,60.49677419354839,60.0,29.0,4.44,83776.0542,44078.0,3.221774037656095,1.440255427779777,0.5225678515845859
Tulare,2017-04-01,0.42,55.0,3.806666666666666,2744.7,0.0,66.84333333333333,52.0,17.5,4579.01,68560.2103,85015.0435,1.5034945509061777,0.9176875761951911,-0.5225678515845859
Tulare,2017-05-01,0.0,47.58064516129032,3.774193548387097,2811.0,0.0,77.45806451612903,57.0,33.0,10462.25,65898.625,133381.6073,2.1478493584373965,1.1467194763089523,0.22903190011376118
Tulare,2017-06-01,0.0,44.92592592592592,3.2766666666666664,2361.2,0.0,85.45333333333333,59.0,35.0,1193.61,68270.4327,346885.6204,3.221774037656095,1.440255427779777,0.2935359514708247
Tulare,2017-07-01,0.0,40.74193548387097,3.0032258064516126,2228.4,0.0,89.05238095238094,66.0,41.0,52049.35,29728.789,129102.9781,3.221774037656095,1.440255427779777,0.0
Tulare,2017-08-01,0.0,44.41935483870968,3.148387096774193,2340.6,0.0,84.28,65.0,55.0,312.12,19250.3593,80097.0729,5.154838460249752,1.8172385140035794,0.3769830862238024
Tulare,2017-09-01,0.03,49.46666666666667,3.1733333333333333,2291.5,0.0,77.12666666666668,58.0,53.5,506.22,9499.5858,14165.6518,6.013978203624711,1.9479050441603651,0.13066653015678575
Tulare,2017-10-01,0.0,53.38709677419355,2.454838709677419,1826.5,0.0,65.16129032258064,69.0,63.0,244.08,3728.5053,4306.5348,11.383601599718205,2.516373145764497,0.568468101604132
Tulare,2017-11-01,0.05,70.4,2.2,1579.9,0.0,59.69666666666667,64.5,44.0,200.06,3934.361,6678.3791,12.02795640724942,2.5670975413268278,0.05072439556233066
Tulare,2017-12-01,0.17,64.74193548387096,1.974193548387097,1473.4,0.0,46.05483870967742,145.0,67.0,225.1,35358.6058,4126.7613,7.517472754530888,2.142119671784251,-0.42497786954257677
Tulare,2018-01-01,0.8600000000000001,77.93548387096774,2.4612903225806453,1828.7,0.0,50.67741935483871,77.0,29.0,15.03,94263.2459,1952.7702,7.260737349232924,2.1115138510103972,-0.030605820773853765
Tulare,2018-02-01,0.19,58.142857142857146,3.007142857142857,2020.3,0.0,52.017857142857146,67.0,41.5,28.01,34401.3715,8930.354,4.484573068643865,1.701939254534423,-0.4095745964759743
Tulare,2018-03-01,1.9,64.12903225806451,3.3774193548387097,2508.4,0.0,57.561290322580646,38.0,13.0,1.24,76114.526,30065.571,4.484573068643865,1.701939254534423,0.0
Tulare,2018-04-01,0.33,52.2,3.6366666666666654,2616.3,0.0,70.13666666666667,57.5,25.0,1218.96,96025.4127,57881.8114,4.484573068643865,1.701939254534423,0.0
Tulare,2018-05-01,0.0,51.16129032258065,4.012903225806451,2983.5,0.0,74.97741935483872,52.0,36.0,168.91,68746.8336,89640.0315,4.698124167150716,1.7401370271950305,0.03819777266060753
Tulare,2018-06-01,0.6900000000000001,47.56666666666667,3.41,2448.7,0.0,75.61333333333333,55.0,45.0,415.0,49051.0907,219427.5675,2.98971537909591,1.3837198947974905,-0.35641713239754
Tulare,2018-07-01,0.6,48.03225806451613,3.0,2227.9,0.0,81.92258064516129,68.0,51.0,56.58,28312.9453,156927.1677,4.271021970137015,1.662224265979924,0.27850437118243354
Tulare,2018-08-01,0.15,46.74193548387097,2.8483870967741933,2114.7,0.0,79.25161290322582,73.0,62.0,121.72,22380.5228,79048.7315,3.843919773123313,1.577724263440421,-0.08450000253950307
Tulare,2018-09-01,0.0,49.86666666666667,2.6,1875.7,0.0,72.8,58.5,68.0,105.34,8994.4326,26078.099,7.260737349232924,2.1115138510103972,0.5337895875699763
Tulare,2018-10-01,0.0,60.32258064516129,2.425806451612903,1804.4,0.0,64.05806451612904,58.0,57.0,32.03,7473.6359,8783.2577,3.416817576109612,1.485419431356164,-0.6260944196542333
Tulare,2018-11-01,0.41,65.96666666666667,2.0900000000000003,753.2,0.0,57.20333333333333,75.0,63.5,48.59,6482.8994,3867.6802,7.901390644753477,2.1862075167514794,0.7007880853953155
Tulare,2018-12-01,0.215,78.30645161290323,3.0056451612903223,857.5500000000001,0.0,53.36935483870968,78.0,28.0,3.14,40475.0373,2628.98,5.97943075819182,1.942967360180985,-0.24324015657049447
Tulare,2019-01-01,1.57,80.5,2.835483870967742,2110.95,0.0,51.62903225806451,61.0,20.0,0.0,99167.3883,3262.0151,5.1038961867515615,1.8089272864246122,-0.13404007375637272
Tulare,2019-02-01,2.85,74.82142857142857,3.271428571428572,2199.5,0.0,51.246428571428574,36.5,11.5,1.03,51437.4827,11507.6796,5.31655852786621,1.8431745231147667,0.0342472366901545
Tulare,2019-03-01,2.9800000000000004,69.91568914956011,3.2386363636363638,2048.65,0.0,57.79046920821114,44.0,16.0,2.21,79432.997,36566.4336,7.443181939012693,2.1333592445506118,0.29018472143584506
Tulare,2019-04-01,0.37,58.16149425287357,3.4916666666666663,2511.7,0.0,67.93666666666667,51.0,25.0,147.23,121411.9343,61620.7834,8.293831303471286,2.229350879375962,0.09599163482535022
Tulare,2019-05-01,1.995,62.483870967741936,3.5290322580645164,2626.25,0.0,69.80806451612904,53.0,28.0,213.02,147700.4384,112553.8441,6.379870233439451,1.998756054912999,-0.23059482446296298
Tulare,2019-06-01,0.0,46.43333333333334,3.336666666666667,2404.95,0.0,79.82333333333334,56.0,38.0,397.61,98271.5941,218094.0954,5.1038961867515615,1.8089272864246122,-0.1898287684883868
Tulare,2019-07-01,0.0,45.67741935483871,3.053225806451613,2272.85,0.0,82.35806451612902,58.0,41.0,93.76,51916.7972,253019.8043,6.167207892324804,1.9695161634733014,0.16058887704868918
Tulare,2019-08-01,0.0,48.193548387096776,3.106451612903226,2311.4,0.0,79.64193548387098,56.0,52.0,195.9,23167.3742,144492.4806,8.293831303471286,2.229350879375962,0.2598347159026606
Tulare,2019-09-01,0.0,49.13333333333333,3.1016666666666666,2229.8,0.0,73.03833333333333,54.5,57.5,407.49,6858.9562,34216.867,5.741883210095507,1.9083392939231023,-0.3210115854528597
Tulare,2019-10-01,0.0,48.903225806451616,2.9016129032258062,2155.75,0.0,63.22903225806452,64.0,65.0,177.62,6975.9064,8463.1065,10.63311705573242,2.453855949169667,0.5455166552465649
Tulare,2019-11-01,0.885,58.65,2.955,2128.4,0.0,56.26166666666666,79.5,67.0,26.34,13870.5389,6112.8149,8.506493644585936,2.251975106633744,-0.2018808425359233
Tulare,2019-12-01,2.14,80.69354838709677,2.743548387096774,2039.05,0.0,50.3983870967742,56.5,18.0,0.2,34678.5564,547.9533,10.845779396847067,2.4719716350954406,0.2199965284616967
Tulare,2020-01-01,0.4449999999999999,87.70967741935485,2.662903225806452,1981.75,0.0,48.791935483870965,69.0,23.0,0.0,112182.4425,6992.0683,8.877315499792862,2.2902407642924967,-0.18173087080294392
Tulare,2020-02-01,0.145,61.19211822660098,3.0793103448275865,2142.6,0.0,52.343103448275855,64.0,34.0,0.0,25868.9288,30827.1818,4.438657749896431,1.693532293271841,-0.5967084710206556
Tulare,2020-03-01,2.225,67.2258064516129,3.220967741935484,2397.2,0.0,57.38870967741936,46.0,13.0,0.0,78823.1082,26964.8726,4.650022404653404,1.7316595105758685,0.03812721730402746
Tulare,2020-04-01,2.585,66.36954022988505,3.3200000000000003,2388.9,0.0,65.4,55.0,21.0,0.0,103334.5376,62394.6242,4.438657749896431,1.693532293271841,-0.03812721730402746
Tulare,2020-05-01,0.365,47.41935483870968,3.669354838709677,2729.7,0.0,75.4758064516129,47.0,31.0,2.25,84146.949,132196.8073,3.381834476111566,1.4774674668659429,-0.2160648264058982
Tulare,2020-06-01,0.75,44.0,3.65,2628.5,0.0,78.305,54.0,43.5,1.1,62348.9637,230726.0338,4.438657749896431,1.693532293271841,0.2160648264058982
Tulare,2020-07-01,0.165,42.03225806451613,3.31774193548387,2470.25,0.0,79.76290322580645,57.0,45.0,0.2,29857.9932,219180.0655,3.804563785625513,1.5695662548725777,-0.12396603839926335
Tulare,2020-08-01,0.155,47.09119106699752,3.1467741935483877,2338.45,0.0,78.92096774193547,63.0,63.0,0.0,10704.2455,91453.6365,5.495481023681296,1.8711067079931896,0.30154045312061184
Tulare,2020-09-01,0.02,52.16666666666667,2.79,2010.25,0.0,73.05833333333334,117.0,83.5,0.0,2032.819,53985.0213,6.129574987952214,1.9642516236666594,0.09314491567346983
Tulare,2020-10-01,0.0,52.11290322580645,2.708064516129032,2013.15,0.0,66.40483870967742,83.0,79.0,0.0,2278.2796,3004.0769,7.18639826173708,2.102474028454937,0.13822240478827763
Tulare,2020-11-01,0.3349999999999999,68.05000000000001,2.753333333333333,1985.35,0.0,53.47166666666666,81.5,46.0,0.0,5529.7982,318.6536,4.650022404653404,1.7316595105758685,-0.3708145178790685
Tulare,2020-12-01,0.605,71.51935483870969,2.8311827956989246,2074.95,0.0,47.285322580645165,82.0,36.0,0.0,36908.5819,1271.3343,4.650022404653404,1.7316595105758685,0.0
Tulare,2021-01-01,1.63,73.16603415559771,3.008064516129032,2235.55,0.0,47.817741935483866,76.0,31.0,0.0,109803.7797,3139.0056,4.424965232416031,1.6910114906347484,-0.040648019941120106
Tulare,2021-02-01,0.415,65.84193121693121,2.969642857142857,1997.85,0.0,51.84285714285714,60.5,29.0,1.0,55964.5174,52269.6466,5.899953643221375,1.9315146932069316,0.24050320257218316
Tulare,2021-03-01,1.0699999999999998,58.20967741935484,3.32258064516129,2471.95,0.0,55.822580645161295,50.0,22.0,0.0,67307.9218,29748.3717,5.478528382991277,1.8684933831825226,-0.06302131002440903
Tulare,2021-04-01,0.095,47.81666666666666,3.418333333333333,2459.6000000000004,0.0,66.43833333333333,56.5,37.5,0.2,55515.7184,67384.8276,4.214252602300983,1.6513957612693226,-0.21709762191319992
Tulare,2021-05-01,0.0,41.89861751152074,3.7193548387096778,2767.75,0.0,70.4258064516129,55.0,41.0,80.13,49629.7635,102527.7595,4.424965232416031,1.6910114906347484,0.03961572936542579
Tulare,2021-06-01,0.0,41.87101449275362,3.5116666666666667,2528.95,0.0,76.32833333333333,60.0,44.0,23.11,53232.383,204417.5853,5.057103122761179,1.801231653239579,0.11022016260483047
Tulare,2021-07-01,0.0,40.322580645161295,3.3,2452.0,0.0,81.10682795698924,65.0,47.0,1.7,48661.6982,198021.6551,5.267815752876227,1.8354279291791944,0.034196275939615495
Tulare,2021-08-01,0.0,45.17741935483871,3.182258064516129,2365.95,0.0,76.72258064516129,87.0,68.0,0.0,27733.9352,128871.1648,6.110666273336424,1.9615959487547219,0.12616801957552748
Tulare,2021-09-01,0.0,50.45,2.845,2047.05,0.0,71.38,78.5,69.0,0.11,5310.1316,18813.2107,7.374942054026719,2.1252441587650113,0.1636482100102894
Tulare,2021-10-01,1.23,60.83870967741936,2.8403225806451613,2113.95,0.0,61.49193548387097,111.0,48.0,0.31,6830.2977,7790.6219,8.007079944371865,2.1980109285667977,0.07276676980178642
Tulare,2021-11-01,0.115,83.58333333333333,2.4866666666666664,1790.65,0.0,56.870000000000005,87.0,31.5,0.0,10966.2035,3578.163,5.689241013106326,1.9005004167483845,-0.29751051181841315
Tulare,2021-12-01,4.025,85.20967741935485,2.620967741935484,1947.7,0.0,48.84354838709677,29.0,21.0,0.0,30403.5377,2032.4414,3.5821147119558345,1.5221606190640258,-0.37833979768435877
Tulare,2022-01-01,0.015,80.33870967741936,2.6661290322580644,1984.0,0.0,47.68709677419355,82.0,22.333333333333332,1.0,148062.539,3152.0079,3.364511136531862,1.4735061868068895,-0.04865443225713628
Tulare,2022-02-01,0.26,60.785714285714285,3.1267857142857145,2098.05,0.0,50.4875,74.5,23.666666666666668,4269.0,16744.4853,22087.0021,4.836484758764551,1.76412869074155,0.2906225039346606
Tulare,2022-03-01,1.4,61.14516129032258,3.029032258064516,2256.5,0.0,58.06290322580645,54.0,25.0,6.0,45901.8426,25261.6554,4.205638920664828,1.6497424458621017,-0.11438624487944837
Tulare,2022-04-01,0.25,53.18333333333334,3.236666666666667,2329.8,0.0,65.4253448275862,53.5,27.0,208.0,63884.8854,49456.2884,4.415920866698069,1.68934292447998,0.0396004786178783
Tulare,2022-05-01,0.0,44.03225806451613,3.612903225806451,2688.75,0.0,71.11655913978495,52.0,39.0,1252.0,61424.1635,74968.161,5.046766704797792,1.7995237002256508,0.11018077574567076
Tulare,2022-06-01,0.075,42.65,3.48,2504.8500000000004,0.0,76.24190476190478,53.5,39.0,4380.0,70274.1608,74161.6918,5.257048650831035,1.833708612410488,0.03418491218483721
Tulare,2022-07-01,0.0,41.96774193548387,3.232258064516129,2401.55,0.0,82.23225806451612,55.0,42.0,549.0,37851.4538,74137.2904,5.467330596864276,1.8667634417491952,0.03305482933870718
Tulare,2022-08-01,0.0,43.29032258064516,3.2451612903225806,2417.05,0.0,83.10967741935484,55.0,54.0,465.0,12884.9244,49958.3119,7.149586165130208,2.0979671486789244,0.23120370692972925
Tulare,2022-09-01,0.01,46.150000000000006,3.151666666666667,2266.6,0.0,80.03666666666666,59.5,59.0,321.0,9236.6436,45283.3158,8.621559787362896,2.2640063915928494,0.16603924291392502
Tulare,2022-10-01,0.0,52.41935483870968,2.7612903225806456,2056.05,0.0,71.19516129032257,64.0,62.0,76.0,6784.9737,17119.2832,6.308458380997241,1.989032359728443,-0.2749740318644065
Tulare,2022-11-01,0.22,67.94999999999999,2.791666666666667,2011.3,0.0,54.39,79.5,38.5,4.0,7517.8406,2914.6552,5.467330596864276,1.8667634417491952,-0.12226891797924777
Tulare,2022-12-01,2.95,89.1021505376344,2.669354838709677,1984.5,0.0,49.10483870967742,67.0,18.0,3.0,28602.2629,4068.2628,4.205638920664828,1.6497424458621017,-0.21702099588709345
Tulare,2023-01-01,3.845,81.01612903225806,3.238709677419355,2409.0,0.0,50.317741935483866,47.0,12.0,12.0,108517.1341,3548.0578,6.088663538353332,1.9584968232487339,0.30875437738663214
Tulare,2023-02-01,3.245,69.66071428571428,3.3517857142857146,2252.45,0.0,49.98214285714286,52.0,19.0,1.0,25014.5995,29241.0328,3.3592626418501137,1.472302924217022,-0.48619389903171184
Tulare,2023-03-01,5.48,74.11290322580645,3.414516129032258,2540.9,0.0,54.85806451612903,31.0,9.0,2.0,74311.0599,27969.7136,4.618986132543907,1.7261512441689995,0.25384831995197743
Tulare,2023-04-01,0.015,60.11666666666667,3.34,2406.95,0.0,63.56666666666666,51.0,28.0,334.0,75633.9943,42361.7054,5.668755708122068,1.8974332920183856,0.17128204784938617
Tulare,2023-05-01,0.15,54.983870967741936,3.5161290322580645,2615.05,0.0,73.2290322580645,55.0,34.0,934.0,74729.8657,67247.8522,2.5194469813875857,1.2583038697069753,-0.6391294223114103
Tulare,2023-06-01,0.45,55.21551724137931,3.543333333333334,2550.2,0.0,79.25,54.0,37.5,2883.0,50555.3164,69671.3429,3.149308726734482,1.4229417484967628,0.16463787878978753
Tulare,2023-07-01,0.42,49.37798036465638,3.0451612903225804,2267.9,0.0,83.4983870967742,57.0,49.5,4217.0,70147.281,37881.2047,3.779170472081378,1.564266990037743,0.14132524154098025
Tulare,2023-08-01,1.21,52.13348164627364,3.120967741935484,2324.55,0.0,79.7290322580645,56.0,45.5,7572.0,33221.3909,40609.9584,9.237972265087814,2.3261035790150992,0.7618365889773562
Tulare,2023-09-01,0.41,59.78333333333333,2.97,2138.35,0.0,75.02666666666667,102.5,56.0,405.0,5266.976,17817.2054,10.707649670897238,2.460242446183229,0.13413886716812984
Tulare,2023-10-01,0.315,58.74193548387097,2.7758064516129037,2064.05,0.0,68.00322580645161,57.0,52.0,178.0,2726.4693,7111.6854,11.96737316159103,2.562436445941757,0.10219399975852772
Tulare,2023-11-01,0.18,59.06666666666666,2.666666666666667,1921.7000000000005,0.0,58.27333333333334,67.5,39.0,210.0,9587.4293,5191.5419,15.326635803441144,2.792797872497315,0.23036142655555825
Tulare,2023-12-01,0.375,74.10430107526881,2.5693548387096774,1910.95,0.0,52.983870967741936,74.0,33.0,367.0,17664.2366,472.4421,17.426174954597464,2.9137722056268722,0.12097433312955719
Tulare,2024-01-01,1.405,83.88987764182426,2.6338709677419354,1961.45,0.0,52.19032258064516,57.0,18.0,60.0,110083.33882521535,0.0,14.446572447497028,2.737387130673389,-0.1763850749534832
Tulare,2024-02-01,3.05,77.36514778325123,3.082758620689656,2143.5,0.0,55.910344827586215,42.0,14.0,0.0,44702.47823118091,20945.16232279633,9.28708228767666,2.330888961307787,-0.406498169365602
Tulare,2024-03-01,1.77,68.83870967741936,3.132258064516129,2334.2,0.0,60.17258064516129,32.0,14.0,9.0,76024.95568799027,22732.70531158425,6.810527010962885,2.055472440571518,-0.2754165207362691
Tulare,2024-04-01,0.8200000000000001,61.18333333333334,3.3116666666666665,2382.8,0.0,66.18166666666667,47.5,19.0,1490.0,79309.97775947547,42824.39429200389,8.461563862105402,2.2472376825200433,0.1917652419485254
Tulare,2024-05-01,0.625,48.80645161290323,3.303225806451613,2457.7,0.0,73.08870967741936,47.0,31.0,7043.0,68510.39823383797,68641.68030399784,8.255184255712587,2.2251838546022795,-0.02205382791776378
Tulare,2024-06-01,0.78,41.91666666666666,3.2316666666666665,2328.85,0.0,79.30000000000001,60.0,42.0,21188.0,55571.9286829825,70339.82133294578,7.636045436534143,2.155944773932623,-0.06923908066965634
Tulare,2024-07-01,0.535,42.37096774193549,2.998387096774193,2229.45,0.0,85.00645161290322,61.0,45.0,23925.0,34839.911082024344,53939.79073295636,9.906221106855105,2.389333370171006,0.23338859623838282
Tulare,2024-08-01,0.81,45.564516129032256,3.009677419354839,2237.25,0.0,80.21612903225807,62.0,54.0,1106.0,16225.975935331382,44433.90281997362,10.93811913881918,2.4797365694938778,0.09040319932287177
Tulare,2024-09-01,0.41,49.79827586206896,2.9816666666666665,2148.75,0.0,75.53666666666666,59.5,61.0,19027.0,5507.043750398887,29193.873524341638,9.080702681283846,2.3106229706583883,-0.1691135988354895
Tulare,2024-10-01,0.21,50.774193548387096,2.817741935483871,2096.75,0.0,69.8983870967742,62.0,67.0,260.0,5388.222758571079,9520.234452033725,15.4784704794611,2.802054709461833,0.4914317388034446
Tulare,2024-11-01,1.67,68.25,2.665,1916.15,0.0,56.98833333333333,64.5,25.5,202.0,9997.639934566381,1051.7313307515287,14.652952053889845,2.750659528839352,-0.05139518062248083
Tulare,2024-12-01,0.79,83.85483870967742,2.611290322580645,1939.05,0.0,52.94516129032258,75.0,26.0,93.0,33374.76613765696,0.0,14.859331660282656,2.7637580753618316,0.013098546522479548
Ventura,2001-01-01,3.83,61.54838709677419,2.987096774193548,2225.4,0.0,52.29032258064516,53.0,17.0,,12225.9641,277.3101,0.5217239323897956,0.419843858223685,-2.3439142171381464
Ventura,2001-02-01,3.88,70.10714285714286,3.0107142857142857,2022.8,0.0,53.78928571428571,55.0,18.5,,36831.5654,556.7557,0.2608619661948978,0.23179558722821994,-0.18804827099546503
Ventura,2001-03-01,3.66,79.76666666666667,2.5806451612903225,1926.7,0.0,60.03548387096774,61.0,29.0,,27449.2184,1210.9238,0.1304309830974489,0.12259896098058094,-0.109196626247639
Ventura,2001-04-01,1.06,73.93333333333334,2.943333333333334,2113.9,0.0,62.26,52.5,22.5,,54951.99,1218.4393,0.2608619661948978,0.23179558722821994,0.109196626247639
Ventura,2001-05-01,0.04,80.16666666666667,2.667741935483871,1984.1,0.0,67.98709677419355,71.5,43.0,,29149.4639,432.9895,0.0,0.0,-0.23179558722821994
Ventura,2001-06-01,0.01,79.6,2.693333333333334,1938.3,0.0,72.02666666666667,66.5,31.5,,9032.4264,1526.6559,0.7825858985846933,0.5780650620945527,0.5780650620945527
Ventura,2001-07-01,0.0,80.6774193548387,2.6548387096774198,1972.5,0.0,74.3483870967742,67.0,31.0,,2232.6079,1277.3229,0.2608619661948978,0.23179558722821994,-0.34626947486633275
Ventura,2001-08-01,0.0,80.90322580645162,2.6322580645161286,1958.0,0.0,74.67096774193548,63.0,35.5,,3685.9562,1142.979,0.2608619661948978,0.23179558722821994,0.0
Ventura,2001-09-01,0.0,80.72413793103448,3.023333333333333,2099.6,0.0,73.29333333333334,61.5,29.0,,3727.2744,1820.9234,0.0,0.0,-0.23179558722821994
Ventura,2001-10-01,0.26,83.61290322580645,2.712903225806452,2025.1,0.0,68.48387096774194,66.5,40.0,,9023.4921,1443.2644,0.2608619661948978,0.23179558722821994,0.23179558722821994
Ventura,2001-11-01,2.62,77.03333333333333,2.896666666666667,2083.5,0.0,62.61666666666667,67.0,26.5,,14494.985,482.6125,0.0,0.0,-0.23179558722821994
Ventura,2001-12-01,1.46,66.54838709677419,3.2419354838709675,2414.2,0.0,55.05483870967742,44.0,11.0,,26994.1828,456.3125,0.1304309830974489,0.12259896098058094,0.12259896098058094
Ventura,2002-01-01,1.37,63.64516129032258,3.270967741935484,2437.9,0.0,53.90967741935484,56.0,34.0,,58022.1987,1553.2025,0.1282891740614684,0.12070248020483279,-0.0018964807757481522
Ventura,2002-02-01,0.3,57.142857142857146,3.875,2605.5,1.0,54.73214285714285,62.0,31.0,,19996.0776,584.1617,0.0,0.0,-0.12070248020483279
Ventura,2002-03-01,0.24,63.45161290322581,3.52258064516129,2621.8,0.0,58.12580645161291,44.0,18.5,,22266.3668,672.7887,0.1282891740614684,0.12070248020483279,0.12070248020483279
Ventura,2002-04-01,0.03,77.6,3.3633333333333337,2421.6,0.0,63.080000000000005,59.5,29.0,,18579.7788,3530.8677,0.2565783481229369,0.22839243031378118,0.10768995010894838
Ventura,2002-05-01,0.09,77.45161290322581,3.3096774193548386,2464.1,0.0,66.6516129032258,61.5,27.0,,8460.1074,2313.7314,0.0,0.0,-0.22839243031378118
Ventura,2002-06-01,0.0,80.56666666666666,3.1300000000000003,2243.3,0.0,70.95,64.5,35.0,,2910.3667,1243.3125,0.2565783481229369,0.22839243031378118,0.22839243031378118
Ventura,2002-07-01,0.0,81.29032258064517,3.061290322580646,2277.5,0.0,74.15483870967742,64.0,34.0,,1623.2033,1425.8425,0.1282891740614684,0.12070248020483279,-0.10768995010894838
Ventura,2002-08-01,0.0,81.38709677419355,2.996774193548388,2225.3,0.0,73.08709677419354,72.5,36.0,,2845.3,828.085,0.1282891740614684,0.12070248020483279,0.0
Ventura,2002-09-01,0.06,77.33333333333333,2.786666666666666,2009.6,0.0,71.68,62.0,38.5,,6881.1854,2113.6408,0.1282891740614684,0.12070248020483279,0.0
Ventura,2002-10-01,0.0,80.25806451612904,2.6516129032258067,1975.7,0.0,66.50967741935484,73.0,36.5,,10744.1123,4296.1586,0.0,0.0,-0.12070248020483279
Ventura,2002-11-01,0.65,57.766666666666666,3.3266666666666667,2397.0,0.0,60.93666666666666,56.0,16.5,,13913.2219,1739.8744,0.0,0.0,0.0
Ventura,2002-12-01,2.37,74.96774193548387,2.935483870967742,2179.0,0.0,56.07096774193548,58.0,16.0,,26226.1202,643.3734,0.1282891740614684,0.12070248020483279,0.12070248020483279
Ventura,2003-01-01,0.0,58.96774193548387,3.55483870967742,2650.5,0.0,56.90967741935484,49.5,22.0,,19226.3036,945.43,0.1268922811425381,0.119463650314353,-0.001238829890479784
Ventura,2003-02-01,2.26,64.03571428571429,3.585714285714286,2405.7,0.0,56.332142857142856,37.0,14.0,,13713.8457,906.8563,0.0,0.0,-0.119463650314353
Ventura,2003-03-01,0.55,68.54838709677419,3.429032258064516,2552.4,0.0,59.83548387096774,47.5,17.0,,18785.1094,2597.332,0.1268922811425381,0.119463650314353,0.119463650314353
Ventura,2003-04-01,1.2,71.56666666666666,3.64,2620.4,0.0,61.75333333333333,38.5,19.0,,12936.3481,2864.85,0.0,0.0,-0.119463650314353
Ventura,2003-05-01,1.46,79.29032258064517,3.2096774193548385,2393.2,0.0,66.1258064516129,67.0,28.5,,8823.0289,1375.3861,0.1268922811425381,0.119463650314353,0.119463650314353
Ventura,2003-06-01,0.08,82.9,2.966666666666667,2149.2,0.0,69.44666666666667,66.0,29.0,,9611.1627,1076.9592,0.6344614057126905,0.49131333461377924,0.3718496842994262
Ventura,2003-07-01,0.02,80.35483870967742,2.912903225806452,2167.1,0.0,74.29354838709678,68.0,36.0,,3852.5634,1130.495,0.2537845622850762,0.22616662704072288,-0.26514670757305636
Ventura,2003-08-01,0.0,75.16129032258064,2.832258064516129,2108.2,0.0,73.3225806451613,56.0,35.0,,7546.6808,1243.6903,0.5075691245701525,0.41049850234583,0.18433187530510714
Ventura,2003-09-01,0.0,83.76666666666667,2.6966666666666668,1947.9,0.0,72.05666666666666,67.5,45.0,,11472.5823,3293.7444,0.3806768434276143,0.3225738451817496,-0.08792465716408043
Ventura,2003-10-01,0.11,78.45161290322581,2.570967741935484,1910.7,0.0,68.15483870967742,78.0,33.0,,19015.1433,3122.6565,0.5075691245701525,0.41049850234583,0.08792465716408043
Ventura,2003-11-01,0.4,67.5,3.1,2236.9,0.0,59.36666666666667,58.5,29.0,,19456.6459,2583.6986,0.8882459679977667,0.6356483388974851,0.22514983655165505
Ventura,2003-12-01,1.46,64.09677419354838,3.1516129032258067,2347.7,0.0,53.83870967741935,63.0,27.5,,24114.183,958.4288,1.9033842171380717,1.0658770280374668,0.4302286891399817
Ventura,2004-01-01,0.7,64.83870967741936,3.1806451612903226,2367.6,0.0,53.3,57.0,20.0,,25420.5799,3126.3562,3.9043116194832703,1.5901147405553875,0.5242377125179207
Ventura,2004-02-01,3.65,63.51724137931034,3.655172413793104,2550.6,0.0,53.99655172413794,53.0,19.0,,15779.6181,3392.1462,1.76323750557309,1.0164030015568304,-0.5737117389985571
Ventura,2004-03-01,0.44,72.48387096774194,3.270967741935484,2436.9,0.0,62.54838709677419,61.0,28.0,,18042.3717,3798.417,1.133509825011272,0.7577684287495733,-0.2586345728072571
Ventura,2004-04-01,0.02,73.83333333333333,3.313333333333333,2386.5,0.0,65.74333333333333,61.5,43.0,,11842.2795,2821.3949,1.133509825011272,0.7577684287495733,0.0
Ventura,2004-05-01,0.0,72.64516129032258,2.725806451612903,2025.8,0.0,69.23225806451612,54.0,34.5,,7812.0945,2408.1092,0.5037821444494542,0.4079833642707723,-0.349785064478801
Ventura,2004-06-01,0.01,81.26666666666667,3.3433333333333333,2405.6,0.0,71.81333333333333,62.0,29.0,,5660.1178,2751.6528,0.7556732166741814,0.5628523826069967,0.15486901833622435
Ventura,2004-07-01,0.0,78.48387096774194,3.148387096774193,2343.7,0.0,74.7,58.0,36.0,,8246.6949,1686.3402,0.1259455361123635,0.11862315919807556,-0.4442292234089211
Ventura,2004-08-01,0.0,82.09677419354838,3.0161290322580645,2242.2,0.0,74.29032258064517,64.0,36.5,,12825.7333,3700.0657,0.1259455361123635,0.11862315919807556,0.0
Ventura,2004-09-01,0.0,71.0,3.0866666666666664,2224.8,0.0,73.27666666666667,62.0,31.0,,8840.9043,2259.7682,0.3778366083370907,0.3205145939626712,0.20189143476459562
Ventura,2004-10-01,4.38,84.35483870967742,2.8806451612903223,2138.3,0.0,66.28709677419356,56.0,30.0,,18556.6924,3134.8168,0.2518910722247271,0.22465526587753123,-0.09585932808513994
Ventura,2004-11-01,0.1,65.8,3.313333333333333,2382.7,0.0,59.27333333333333,56.0,20.0,,14871.1502,1530.1321,0.0,0.0,-0.22465526587753123
Ventura,2004-12-01,5.6000000000000005,57.74193548387097,3.767741935483871,2801.7,0.0,54.832258064516125,38.5,15.5,,13352.3535,1161.8856,0.3778366083370907,0.3205145939626712,0.3205145939626712
Ventura,2005-01-01,9.83,72.38709677419355,3.267741935483871,2435.7,0.0,55.2,46.0,13.0,,24456.9865,2873.3546,0.3777400317553453,0.32044449859288193,-7.009536978924702e-05
Ventura,2005-02-01,9.01,73.14285714285714,3.2964285714285717,2217.9,0.0,57.44642857142857,42.0,14.5,,26409.6973,8129.8367,0.3777400317553453,0.32044449859288193,0.0
Ventura,2005-03-01,2.5900000000000003,76.2258064516129,3.3451612903225807,2492.8,0.0,61.55483870967742,36.0,19.5,,21089.5356,9976.8307,0.1259133439184484,0.1185945675361355,-0.20184993105674642
Ventura,2005-04-01,0.89,68.6,3.52,2535.5,0.0,63.29,46.0,19.0,,10755.8535,10127.3012,0.3777400317553453,0.32044449859288193,0.20184993105674642
Ventura,2005-05-01,0.19,77.3225806451613,3.329032258064516,2473.8,0.0,68.96774193548387,60.0,31.0,,9591.6826,8962.2324,0.1259133439184484,0.1185945675361355,-0.20184993105674642
Ventura,2005-06-01,0.0,80.66666666666667,3.19,2293.9,0.0,69.61666666666666,56.0,27.0,,4784.7179,6042.7328,0.1259133439184484,0.1185945675361355,0.0
Ventura,2005-07-01,0.0,83.48387096774194,2.870967741935484,2134.3,0.0,74.10645161290323,64.0,41.0,,6878.9757,7233.8299,0.1259133439184484,0.1185945675361355,0.0
Ventura,2005-08-01,0.0,83.09677419354838,2.8548387096774195,2123.8,0.0,74.29354838709678,66.0,30.0,,8307.101,9284.4171,0.2518266878368969,0.22460383485054292,0.10600926731440742
Ventura,2005-09-01,0.01,78.6896551724138,3.143333333333333,2264.4,0.0,69.64666666666668,59.0,35.5,,17101.3868,15780.0435,0.1259133439184484,0.1185945675361355,-0.10600926731440742
Ventura,2005-10-01,1.76,72.0,2.925806451612903,2180.4,0.0,65.52580645161291,58.0,27.0,,21624.3542,12463.7522,0.5036533756737938,0.40789773066374896,0.28930316312761345
Ventura,2005-11-01,0.61,60.93333333333333,2.8400000000000003,2053.0,0.0,60.93,47.0,24.0,,608.8904,1465.8549,0.2518266878368969,0.22460383485054292,-0.18329389581320604
Ventura,2005-12-01,0.96,65.29032258064517,2.764516129032258,2055.4,0.0,56.65161290322581,52.0,22.5,,58.0893,23.5939,0.5036533756737938,0.40789773066374896,0.18329389581320604
Ventura,2006-01-01,1.42,59.64516129032258,3.487096774193548,2601.4,0.0,54.85806451612903,43.0,21.0,,19567.7864,4093.071,0.2505691050799127,0.22359873176779738,-0.18429899889595158
Ventura,2006-02-01,3.02,58.17857142857143,3.292857142857143,2212.4,0.0,56.82857142857143,47.5,22.0,,17814.8488,5906.6697,0.5011382101598255,0.40622362713307625,0.18262489536527887
Ventura,2006-03-01,3.62,74.70967741935483,3.274193548387097,2434.5,0.0,57.5516129032258,40.0,16.0,,20076.8088,10600.8875,0.2505691050799127,0.22359873176779738,-0.18262489536527887
Ventura,2006-04-01,3.17,75.56666666666666,3.0133333333333336,2171.6,0.0,63.36,39.0,11.0,,17313.369,11524.0137,0.3758536576198691,0.3190743803812879,0.0954756486134905
Ventura,2006-05-01,1.32,80.3225806451613,2.435483870967742,1802.7,0.0,67.85483870967742,73.0,22.0,,17672.1513,11520.4027,0.1252845525399563,0.11803593926464205,-0.20103844111664582
Ventura,2006-06-01,0.0,76.2,2.92,2105.6,0.0,72.75333333333333,62.0,32.5,,4313.8687,8009.3729,0.1252845525399563,0.11803593926464205,0.0
Ventura,2006-07-01,0.0,74.12903225806451,3.267741935483871,2430.3,0.0,76.66129032258064,61.0,35.0,,5605.629,9946.5176,0.2505691050799127,0.22359873176779738,0.10556279250315533
Ventura,2006-08-01,0.03,77.96774193548387,3.1451612903225805,2337.3,0.0,74.20967741935483,61.5,29.0,0.0,7109.4428,22950.9132,0.3758536576198691,0.3190743803812879,0.0954756486134905
Ventura,2006-09-01,0.0,74.86666666666666,3.066666666666667,2208.5,0.0,71.58333333333333,71.0,32.0,0.0,19305.3755,46234.7895,0.1252845525399563,0.11803593926464205,-0.20103844111664582
Ventura,2006-10-01,0.37,68.3225806451613,3.312903225806452,2468.4,0.0,65.55806451612904,50.5,19.0,0.0,14580.5157,34186.8373,0.3758536576198691,0.3190743803812879,0.20103844111664582
Ventura,2006-11-01,0.11,62.06666666666667,3.29,2374.3,0.0,61.07333333333334,43.0,27.0,0.0,14869.8145,31349.7371,0.0,0.0,-0.3190743803812879
Ventura,2006-12-01,1.23,55.16129032258065,3.638709677419355,2715.3,0.0,54.13225806451613,53.0,19.0,0.0,19294.6376,13471.6779,0.8769918677796946,0.6296704250322236,0.6296704250322236
Ventura,2007-01-01,2.74,50.03225806451613,4.093548387096774,3047.7,0.0,51.39677419354839,50.0,20.0,0.0,6520.3396,3219.041,1.6249451581009142,0.9650600036733104,0.33538957864108676
Ventura,2007-02-01,1.04,68.10714285714286,3.542857142857143,2383.0,0.0,56.85714285714285,44.0,24.0,0.0,12434.8049,25096.7918,0.374987344177134,0.3184445268413637,-0.6466154768319466
Ventura,2007-03-01,0.06,63.70967741935484,3.532258064516129,2630.5,0.0,60.45161290322581,55.0,23.5,0.0,9070.2892,8651.4743,0.4999831255695121,0.40545385842456166,0.08700933158319796
Ventura,2007-04-01,0.72,74.93333333333334,3.3866666666666663,2437.3,0.0,62.70666666666667,53.5,33.0,0.0,10405.2663,12666.6628,0.874970469746646,0.6285929098298946,0.2231390514053329
Ventura,2007-05-01,0.0,74.29032258064517,3.551612903225806,2636.7,0.0,66.76451612903226,66.5,25.5,0.0,13012.4341,14942.7489,0.249991562784756,0.22313680151923476,-0.4054561083106598
Ventura,2007-06-01,0.0,77.3,3.306666666666666,2375.0,0.0,70.81666666666666,67.0,32.0,0.0,6223.0039,15219.2589,0.374987344177134,0.3184445268413637,0.09530772532212894
Ventura,2007-07-01,0.0,76.03225806451613,3.238709677419355,2410.5,0.0,75.24516129032257,59.0,26.0,0.0,10590.0928,12831.9815,0.124995781392378,0.11777928577591089,-0.2006652410654528
Ventura,2007-08-01,0.0,74.45161290322581,2.8483870967741933,2119.4,0.0,74.50967741935484,60.0,34.0,0.0,13847.2561,23288.15,0.6249789069618901,0.485494835366311,0.3677155495904001
Ventura,2007-09-01,0.14,72.6,2.8266666666666667,2031.3,0.0,71.02333333333333,55.5,25.0,0.0,14853.5032,26984.976,0.249991562784756,0.22313680151923476,-0.26235803384707623
Ventura,2007-10-01,0.29,61.87096774193548,3.806451612903226,2833.3,2.0,66.30000000000001,59.0,37.0,0.0,15235.9388,27858.1853,0.4999831255695121,0.40545385842456166,0.1823170569053269
Ventura,2007-11-01,0.11,68.23333333333333,2.7666666666666666,1998.7,0.0,60.40333333333333,70.5,28.0,0.0,23350.8106,22438.4033,2.4999156278475603,1.2527388618755373,0.8472850034509756
Ventura,2007-12-01,0.14,57.16129032258065,4.183870967741935,3111.1,0.0,53.61612903225806,53.5,18.0,0.0,28029.8071,15391.4587,1.124962032531402,0.7537539351727165,-0.4989849267028208
Ventura,2008-01-01,5.92,60.03225806451613,4.406451612903226,3279.3,0.0,53.09354838709677,29.5,10.0,0.0,29600.3442,12407.6309,1.1161364811689174,0.7495920115232816,-0.0041619236494349066
Ventura,2008-02-01,2.67,66.17241379310344,3.682758620689655,2558.1,0.0,55.09310344827586,38.0,20.0,0.0,23646.503,15379.3489,1.1161364811689174,0.7495920115232816,0.0
Ventura,2008-03-01,0.01,58.25806451612903,3.829032258064516,2845.7,0.0,59.906451612903226,47.0,27.0,0.0,25702.858,24093.1925,0.1240151645743241,0.11690724299465567,-0.6326847685286259
Ventura,2008-04-01,0.08,61.5,3.81,2744.2,0.0,63.79666666666667,54.5,30.0,0.0,17301.6794,17869.4342,0.2480303291486483,0.22156657185438475,0.10465932885972908
Ventura,2008-05-01,0.04,70.64516129032258,3.5032258064516126,2609.7,0.0,66.57741935483871,61.0,21.0,0.0,8933.8325,14439.7144,0.1240151645743241,0.11690724299465567,-0.10465932885972908
Ventura,2008-06-01,0.0,72.13333333333334,3.433333333333333,2474.5,0.0,71.62666666666668,67.0,44.0,0.0,8121.0008,17348.0748,0.1240151645743241,0.11690724299465567,0.0
Ventura,2008-07-01,0.0,77.38709677419355,3.4064516129032256,2538.6,0.0,75.20967741935483,64.0,42.0,0.0,13700.0506,17445.44,0.2480303291486483,0.22156657185438475,0.10465932885972908
Ventura,2008-08-01,0.0,79.25806451612904,3.306451612903226,2466.0,0.0,75.16451612903225,61.0,26.0,0.0,14146.3193,20554.1057,0.4960606582972966,0.40283542572045006,0.1812688538660653
Ventura,2008-09-01,0.0,78.63333333333334,3.006666666666667,2163.1,0.0,72.48666666666666,58.0,30.0,0.0,11610.6681,29519.9478,0.2480303291486483,0.22156657185438475,-0.1812688538660653
Ventura,2008-10-01,0.04,56.064516129032256,3.5161290322580645,2614.2,0.0,65.29677419354839,61.0,30.0,0.0,18014.6605,34693.4022,0.2480303291486483,0.22156657185438475,0.0
Ventura,2008-11-01,1.5,58.766666666666666,3.5733333333333333,2572.3,0.0,61.35,47.5,24.0,0.0,14751.4673,19349.1716,0.9921213165945932,0.6892000592128771,0.4676334873584923
Ventura,2008-12-01,0.66,63.193548387096776,3.287096774193548,2446.3,0.0,54.41935483870968,42.0,15.5,0.0,20007.9657,13792.6845,0.7440909874459448,0.5562334958265485,-0.13296656338632862
Ventura,2009-01-01,0.44,42.064516129032256,4.65483870967742,3460.0,0.0,55.91935483870968,24.0,17.0,0.0,20134.4705,15889.31,0.3680394538294505,0.3133786593030832,-0.2428548365234653
Ventura,2009-02-01,4.96,64.64285714285714,3.4285714285714284,2304.9,0.0,55.36785714285714,34.0,10.0,0.0,21897.5545,14446.415,0.736078907658901,0.5516290689257345,0.23825040962265132
Ventura,2009-03-01,0.42,65.74193548387096,3.441935483870968,2559.5,0.0,60.09354838709677,55.0,20.0,0.0,12221.0529,14271.3923,0.2453596358863003,0.21942435236915364,-0.33220471655658085
Ventura,2009-04-01,0.02,62.6,3.6366666666666654,2613.7,0.0,63.14,55.5,22.5,0.0,35945.0948,12482.8387,0.3680394538294505,0.3133786593030832,0.09395430693392953
Ventura,2009-05-01,0.0,75.19354838709677,3.296774193548387,2448.2,0.0,69.3225806451613,61.0,32.0,0.0,10997.1186,24116.4647,0.6133990897157509,0.47834318931811765,0.16496453001503447
Ventura,2009-06-01,0.07,75.26666666666667,3.443333333333334,2481.3,0.0,71.15666666666667,60.0,21.5,0.0,6926.7697,17475.778,0.1226798179431501,0.11571852196326654,-0.3626246673548511
Ventura,2009-07-01,0.0,73.2258064516129,3.43225806451613,2553.2,0.0,74.40967741935484,60.0,32.0,0.0,8025.4274,28903.3554,0.6133990897157509,0.47834318931811765,0.3626246673548511
Ventura,2009-08-01,0.0,71.90322580645162,3.1322580645161286,2330.5,0.0,72.85806451612903,61.0,29.0,0.0,12754.5503,30633.9451,0.2453596358863003,0.21942435236915364,-0.258918836948964
Ventura,2009-09-01,0.0,72.4,2.8833333333333333,2081.7,0.0,72.94333333333334,61.0,33.0,0.0,14286.8543,27857.937,0.736078907658901,0.5516290689257345,0.33220471655658085
Ventura,2009-10-01,1.2100000000000002,61.2258064516129,2.7,2011.1,0.0,66.3967741935484,53.0,34.0,0.0,20682.1203,27995.3568,0.8587587256020512,0.6199089131199055,0.06827984419417099
Ventura,2009-11-01,0.0,56.833333333333336,3.296666666666667,2376.3,0.0,59.580000000000005,52.0,20.0,0.0,13326.8854,11112.1401,0.8587587256020512,0.6199089131199055,0.0
Ventura,2009-12-01,3.3400000000000003,62.193548387096776,3.3483870967741933,2491.0,0.0,53.87419354838709,54.0,24.0,0.0,13504.8611,6559.2292,0.4907192717726007,0.3992587362126946,-0.2206501769072109
Ventura,2010-01-01,2.6100000000000003,59.935483870967744,2.4451612903225803,1814.0,0.0,54.28709677419355,46.0,15.0,0.0,36089.8602,17738.3951,0.4847468349061348,0.39524427617634217,-0.0040144600363524185
Ventura,2010-02-01,3.24,70.57142857142857,2.9214285714285717,1952.8,0.0,56.63214285714286,28.0,10.0,0.0,36544.6269,17639.4183,0.7271202523592023,0.5464554275216718,0.1512111513453296
Ventura,2010-03-01,0.3999999999999999,59.70967741935484,3.864516129032258,2878.3,0.0,60.406451612903226,46.0,18.5,0.0,28304.2319,22123.1263,0.3635601261796011,0.31009901927266625,-0.2363564082490055
Ventura,2010-04-01,1.13,67.96666666666667,4.016666666666667,2888.8,0.0,62.35333333333333,48.5,15.0,0.0,20950.2292,11842.1905,0.3635601261796011,0.31009901927266625,0.0
Ventura,2010-05-01,0.11,69.35483870967742,3.6903225806451614,2745.2,0.0,65.78387096774193,55.5,27.0,0.0,14615.9664,17224.6153,0.3635601261796011,0.31009901927266625,0.0
Ventura,2010-06-01,0.01,78.23333333333333,3.4566666666666666,2490.8,0.0,71.28999999999999,58.0,27.0,0.0,7311.9232,20150.3247,0.6059335436326685,0.4737052346140136,0.16360621534134734
Ventura,2010-07-01,0.01,76.2258064516129,3.4451612903225803,2567.4,0.0,72.2741935483871,57.0,25.5,0.0,7770.4855,42348.0531,0.4847468349061348,0.39524427617634217,-0.07846095843767142
Ventura,2010-08-01,0.0,73.96774193548387,3.235483870967742,2405.5,0.0,71.80645161290323,54.0,31.0,0.0,11078.6566,23184.952,0.3635601261796011,0.31009901927266625,-0.08514525690367591
Ventura,2010-09-01,0.0,75.13333333333334,3.066666666666667,2213.6,0.0,70.16333333333334,54.5,27.0,0.0,14855.937,17655.3702,1.0906803785388035,0.7374895529707998,0.4273905336981335
Ventura,2010-10-01,2.17,76.64285714285714,3.1193548387096777,2319.8,0.0,67.4483870967742,53.5,15.0,0.0,26870.9631,27463.5018,0.848306961085736,0.6142700639092935,-0.12321948906150626
Ventura,2010-11-01,0.83,53.82758620689656,3.866666666666666,2784.2,0.0,59.77,34.0,13.0,0.0,22680.9787,31444.0741,1.5754272134449383,0.9460154284884237,0.3317453645791302
Ventura,2010-12-01,8.17,72.16129032258064,3.0290322580645164,2260.0,0.0,56.18709677419355,46.0,11.0,0.0,23791.1361,7607.6921,0.4847468349061348,0.39524427617634217,-0.5507711523120815
Ventura,2011-01-01,0.78,47.354838709677416,4.435483870967742,3299.1,0.0,54.89032258064516,25.5,14.0,0.0,24800.583,20692.7225,0.481896939111117,0.3933229826953749,-0.0019212934809672566
Ventura,2011-02-01,2.8200000000000003,60.285714285714285,4.182142857142857,2808.6,0.0,54.75,27.0,18.0,0.0,24572.035,16995.077,0.2409484695555585,0.2158759820368708,-0.1774470006585041
Ventura,2011-03-01,4.2700000000000005,71.70967741935483,3.5806451612903225,2664.2,0.0,59.483870967741936,36.0,15.0,0.0,32408.0034,20947.2421,0.963793878222234,0.6748782544359595,0.4590022723990887
Ventura,2011-04-01,0.04,68.13333333333334,3.75,2699.1,0.0,64.45666666666666,51.0,15.5,0.0,19185.9757,20817.0678,0.1204742347777792,0.11375201959712825,-0.5611262348388313
Ventura,2011-05-01,0.01,69.35483870967742,3.967741935483871,2958.0,0.0,65.46451612903226,54.5,25.0,0.0,12527.7845,16531.2551,0.481896939111117,0.3933229826953749,0.2795709630982467
Ventura,2011-06-01,0.01,79.16666666666667,3.6233333333333335,2607.6,0.0,68.20666666666666,55.5,20.5,0.0,11144.6635,29015.8993,0.481896939111117,0.3933229826953749,0.0
Ventura,2011-07-01,0.0,77.45161290322581,3.606451612903226,2682.3,0.0,73.37741935483871,55.5,28.0,0.0,7717.3363,35583.261,0.3614227043333377,0.3085302590876986,-0.08479272360767631
Ventura,2011-08-01,0.0,82.93548387096774,3.329032258064516,2476.7,0.0,72.71612903225805,55.0,31.0,0.0,10343.6613,32646.0527,0.2409484695555585,0.2158759820368708,-0.0926542770508278
Ventura,2011-09-01,0.01,84.03333333333333,3.11,2232.4,0.0,70.76666666666667,64.5,27.0,0.0,16624.2412,31071.2895,0.1204742347777792,0.11375201959712825,-0.10212396243974256
Ventura,2011-10-01,0.69,73.35483870967742,3.2,2386.5,0.0,66.80000000000001,54.5,22.0,0.0,14625.2993,35459.5332,0.3614227043333377,0.3085302590876986,0.19477823949057035
Ventura,2011-11-01,2.16,65.86666666666666,3.773333333333333,2715.0,0.0,58.17666666666666,43.0,16.5,0.0,17787.4891,39452.7484,0.2409484695555585,0.2158759820368708,-0.0926542770508278
Ventura,2011-12-01,0.48,54.29032258064516,3.948387096774194,2935.4,0.0,51.23870967741936,49.0,19.0,0.0,27123.1672,26890.5497,0.0,0.0,-0.2158759820368708
Ventura,2012-01-01,1.82,54.54838709677419,4.106451612903226,3058.1,1.0,53.76451612903226,45.0,21.0,0.0,21784.5257,31055.3917,0.8397836717261633,0.609647994994992,0.609647994994992
Ventura,2012-02-01,0.08,62.48275862068966,4.024137931034483,2797.2000000000003,0.0,55.43793103448276,43.0,18.0,0.0,36588.607,30300.2651,0.8397836717261633,0.609647994994992,0.0
Ventura,2012-03-01,2.72,69.03225806451613,3.687096774193548,2744.9,0.0,57.332258064516125,44.0,14.0,0.0,35795.9055,50611.3984,1.6795673434523266,0.9856553424797597,0.3760073474847677
Ventura,2012-04-01,0.47,71.23333333333333,3.77,2712.2000000000003,0.0,62.22,52.0,19.0,0.0,31972.6694,47948.8256,0.959752767687044,0.6728183263510596,-0.3128370161287001
Ventura,2012-05-01,0.0,78.06451612903226,3.56774193548387,2658.9,0.0,66.73225806451612,62.0,29.0,0.0,20995.392,31078.1997,0.8397836717261633,0.609647994994992,-0.06317033135606764
Ventura,2012-06-01,0.0,79.53333333333333,3.5966666666666667,2586.2,0.0,69.48666666666666,59.5,25.0,0.0,11170.0803,28745.05,0.4798763838435219,0.39195855985761147,-0.21768943513738054
Ventura,2012-07-01,0.0,79.74193548387096,3.57741935483871,2666.9,0.0,71.8225806451613,60.0,27.0,0.0,5346.0216,20300.1242,0.3599072878826414,0.3074165267497062,-0.08454203310790526
Ventura,2012-08-01,0.0,76.03225806451613,3.196774193548387,2380.8,0.0,74.02903225806452,59.5,31.5,0.0,9701.0779,21481.8438,0.8397836717261633,0.609647994994992,0.3022314682452858
Ventura,2012-09-01,0.0,78.23333333333333,2.64,1892.2,0.0,71.81666666666666,60.0,31.5,0.0,15055.2354,32253.2444,1.0797218636479244,0.7322341653719542,0.12258617037696218
Ventura,2012-10-01,0.11,68.7741935483871,3.2483870967741937,2415.8,0.0,67.3741935483871,51.0,27.0,0.0,14993.6048,27497.0866,0.2399381919217609,0.21506153315024465,-0.5171726322217095
Ventura,2012-11-01,1.13,73.33333333333333,2.606666666666667,1876.1,0.0,60.080000000000005,52.0,20.5,0.0,22935.9605,26169.2038,0.8397836717261633,0.609647994994992,0.3945864618447473
Ventura,2012-12-01,1.72,77.76666666666667,2.9064516129032256,2161.9,0.0,56.061290322580646,48.0,10.0,0.0,33338.953,21716.631,1.7995364394132072,1.029453846122601,0.41980585112760904
Ventura,2013-01-01,1.69,47.67741935483871,4.65483870967742,3465.6,0.0,51.37096774193548,33.0,14.0,0.0,30438.4575,23408.6965,0.4772665987357208,0.39019348742064325,-0.6392603587019579
Ventura,2013-02-01,0.22,62.142857142857146,3.871428571428571,2602.3,0.0,54.021428571428565,43.0,18.0,0.0,25220.3344,31666.6189,0.9545331974714416,0.6701513912544604,0.2799579038338172
Ventura,2013-03-01,0.85,77.19354838709677,3.364516129032258,2497.6,0.0,59.66129032258065,55.0,22.0,0.0,33418.9829,43066.7715,0.1193166496839302,0.11271836488860404,-0.5574330263658565
Ventura,2013-04-01,0.01,73.8,3.68,2656.2,0.0,63.57333333333334,54.0,31.0,0.0,22194.7643,26461.4191,0.1193166496839302,0.11271836488860404,0.0
Ventura,2013-05-01,0.17,74.35483870967742,3.596774193548387,2680.0,0.0,67.64838709677419,58.0,33.0,0.0,16232.3209,17093.9438,0.2386332993678604,0.21400859384303048,0.10129022895442644
Ventura,2013-06-01,0.0,79.36666666666666,3.43,2466.2,0.0,72.41000000000001,57.5,30.0,0.0,8254.3323,26412.9715,0.4772665987357208,0.39019348742064325,0.17618489357761277
Ventura,2013-07-01,0.13,82.16129032258064,3.303225806451613,2455.2,0.0,73.49354838709678,60.0,28.0,0.0,8612.3808,34868.0995,0.4772665987357208,0.39019348742064325,0.0
Ventura,2013-08-01,0.0,80.2258064516129,3.2193548387096773,2397.1,0.0,71.90322580645162,54.0,29.0,0.0,9596.8905,32933.0789,0.3579499490517905,0.305976172088949,-0.08421731533169424
Ventura,2013-09-01,0.0,73.4,3.1966666666666668,2300.2,0.0,70.66000000000001,54.5,29.5,0.0,17263.0813,23087.3786,0.0,0.0,-0.305976172088949
Ventura,2013-10-01,0.0,67.96774193548387,3.625806451612904,2700.4,0.0,63.11290322580645,59.0,31.0,0.0,18885.618,26744.1518,0.3579499490517905,0.305976172088949,0.305976172088949
Ventura,2013-11-01,0.39,62.3,3.4833333333333334,2519.2,0.0,59.41,48.5,23.0,0.0,22549.323,31283.3371,0.3579499490517905,0.305976172088949,0.0
Ventura,2013-12-01,0.26,44.903225806451616,4.32258064516129,3221.3,0.0,53.274193548387096,45.0,18.0,0.0,30763.7701,23078.5264,0.7158998981035811,0.5399376649257784,0.23396149283682943
Ventura,2014-01-01,0.0,50.70967741935484,3.787096774193549,2818.0,0.0,54.76129032258064,55.0,28.0,0.0,24282.4714,18872.5396,0.4747177209751652,0.3884665958670769,-0.15147106905870156
Ventura,2014-02-01,1.55,73.03571428571429,3.282142857142857,2208.9,0.0,56.896428571428565,51.0,19.0,0.0,35989.5543,24507.818,0.7120765814627478,0.5377070088819169,0.14924041301484003
Ventura,2014-03-01,0.5,70.35483870967742,3.770967741935483,2805.9,0.0,62.58709677419355,54.0,23.0,0.0,34525.1139,42435.5975,0.4747177209751652,0.3884665958670769,-0.14924041301484003
Ventura,2014-04-01,0.07,66.93333333333334,4.066666666666666,2928.3,0.0,64.52,51.0,23.5,0.0,24592.7603,17169.3402,0.5933971512189564,0.4658683100994429,0.07740171423236603
Ventura,2014-05-01,0.0,64.0,4.083870967741936,3037.6,0.0,67.6774193548387,56.0,31.0,0.0,16675.2104,15677.0885,0.3560382907313739,0.3045674271220071,-0.16130088297743583
Ventura,2014-06-01,0.0,80.1,3.51,2531.3,0.0,71.03333333333333,64.0,32.0,0.0,17056.5434,21965.0678,0.5933971512189564,0.4658683100994429,0.16130088297743583
Ventura,2014-07-01,0.0,71.84677419354838,3.2840725806451614,1456.4,0.0,75.688042269188,58.0,30.0,0.0,11965.5855,15992.7178,0.3560382907313739,0.3045674271220071,-0.16130088297743583
Ventura,2014-08-01,0.015,73.7741935483871,2.935483870967742,2183.3500000000004,0.0,75.25322580645161,57.0,28.0,0.0,15757.4782,28747.6574,0.0,0.0,-0.3045674271220071
Ventura,2014-09-01,0.0,70.89444444444445,3.365,2421.0,0.0,74.51666666666667,60.0,31.0,0.0,19506.4659,26219.3539,0.3560382907313739,0.3045674271220071,0.3045674271220071
Ventura,2014-10-01,0.27,66.5,3.2435483870967747,2412.55,0.0,69.83387096774194,55.0,31.0,0.0,22323.4767,40825.8544,0.5933971512189564,0.4658683100994429,0.16130088297743583
Ventura,2014-11-01,0.7749999999999999,51.36666666666666,3.563333333333333,2563.45,0.0,62.88666666666667,37.0,18.0,0.0,28672.0229,27971.6175,0.2373588604875826,0.21297915682502302,-0.25288915327441985
Ventura,2014-12-01,3.73,66.96774193548387,3.7774193548387096,2813.25,0.0,58.26451612903226,51.0,14.0,0.0,40417.4042,23909.723,0.2373588604875826,0.21297915682502302,0.0
Ventura,2015-01-01,1.77,53.70967741935483,4.137096774193548,3074.15,0.0,57.170967741935485,37.0,15.0,0.0,37915.0112,26886.3715,0.1181741153781158,0.11169710087003626,-0.10128205595498677
Ventura,2015-02-01,0.79,67.875,3.4803571428571427,2340.25,0.0,61.31712962962963,52.0,17.0,0.0,37574.4898,29731.1227,0.1181741153781158,0.11169710087003626,0.0
Ventura,2015-03-01,1.305,59.06666666666666,3.5580645161290323,2647.15,0.0,64.00021505376344,44.0,24.0,0.0,28866.5421,41488.0199,0.2363482307562316,0.21216205944825028,0.10046495857821403
Ventura,2015-04-01,0.885,59.37931034482759,3.083333333333333,2218.85,0.0,64.35833333333333,55.0,27.5,0.0,27408.7129,36272.1817,0.5908705768905791,0.46428139902642385,0.25211933957817356
Ventura,2015-05-01,1.275,75.16129032258064,3.8403225806451617,2851.6,0.0,65.95161290322581,58.0,21.0,0.0,23126.0158,35097.0392,0.2363482307562316,0.21216205944825028,-0.25211933957817356
Ventura,2015-06-01,1.425,75.81666666666666,3.568333333333334,2567.75,0.0,71.285,59.5,25.5,0.0,15948.5757,40445.0693,0.1181741153781158,0.11169710087003626,-0.10046495857821403
Ventura,2015-07-01,1.94,76.7741935483871,3.65,2717.35,0.0,74.16129032258064,55.0,26.0,0.0,11681.251,46498.1535,0.4726964615124632,0.3870950480258756,0.2753979471558393
Ventura,2015-08-01,1.475,72.85928809788655,3.45483870967742,2575.4,0.0,75.38870967741936,62.0,33.0,0.0,16890.5807,43668.2438,0.1181741153781158,0.11169710087003626,-0.2753979471558393
Ventura,2015-09-01,1.7900000000000005,67.90476190476191,3.325,2392.3,0.0,75.96000000000001,58.0,31.0,0.0,18772.2939,60413.6027,0.1181741153781158,0.11169710087003626,0.0
Ventura,2015-10-01,1.2,62.43387096774194,3.5,2602.5,0.0,72.27741935483871,52.0,28.0,0.0,23614.5877,39184.5732,1.0635670384030425,0.7244360573993067,0.6127389565292705
Ventura,2015-11-01,0.8099999999999999,40.98333333333333,4.326666666666666,3115.55,0.0,60.71666666666667,39.5,18.5,0.0,26212.8988,46148.7027,1.299915269159274,0.8328722827605453,0.10843622536123854
Ventura,2015-12-01,0.71,49.35483870967742,4.088709677419355,3038.4,0.0,54.251612903225805,50.0,13.0,0.0,30044.537,27778.7852,1.1817411537811582,0.7801232524093867,-0.05274903035115852
Ventura,2016-01-01,1.6800000000000002,65.12903225806451,3.7983870967741935,2825.0,0.0,54.4983870967742,49.0,13.0,0.0,33760.1869,31957.4717,0.2359475535777907,0.21183792575479188,-0.5682853266545949
Ventura,2016-02-01,1.145,43.40071428571429,4.755172413793104,3306.75,0.5,59.27931034482759,44.0,19.0,0.0,22770.0269,39879.074,0.2359475535777907,0.21183792575479188,0.0
Ventura,2016-03-01,2.655,69.51612903225806,3.85,2865.15,0.0,62.09193548387097,48.0,20.0,0.0,42416.2722,77712.3418,0.2359475535777907,0.21183792575479188,0.0
Ventura,2016-04-01,1.535,61.150000000000006,4.12,2969.05,0.0,64.89,54.0,25.0,0.0,37812.2352,64800.7681,0.1179737767888953,0.11151791899171928,-0.1003200067630726
Ventura,2016-05-01,1.215,77.37096774193549,3.8483870967741938,2862.55,0.0,66.07580645161289,55.0,22.0,0.0,24200.1471,52347.7322,0.0,0.0,-0.11151791899171928
Ventura,2016-06-01,1.025,74.68690476190477,3.6533333333333338,2627.75,0.0,70.84666666666666,64.0,32.0,0.0,21919.8718,61815.6924,0.1179737767888953,0.11151791899171928,0.11151791899171928
Ventura,2016-07-01,1.33,71.7258064516129,3.714516129032258,2766.95,0.0,74.05322580645162,60.0,33.0,0.0,18035.0184,66883.2214,0.3539213303666861,0.3030050711526976,0.1914871521609783
Ventura,2016-08-01,1.35,75.2258064516129,3.4854838709677423,2593.7,0.0,73.82096774193548,59.0,32.0,0.0,25345.837,52115.717,1.0617639911000585,0.7235619227396152,0.4205568515869176
Ventura,2016-09-01,1.18,66.99753694581281,3.525,2538.9,0.0,71.56833333333333,59.5,32.5,0.0,20356.6529,55120.3376,0.8258164375222675,0.6020272500233504,-0.12153467271626472
Ventura,2016-10-01,1.175,64.78333333333333,3.441935483870968,2480.2,0.0,67.12258064516129,47.0,24.0,0.0,24159.6,52419.1515,1.651632875044535,0.975175629499725,0.3731483794763746
Ventura,2016-11-01,0.94,50.66666666666667,3.721666666666666,2680.45,0.0,61.73130952380953,45.0,22.0,0.0,30630.8447,40258.9435,1.0617639911000585,0.7235619227396152,-0.25161370676010986
Ventura,2016-12-01,3.325,59.52741935483871,4.4967741935483865,3340.65,0.5,55.51935483870968,47.0,13.0,0.0,35618.3955,32810.4075,1.7696066518334306,1.018705307167654,0.2951433844280388
Ventura,2017-01-01,6.19,68.09677419354838,4.124193548387097,3066.3,0.5,54.26774193548387,37.0,11.0,0.0,31614.9756,45683.4662,1.4132511135241066,0.8809748481674305,-0.1377304590002234
Ventura,2017-02-01,2.31,79.369708994709,3.1375,2108.2,0.0,57.75178571428572,34.5,13.0,0.0,37135.3783,58701.1299,0.2355418522540177,0.21150962062310916,-0.6694652275443214
Ventura,2017-03-01,0.42,61.03225806451613,3.7225806451612895,2774.15,0.0,62.12741935483871,43.0,19.0,0.0,50114.7458,73242.1664,0.942167409016071,0.6638045705904441,0.4522949499673349
Ventura,2017-04-01,0.135,62.970689655172414,3.845,2767.1000000000004,0.0,64.40833333333333,51.5,27.0,0.0,29869.8933,49339.6997,0.3533127783810266,0.30255549644178287,-0.3612490741486612
Ventura,2017-05-01,0.285,72.53225806451613,3.570967741935484,2660.15,0.0,65.97258064516129,52.0,25.0,0.0,21006.2175,38570.8287,0.2355418522540177,0.21150962062310916,-0.09104587581867371
Ventura,2017-06-01,1.285,69.76176470588236,3.635,2611.75,0.0,70.16166666666668,58.0,28.0,0.0,20214.1316,70693.2935,1.05993833514308,0.7226760479568837,0.5111664273337745
Ventura,2017-07-01,1.255,68.44444444444446,3.491935483870968,2596.55,0.0,74.12903225806451,61.0,32.0,0.0,18293.1323,50658.2685,0.8243964828890622,0.6012492380356714,-0.12142680992121224
Ventura,2017-08-01,1.195,64.59821428571428,3.3596774193548384,2503.65,0.0,74.04193548387096,61.0,31.0,0.0,19358.1112,44989.4098,1.4132511135241066,0.8809748481674305,0.2797256101317591
Ventura,2017-09-01,1.025,43.96296296296296,3.5933333333333333,2585.2,0.0,72.04666666666665,55.0,30.0,0.0,33593.3254,60917.0322,3.062044079302231,1.4016863147246792,0.5207114665572486
Ventura,2017-10-01,1.055,50.82399425287356,4.004838709677419,2975.15,0.5,66.65967741935484,57.0,40.0,0.0,26672.4545,52384.0266,6.948484641493524,2.0729812993647396,0.6712949846400604
Ventura,2017-11-01,0.42,62.82183908045977,3.21,2309.75,0.0,62.88333333333334,48.0,23.5,0.0,21013.0673,44803.2777,6.477400936985488,2.0118852632878346,-0.06109603607690506
Ventura,2017-12-01,0.245,36.66129032258064,4.79516129032258,3563.15,0.0,56.25806451612903,87.0,41.0,0.0,17662.3346,32633.3176,7.30179741987455,2.1164720479689456,0.10458678468111104
Ventura,2018-01-01,1.3250000000000002,55.171505376344086,3.9483870967741934,2938.6,0.5,57.57360215053764,52.0,20.0,0.0,25989.2279,21788.1401,4.12648745135166,1.6344207173246932,-0.48205133064425243
Ventura,2018-02-01,0.79,50.82142857142857,4.010714285714285,2691.9,0.0,56.82678571428571,53.0,19.5,0.0,28602.1925,24017.2993,1.8863942634750448,1.0600080634517663,-0.5744126538729268
Ventura,2018-03-01,5.0200000000000005,69.59677419354838,3.612903225806451,2686.8,0.0,58.7,49.0,10.0,0.0,31637.8629,55940.0453,2.122193546409425,1.138535814537276,0.07852775108550958
Ventura,2018-04-01,1.1800000000000002,67.53448275862068,4.041666666666667,2906.45,0.0,63.65166666666666,58.0,30.0,0.0,31610.7926,31513.7545,1.532695339073474,0.9292840870677801,-0.20925172746949583
Ventura,2018-05-01,0.0,75.95860215053764,3.587096774193548,2666.15,0.0,65.30591397849462,55.0,22.0,0.0,21721.8238,20100.6682,0.7073978488031417,0.5349704856677404,-0.3943136014000397
Ventura,2018-06-01,0.0,74.68333333333334,3.418333333333333,2462.15,0.0,70.25333333333333,59.0,31.0,0.0,12059.9004,25163.617,0.8252974902703322,0.6017429821173399,0.06677249644959948
Ventura,2018-07-01,0.0,72.71455938697318,3.320967741935484,2470.3500000000004,0.0,75.38225806451612,58.0,33.0,0.0,10342.6296,18120.7794,0.7073978488031417,0.5349704856677404,-0.06677249644959948
Ventura,2018-08-01,0.04,73.46486175115209,3.040322580645161,2257.1000000000004,0.0,75.95967741935485,65.0,33.0,0.0,15888.9787,21800.3052,2.122193546409425,1.138535814537276,0.6035653288695355
Ventura,2018-09-01,0.075,76.4,3.065,2208.75,0.0,72.12666666666667,62.5,31.0,0.0,19640.5174,45511.1348,2.711691753745377,1.3114877709978254,0.1729519564605495
Ventura,2018-10-01,0.0,63.46774193548387,3.2806451612903227,2440.45,0.0,67.26935483870967,54.0,24.0,0.0,25137.5234,40089.6602,2.5937921122781864,1.2792079436940136,-0.03227982730381185
Ventura,2018-11-01,0.885,51.73333333333333,3.826666666666666,2756.3,0.0,60.30166666666667,52.0,31.5,0.0,21518.546,30113.8583,4.362286734286041,1.679390513633186,0.40018256993917234
Ventura,2018-12-01,1.81,58.322580645161295,4.046774193548387,3015.1,0.0,55.55967741935484,38.0,12.0,0.0,23838.6253,24994.671,3.654888885482899,1.5379180405156534,-0.14147247311753253
Ventura,2019-01-01,5.21,61.83870967741936,4.298387096774193,3194.15,0.0,54.79677419354839,40.0,11.0,0.0,26705.839,19254.8056,2.95761034548438,1.3756403950082918,-0.16227764550736157
Ventura,2019-02-01,5.285,72.44642857142858,3.8517857142857146,2588.4,0.0,53.05251322751323,28.0,8.0,0.0,24709.1462,29551.3859,2.95761034548438,1.3756403950082918,0.0
Ventura,2019-03-01,3.26,60.10541474654378,4.174193548387096,3103.5,0.0,58.70322580645161,26.0,15.0,0.0,29506.365,43992.3109,3.19421917312313,1.4337071898465557,0.058066794838263824
Ventura,2019-04-01,1.635,71.31785714285715,3.618333333333333,2608.8,0.0,63.35833333333333,46.0,22.5,0.0,33278.1713,33021.6966,2.484392690206879,1.248293765097605,-0.18541342474895073
Ventura,2019-05-01,1.92,69.67617866004963,3.864516129032258,2876.2,0.0,65.21290322580646,40.0,19.0,0.0,24307.159,38047.1745,2.602697104026254,1.2816827605180112,0.0333889954204063
Ventura,2019-06-01,0.01,81.65,3.591666666666667,2590.0,0.0,70.01666666666667,53.0,19.5,0.0,17369.6911,37523.6684,2.484392690206879,1.248293765097605,-0.0333889954204063
Ventura,2019-07-01,0.075,76.06451612903226,3.5387096774193547,2628.6,0.0,74.4274193548387,58.0,30.0,0.0,17056.3467,26747.4249,3.19421917312313,1.4337071898465557,0.18541342474895073
Ventura,2019-08-01,0.095,75.8225806451613,3.443548387096774,2564.7,0.0,73.63225806451612,53.0,28.0,0.0,13527.3755,29600.24,4.140654483678132,1.6371804028160015,0.20347321296944587
Ventura,2019-09-01,0.08,71.71666666666667,3.4366666666666665,2480.05,0.0,71.71333333333334,52.5,29.5,0.0,18133.8309,42787.4573,2.7210015178456293,1.3139928572777668,-0.3231875455382347
Ventura,2019-10-01,0.06,47.62096774193549,4.498387096774193,3347.8500000000004,1.0,63.6041816009558,48.0,34.0,0.0,17374.7147,27850.964,6.506742760065636,2.015801651328065,0.7018087940502982
Ventura,2019-11-01,2.955,60.21666666666667,3.575,2574.55,0.0,58.54333333333334,53.0,27.0,0.0,29078.5855,27039.1359,6.38843834624626,1.9999163927705008,-0.015885258557564175
Ventura,2019-12-01,4.205,63.64516129032258,3.916129032258064,2911.9,0.5,54.45483870967742,33.0,12.0,0.0,24155.8353,15737.6218,4.6138721389556325,1.7252407022894536,-0.27467569048104723
Ventura,2020-01-01,0.92,60.17741935483871,3.6,2677.35,0.0,53.93709677419355,24.0,14.0,0.0,22068.9126,16871.9094,4.029137776366262,1.6152485531888354,-0.10999214910061816
Ventura,2020-02-01,0.515,55.310344827586206,4.13103448275862,2872.05,0.0,55.11379310344827,37.0,20.0,0.0,26006.3365,18317.2412,2.4885850971673977,1.2494962377265222,-0.36575231546231324
Ventura,2020-03-01,3.26,74.2258064516129,3.548387096774193,2638.9,0.0,57.86935483870968,19.0,7.0,0.0,31123.2009,32975.4729,3.199609410643797,1.4349915234990276,0.1854952857725054
Ventura,2020-04-01,2.01,74.63793103448276,3.605,2594.1,0.0,63.14814814814815,36.0,19.0,0.0,28847.658,46052.0949,2.014568888183131,1.1034568309612616,-0.331534692537766
Ventura,2020-05-01,0.94,72.87875417130144,3.764516129032258,2800.35,0.0,68.14032258064518,49.0,25.0,0.0,21770.8312,26103.0056,1.6590567314449316,0.9779714476650722,-0.1254853832961894
Ventura,2020-06-01,1.395,75.94586894586894,3.838333333333334,2765.25,0.0,70.58500000000001,42.0,21.5,0.0,14703.5394,20698.804,2.133072940429198,1.1420142930361687,0.1640428453710966
Ventura,2020-07-01,0.905,74.45161290322581,3.4838709677419355,2591.75,0.0,73.7258064516129,51.0,22.0,0.0,10435.2571,17772.1934,2.4885850971673977,1.2494962377265222,0.10748194469035344
Ventura,2020-08-01,0.0,75.4217032967033,3.2451612903225806,2417.15,0.0,74.68387096774194,55.0,26.0,0.0,11946.3455,34792.4389,3.199609410643797,1.4349915234990276,0.1854952857725054
Ventura,2020-09-01,0.0,70.06551724137931,3.02,2173.2,0.0,71.065,64.5,39.5,0.0,21423.2379,43456.3569,2.014568888183131,1.1034568309612616,-0.331534692537766
Ventura,2020-10-01,0.0,61.822580645161295,3.256451612903226,2425.05,0.0,68.29516129032258,62.0,33.0,0.0,27596.1044,40973.2428,1.8960648359370649,1.0633528623726753,-0.040103968588586225
Ventura,2020-11-01,0.31,55.5,3.62,2609.45,0.0,59.07833333333333,37.5,20.5,0.0,27261.2254,24077.5119,3.08110535839773,1.4063678728994697,0.3430150105267944
Ventura,2020-12-01,1.1749999999999998,32.37916666666666,5.078673835125448,2211.65,0.5,54.48790322580645,31.0,20.0,0.0,18336.0312,24412.543,3.43661751513593,1.4898922651957849,0.08352439229631514
Ventura,2021-01-01,1.215,51.47343453510436,5.033179723502304,3097.25,2.0,54.1,25.5,15.0,0.0,21283.142,12691.1564,3.807832950368468,1.5702464525295798,0.08035418733379496
Ventura,2021-02-01,0.11,53.71428571428572,4.264285714285714,2865.6,0.0,55.76428571428571,33.0,18.5,0.0,23462.1133,11677.2479,2.6178851533783214,1.2858896433455433,-0.2843568091840365
Ventura,2021-03-01,0.5900000000000001,62.7483870967742,4.0112903225806456,2985.45,0.0,56.65,38.0,18.0,0.0,34451.9545,27095.126,2.736879933077336,1.3182510207598268,0.032361377414283465
Ventura,2021-04-01,0.045,67.15,3.7816666666666654,2719.0,0.0,62.56333333333333,53.5,30.5,0.0,35136.336,21971.7929,1.784921695485219,1.0242197564616076,-0.29403126429821924
Ventura,2021-05-01,0.055,75.88494623655913,3.7774193548387096,2813.65,0.0,66.81612903225806,56.0,26.0,0.0,18952.7121,8623.9746,2.141906034582263,1.1448296331425187,0.12060987668091117
Ventura,2021-06-01,0.075,73.98333333333332,3.68,2651.6000000000004,0.0,71.705,50.5,24.0,0.0,15965.0715,30735.2613,2.260900814281277,1.182003480607502,0.0371738474649832
Ventura,2021-07-01,1.35,76.40322580645162,3.425806451612903,2546.95,0.0,74.56290322580645,54.0,25.0,0.0,12434.6014,15682.9009,0.951958237592117,0.6688330930858618,-0.5131703875216401
Ventura,2021-08-01,1.25,74.82258064516128,3.283870967741936,2439.5,0.0,73.19677419354838,55.0,28.0,0.0,11440.5957,21319.9165,1.4279373563881752,0.8870420723653091,0.21820897927944727
Ventura,2021-09-01,1.19,76.3,3.085,2220.05,0.0,70.26666666666668,55.0,28.5,0.0,21581.2233,32127.0442,0.8329634578931022,0.6059340329758721,-0.28110803938943696
Ventura,2021-10-01,1.93,61.37096774193549,3.4225806451612906,2551.2,0.0,64.19193548387096,39.0,20.0,0.0,21851.6273,24802.5922,0.7139686781940876,0.5388115459094825,-0.06712248706638957
Ventura,2021-11-01,0.945,59.86666666666667,3.711666666666667,2674.95,1.0,60.873333333333335,34.5,21.0,0.0,24289.5715,24730.4878,0.8329634578931022,0.6059340329758721,0.06712248706638957
Ventura,2021-12-01,5.925,76.11290322580645,2.6870967741935483,1994.0,0.0,53.648387096774194,37.0,10.0,0.0,23964.9894,13252.1377,2.260900814281277,1.182003480607502,0.5760694476316298
Ventura,2022-01-01,0.23,44.516129032258064,2.9048387096774198,2162.8,0.0,53.83387096774194,27.0,15.0,11.0,19179.7528,7058.0019,1.8021914648212227,1.030401777065416,-0.15160170354208602
Ventura,2022-02-01,0.11,37.21428571428572,4.276785714285714,2873.65,0.0,55.60357142857143,25.5,19.5,168.0,22174.1492,8334.432,2.4029219530949635,1.2246344605202255,0.1942326834548096
Ventura,2022-03-01,1.045,58.64516129032258,3.982258064516129,2961.1000000000004,0.0,58.85483870967742,41.0,22.0,361.0,19229.4064,11435.0262,2.162629757785467,1.151403883341718,-0.07323057717850756
Ventura,2022-04-01,0.36,68.67063492063492,3.963333333333334,2847.0,0.0,63.22333333333333,51.0,25.0,127.0,22013.1422,10452.5535,3.3640907343329487,1.4734098593066878,0.3220059759649698
Ventura,2022-05-01,0.32,72.49610678531701,3.7532258064516126,2793.3500000000004,0.0,65.98709677419355,55.0,29.0,864.0,14953.4427,6741.8428,1.6820453671664743,0.9865797001401639,-0.48683015916652383
Ventura,2022-06-01,1.085,73.66666666666667,3.586666666666667,2583.6,0.0,70.90666666666667,56.0,28.5,4447.0,15827.5811,15165.4931,2.4029219530949635,1.2246344605202255,0.23805476038006157
Ventura,2022-07-01,2.075,75.69354838709677,3.5032258064516126,2606.6000000000004,0.0,73.5,51.0,25.0,597.0,10249.5554,13212.655,2.162629757785467,1.151403883341718,-0.07323057717850756
Ventura,2022-08-01,2.04,70.16129032258064,3.2870967741935484,2449.7,0.0,73.79354838709678,52.0,30.0,5757.0,12225.5636,11099.8585,2.282775855440215,1.188689361878642,0.0372854785369241
Ventura,2022-09-01,1.625,69.33128078817734,3.1083333333333334,2235.1000000000004,0.0,74.29833333333335,56.5,29.5,148.0,15948.9916,16723.7954,2.523068050749712,1.2593322153092799,0.07064285343063781
Ventura,2022-10-01,1.195,71.11290322580645,2.9064516129032256,2169.65,0.0,68.64677419354838,55.0,28.0,141.0,26847.1339,25307.9354,2.042483660130719,1.1126741753246863,-0.1466580399845936
Ventura,2022-11-01,2.085,49.36666666666667,4.108333333333333,2961.75,1.0,57.81333333333333,25.5,18.0,18.0,28780.6936,12098.2558,3.3640907343329487,1.4734098593066878,0.3607356839820015
Ventura,2022-12-01,3.515,69.11290322580645,3.091935483870968,2299.7,0.0,54.504838709677415,32.0,9.0,5.0,25556.6112,13385.1455,3.0036524413687045,1.3872070548304194,-0.08620280447626838
Ventura,2023-01-01,3.705,66.2741935483871,4.172580645161292,3101.35,0.0,53.06935483870968,29.0,13.0,4.0,23639.3299,2001.5181,2.418964683115626,1.229337781009086,-0.15786927382133342
Ventura,2023-02-01,2.155,56.10714285714286,4.228571428571429,2844.75,0.0,53.33392857142857,23.5,15.5,5.0,18731.9202,8035.3752,2.056119980648283,1.1171461312169322,-0.11219164979215379
Ventura,2023-03-01,3.455,76.2258064516129,3.482258064516129,2583.9,0.0,55.254838709677415,28.0,11.0,9.0,29898.1785,13003.4437,1.572327044025157,0.9448109538225702,-0.172335177394362
Ventura,2023-04-01,0.23,74.08333333333333,3.2316666666666665,2327.4,0.0,59.9347619047619,46.0,19.5,106.0,27415.0873,14869.354,1.088534107402032,0.7364624358737093,-0.2083485179488609
Ventura,2023-05-01,0.665,65.23339658444023,3.1725806451612906,2359.05,0.0,63.67258064516129,38.0,16.0,690.0,20187.0462,13000.2553,2.902757619738752,1.3616833852552062,0.6252209493814969
Ventura,2023-06-01,0.325,79.75,3.043333333333333,2191.0,0.0,65.4703448275862,42.5,18.0,1613.0,19768.8766,21300.1656,3.144654088050314,1.4218193322822756,0.06013594702706948
Ventura,2023-07-01,0.0,73.66129032258064,2.958064516129032,2201.25,0.0,71.93064516129033,55.0,28.0,12378.0,17929.3167,16043.7818,1.935171746492501,1.0767659682605295,-0.34505336402174613
Ventura,2023-08-01,3.2,77.53225806451613,2.7887096774193547,2073.5,0.0,73.06774193548387,48.0,22.0,28292.0,31101.7421,17028.8144,2.177068214804064,1.1559588265092045,0.07919285824867495
Ventura,2023-09-01,0.17,80.71666666666667,2.265,1633.25,0.0,70.20833333333334,53.0,24.5,312.0,38541.9624,19943.8257,3.144654088050314,1.4218193322822756,0.2658605057730712
Ventura,2023-10-01,0.0,65.43548387096774,2.72741935483871,2026.7,0.0,66.24354838709678,47.0,24.0,365.0,28168.3684,21146.0893,4.475084663763909,1.7002077392841732,0.2783884070018976
Ventura,2023-11-01,0.175,49.516666666666666,3.243333333333333,2337.95,1.0,59.861666666666665,36.5,20.0,639.0,21946.8971,17829.2941,6.047411707789066,1.9526604157671794,0.2524526764830062
Ventura,2023-12-01,1.98,62.935483870967744,2.7435483870967743,2041.75,0.0,56.6241935483871,46.0,19.0,379.0,28288.7768,11903.6661,5.321722302854378,1.8439916873073778,-0.10866872845980158
Ventura,2024-01-01,0.55,68.66129032258064,2.6580645161290324,1981.4,0.0,54.80967741935484,38.0,12.0,3.0,27290.86641602508,9465.81641039667,4.345506384273129,1.6762562797973584,-0.16773540751001947
Ventura,2024-02-01,4.8100000000000005,78.86206896551724,3.063793103448276,2136.95,0.0,55.70689655172414,24.0,8.0,2.0,28013.99749512958,14821.062370097872,2.6555872348335794,1.2962567464614538,-0.3799995333359045
Ventura,2024-03-01,2.975,75.43548387096774,3.883870967741936,2890.1000000000004,0.0,59.12903225806451,28.0,13.0,6.0,34767.02784865063,25528.70266351224,1.6899191494395505,0.9895111371916306,-0.3067456092698232
Ventura,2024-04-01,0.76,72.98333333333332,3.701666666666666,2664.1,0.0,61.98166666666667,37.0,18.0,739.0,33633.346186216295,18534.32381938891,2.052044681462311,1.115811753374781,0.12630061618315025
Ventura,2024-05-01,0.06,81.0,3.5758064516129027,2657.95,0.0,65.57741935483871,55.0,22.0,7713.0,24618.733648776793,13259.300207844679,2.534878724159326,1.2626789915915242,0.1468672382167433
Ventura,2024-06-01,0.0,77.5,3.4416666666666664,2483.8500000000004,0.0,70.72166666666666,52.5,23.0,26957.0,21662.11997022693,19419.543040224948,1.6899191494395505,0.9895111371916306,-0.27316785439989355
Ventura,2024-07-01,0.0,74.48387096774194,3.3758064516129034,2513.15,0.0,74.49354838709678,48.0,24.0,24704.0,18065.566438146074,16678.957195287698,2.534878724159326,1.2626789915915242,0.27316785439989355
Ventura,2024-08-01,1.85,71.90322580645162,3.314516129032258,2465.3500000000004,0.0,73.5241935483871,49.0,25.0,1459.0,22104.116039806875,18678.834494711937,2.6555872348335794,1.2962567464614538,0.033577754869929644
Ventura,2024-09-01,1.355,74.87183908045978,3.211666666666667,2316.4,0.0,71.30666666666667,47.5,23.0,74536.0,27889.530814474027,25564.38420586115,2.6555872348335794,1.2962567464614538,0.0
Ventura,2024-10-01,0.81,70.7741935483871,3.0354838709677416,2259.25,0.0,67.39838709677419,47.0,26.0,424.0,27576.80839109071,23251.75605334559,3.621255320227608,1.5306663825209732,0.23440963605951937
Ventura,2024-11-01,0.7250000000000001,53.56666666666666,3.706666666666667,2666.25,0.5,58.95666666666666,31.0,22.5,529.0,27435.931837977085,17417.08312909276,5.431882980341412,1.8612673383562843,0.3306009558353111
Ventura,2024-12-01,0.535,64.91559139784945,3.3645161290322583,2498.8,0.0,56.25645161290323,42.0,21.0,4213.0,27951.487623359437,9918.065807085284,4.949048937644397,1.7832313643686721,-0.0780359739876122
